<?xml version="1.0"?>
<root><form autocomplete="off" novalidate="novalidate" class="or clearfix" dir="ltr" id="woman_tt_followup_form">
    <!--This form was created by transforming a OpenRosa-flavored (X)Form using an XSLT sheet created by Enketo LLC.--><section class="form-logo"> </section><h3 id="form-title">&#x995;&#x9BF;&#x9B6;&#x9CB;&#x9B0;&#x9C0;/&#x9AE;&#x9B9;&#x9BF;&#x9B2;&#x9BE;&#x9B0; &#x99F;&#x9BF;&#x99F;&#x9BF; &#x9AB;&#x9B2;&#x9CB;&#x986;&#x9AA; &#x9AB;&#x9B0;&#x9CD;&#x9AE;</h3><select id="form-languages" data-default-lang="en"><option value="openmrs_code">openmrs_code</option> <option value="bn">Bengali</option> <option value="en">English</option> </select>


    <label class="note non-select "><span lang="openmrs_code" class="question-label " data-itext-id="/Woman_TT_Followup_Form/provider_location_note:label">-</span><span lang="bn" class="question-label " data-itext-id="/Woman_TT_Followup_Form/provider_location_note:label">&#x993;&#x9DF;&#x9BE;&#x9B0;&#x9CD;&#x9A1;&#x983;<span class="or-output" data-value=" /Woman_TT_Followup_Form/existing_Ward ">
    </span>, &#x9AC;&#x9CD;&#x9B2;&#x995; &#x9A8;&#x982;&#x983; <span class="or-output" data-value=" /Woman_TT_Followup_Form/existing_Block ">
    </span></span><span lang="en" class="question-label active" data-itext-id="/Woman_TT_Followup_Form/provider_location_note:label">Ward: <span class="or-output" data-value=" /Woman_TT_Followup_Form/existing_Ward ">
    </span>, Block: <span class="or-output" data-value=" /Woman_TT_Followup_Form/existing_Block ">
    </span></span><input type="text" name="/Woman_TT_Followup_Form/provider_location_note" data-type-xml="string" readonly="readonly"/></label>
    <label class="note non-select "><span lang="openmrs_code" class="question-label " data-itext-id="/Woman_TT_Followup_Form/epi_card_number_note:label">-</span><span lang="bn" class="question-label " data-itext-id="/Woman_TT_Followup_Form/epi_card_number_note:label">&#x987;&#x9AA;&#x9BF;&#x986;&#x987; &#x995;&#x9BE;&#x9B0;&#x9CD;&#x9A1; &#x9A8;&#x9AE;&#x9CD;&#x9AC;&#x9B0;&#x983; <span class="or-output" data-value=" /Woman_TT_Followup_Form/existing_epi_card_number ">
    </span></span><span lang="en" class="question-label active" data-itext-id="/Woman_TT_Followup_Form/epi_card_number_note:label">EPI Card Number: <span class="or-output" data-value=" /Woman_TT_Followup_Form/existing_epi_card_number ">
    </span></span><input type="text" name="/Woman_TT_Followup_Form/epi_card_number_note" required="required" data-type-xml="string" readonly="readonly"/></label>
    <label class="note non-select "><span lang="openmrs_code" class="question-label " data-itext-id="/Woman_TT_Followup_Form/first_name_note:label">-</span><span lang="bn" class="question-label " data-itext-id="/Woman_TT_Followup_Form/first_name_note:label">&#x9A8;&#x9BE;&#x9AE;&#x983; <span class="or-output" data-value=" /Woman_TT_Followup_Form/existing_first_name ">
    </span></span><span lang="en" class="question-label active" data-itext-id="/Woman_TT_Followup_Form/first_name_note:label">Name: <span class="or-output" data-value=" /Woman_TT_Followup_Form/existing_first_name ">
    </span></span><input type="text" name="/Woman_TT_Followup_Form/first_name_note" required="required" data-type-xml="string" readonly="readonly"/></label>
    <label class="note non-select "><span lang="openmrs_code" class="question-label " data-itext-id="/Woman_TT_Followup_Form/birth_date_note:label">-</span><span lang="bn" class="question-label " data-itext-id="/Woman_TT_Followup_Form/birth_date_note:label">&#x99C;&#x9A8;&#x9CD;&#x9AE;&#x9A4;&#x9BE;&#x9B0;&#x9BF;&#x996;&#x983; <span class="or-output" data-value=" /Woman_TT_Followup_Form/existing_birth_date ">
    </span> (<span class="or-output" data-value=" /Woman_TT_Followup_Form/existing_age ">
    </span> &#x9AC;&#x99B;&#x9B0;)</span><span lang="en" class="question-label active" data-itext-id="/Woman_TT_Followup_Form/birth_date_note:label">Birth date: <span class="or-output" data-value=" /Woman_TT_Followup_Form/existing_birth_date ">
    </span> (<span class="or-output" data-value=" /Woman_TT_Followup_Form/existing_age ">
    </span> years)</span><input type="text" name="/Woman_TT_Followup_Form/birth_date_note" data-type-xml="string" readonly="readonly"/></label>
    <label class="note non-select "><span lang="openmrs_code" class="question-label " data-itext-id="/Woman_TT_Followup_Form/father_name_note:label">-</span><span lang="bn" class="question-label " data-itext-id="/Woman_TT_Followup_Form/father_name_note:label">&#x9AA;&#x9BF;&#x9A4;&#x9BE;&#x9B0; &#x9A8;&#x9BE;&#x9AE;&#x983; <span class="or-output" data-value=" /Woman_TT_Followup_Form/existing_father_name ">
    </span></span><span lang="en" class="question-label active" data-itext-id="/Woman_TT_Followup_Form/father_name_note:label">Father's Name: <span class="or-output" data-value=" /Woman_TT_Followup_Form/existing_father_name ">
    </span></span><input type="text" name="/Woman_TT_Followup_Form/father_name_note" data-type-xml="string" readonly="readonly"/></label>
    <label class="note non-select "><span lang="openmrs_code" class="question-label " data-itext-id="/Woman_TT_Followup_Form/husband_name_note:label">-</span><span lang="bn" class="question-label " data-itext-id="/Woman_TT_Followup_Form/husband_name_note:label">&#x9B8;&#x9CD;&#x9AC;&#x9BE;&#x9AE;&#x9C0;&#x9B0; &#x9A8;&#x9BE;&#x9AE;&#x983; <span class="or-output" data-value=" /Woman_TT_Followup_Form/existing_husband_name ">
    </span></span><span lang="en" class="question-label active" data-itext-id="/Woman_TT_Followup_Form/husband_name_note:label">Husband's name: <span class="or-output" data-value=" /Woman_TT_Followup_Form/existing_husband_name ">
    </span></span><input type="text" name="/Woman_TT_Followup_Form/husband_name_note" data-type-xml="string" readonly="readonly"/></label>
    <label class="note non-select "><span lang="openmrs_code" class="question-label " data-itext-id="/Woman_TT_Followup_Form/address_note:label">-</span><span lang="bn" class="question-label " data-itext-id="/Woman_TT_Followup_Form/address_note:label">&#x9AC;&#x9B0;&#x9CD;&#x9A4;&#x9AE;&#x9BE;&#x9A8; &#x9A0;&#x9BF;&#x995;&#x9BE;&#x9A8;&#x9BE;&#x983; <span class="or-output" data-value=" /Woman_TT_Followup_Form/existing_Address_line ">
    </span></span><span lang="en" class="question-label active" data-itext-id="/Woman_TT_Followup_Form/address_note:label">Current Address: <span class="or-output" data-value=" /Woman_TT_Followup_Form/existing_Address_line ">
    </span></span><input type="text" name="/Woman_TT_Followup_Form/address_note" data-type-xml="string" readonly="readonly"/></label>
    <fieldset class="question simple-select "><fieldset><legend><span lang="openmrs_code" class="question-label " data-itext-id="/Woman_TT_Followup_Form/address_change:label">-</span><span lang="bn" class="question-label " data-itext-id="/Woman_TT_Followup_Form/address_change:label">&#x986;&#x9AA;&#x9A8;&#x9BE;&#x9B0; &#x9AC;&#x9BE;&#x9DC;&#x9C0;&#x9B0; &#x9A0;&#x9BF;&#x995;&#x9BE;&#x9A8;&#x9BE; &#x995;&#x9BF; &#x9AA;&#x9B0;&#x9BF;&#x9AC;&#x9B0;&#x9CD;&#x9A4;&#x9A8; &#x9B9;&#x9DF;&#x9C7;&#x99B;&#x9C7;?</span><span lang="en" class="question-label active" data-itext-id="/Woman_TT_Followup_Form/address_change:label">Has your home address changed?</span><span class="required">*</span>
    </legend><div class="option-wrapper"><label class=""><input type="radio" name="/Woman_TT_Followup_Form/address_change" data-name="/Woman_TT_Followup_Form/address_change" value="yes" required="required" data-type-xml="select1"/><span lang="openmrs_code" class="option-label " data-itext-id="/Woman_TT_Followup_Form/address_change/yes:label">-</span><span lang="bn" class="option-label " data-itext-id="/Woman_TT_Followup_Form/address_change/yes:label">&#x9B9;&#x9CD;&#x9AF;&#x9BE;&#x981;</span><span lang="en" class="option-label active" data-itext-id="/Woman_TT_Followup_Form/address_change/yes:label">Yes</span></label><label class=""><input type="radio" name="/Woman_TT_Followup_Form/address_change" data-name="/Woman_TT_Followup_Form/address_change" value="no" required="required" data-type-xml="select1"/><span lang="openmrs_code" class="option-label " data-itext-id="/Woman_TT_Followup_Form/address_change/no:label">-</span><span lang="bn" class="option-label " data-itext-id="/Woman_TT_Followup_Form/address_change/no:label">&#x9A8;&#x9BE;</span><span lang="en" class="option-label active" data-itext-id="/Woman_TT_Followup_Form/address_change/no:label">No</span></label></div></fieldset><span class="or-constraint-msg active" lang="" data-i18n="constraint.invalid">Value not allowed</span><span class="or-required-msg active" lang="" data-i18n="constraint.required">This field is required</span></fieldset>
    <label class="question or-branch pre-init non-select "><span lang="openmrs_code" class="question-label " data-itext-id="/Woman_TT_Followup_Form/address1:label">-</span><span lang="bn" class="question-label " data-itext-id="/Woman_TT_Followup_Form/address1:label">&#x9AC;&#x9BE;&#x9DC;&#x9C0;&#x9B0; &#x9A0;&#x9BF;&#x995;&#x9BE;&#x9A8;&#x9BE;</span><span lang="en" class="question-label active" data-itext-id="/Woman_TT_Followup_Form/address1:label">Home Address</span><input type="text" name="/Woman_TT_Followup_Form/address1" data-relevant="selected( /Woman_TT_Followup_Form/address_change , 'yes')" data-type-xml="string"/><span class="or-constraint-msg active" lang="" data-i18n="constraint.invalid">Value not allowed</span></label>
    <label class="question or-branch pre-init non-select "><span lang="openmrs_code" class="question-label " data-itext-id="/Woman_TT_Followup_Form/landmark:label">-</span><span lang="bn" class="question-label " data-itext-id="/Woman_TT_Followup_Form/landmark:label">&#x9B2;&#x9CD;&#x9AF;&#x9BE;&#x9A8;&#x9CD;&#x9A1;&#x9AE;&#x9BE;&#x9B0;&#x9CD;&#x995;</span><span lang="en" class="question-label active" data-itext-id="/Woman_TT_Followup_Form/landmark:label">Land Mark</span><input type="text" name="/Woman_TT_Followup_Form/landmark" data-relevant="selected( /Woman_TT_Followup_Form/address_change , 'yes')" data-type-xml="string"/><span class="or-constraint-msg active" lang="" data-i18n="constraint.invalid">Value not allowed</span></label>
    <label class="question non-select "><span lang="openmrs_code" class="question-label " data-itext-id="/Woman_TT_Followup_Form/center_gps:label">-</span><span lang="bn" class="question-label " data-itext-id="/Woman_TT_Followup_Form/center_gps:label">&#x99C;&#x9BF; &#x9AA;&#x9BF; &#x98F;&#x9B8;</span><span lang="en" class="question-label active" data-itext-id="/Woman_TT_Followup_Form/center_gps:label">Collect GPS coordinates of data entry location:</span><span lang="" class="or-hint active">GPS coordinates can only be collected when outside.</span><input type="text" name="/Woman_TT_Followup_Form/center_gps" data-type-xml="geopoint"/><span class="or-constraint-msg active" lang="" data-i18n="constraint.invalid">Value not allowed</span></label>
    <label class="question non-select "><span lang="openmrs_code" class="question-label " data-itext-id="/Woman_TT_Followup_Form/contact_phone_number:label">-</span><span lang="bn" class="question-label " data-itext-id="/Woman_TT_Followup_Form/contact_phone_number:label">&#x9AE;&#x9CB;&#x9AC;&#x9BE;&#x987;&#x9B2; &#x9A8;&#x9AE;&#x9CD;&#x9AC;&#x9B0;&#x983; <span class="or-output" data-value=" /Woman_TT_Followup_Form/existing_contact_phone_number ">
    </span></span><span lang="en" class="question-label active" data-itext-id="/Woman_TT_Followup_Form/contact_phone_number:label">Mobile Number: <span class="or-output" data-value=" /Woman_TT_Followup_Form/existing_contact_phone_number ">
    </span></span><span class="required">*</span><input type="text" name="/Woman_TT_Followup_Form/contact_phone_number" required="required" data-constraint="regex(., '^[0-9]{11}$')" data-type-xml="string"/><span lang="openmrs_code" class="or-constraint-msg " data-itext-id="/Woman_TT_Followup_Form/contact_phone_number:jr:constraintMsg">-</span><span lang="bn" class="or-constraint-msg " data-itext-id="/Woman_TT_Followup_Form/contact_phone_number:jr:constraintMsg">&#x985;&#x9A8;&#x9C1;&#x997;&#x9CD;&#x9B0;&#x9B9; &#x995;&#x9B0;&#x9C7; &#x9E7;&#x9E7; &#x9A1;&#x9BF;&#x99C;&#x9BF;&#x99F;&#x9C7;&#x9B0; &#x9AE;&#x9CB;&#x9AC;&#x9BE;&#x987;&#x9B2; &#x9A8;&#x9AE;&#x9CD;&#x9AC;&#x9B0; &#x99F;&#x9BE;&#x987;&#x9AA; &#x995;&#x9B0;&#x9C1;&#x9A8;</span><span lang="en" class="or-constraint-msg active" data-itext-id="/Woman_TT_Followup_Form/contact_phone_number:jr:constraintMsg">Phone number should be 11 digits</span><span class="or-required-msg active" lang="" data-i18n="constraint.required">This field is required</span></label>
    <fieldset class="question simple-select "><fieldset><legend><span lang="openmrs_code" class="question-label " data-itext-id="/Woman_TT_Followup_Form/marriage:label">-</span><span lang="bn" class="question-label " data-itext-id="/Woman_TT_Followup_Form/marriage:label">&#x9AC;&#x9C8;&#x9AC;&#x9BE;&#x9B9;&#x9BF;&#x995; &#x985;&#x9AC;&#x9B8;&#x9CD;&#x9A5;&#x9BE;&#x983; <span class="or-output" data-value=" /Woman_TT_Followup_Form/existing_marital_status ">
    </span></span><span lang="en" class="question-label active" data-itext-id="/Woman_TT_Followup_Form/marriage:label">Marital Status: <span class="or-output" data-value=" /Woman_TT_Followup_Form/existing_marital_status ">
    </span></span><span class="required">*</span>
    </legend><div class="option-wrapper"><label class=""><input type="radio" name="/Woman_TT_Followup_Form/marriage" data-name="/Woman_TT_Followup_Form/marriage" value="yes" required="required" data-type-xml="select1"/><span lang="openmrs_code" class="option-label " data-itext-id="/Woman_TT_Followup_Form/marriage/yes:label">-</span><span lang="bn" class="option-label " data-itext-id="/Woman_TT_Followup_Form/marriage/yes:label">&#x9B9;&#x9CD;&#x9AF;&#x9BE;&#x981;</span><span lang="en" class="option-label active" data-itext-id="/Woman_TT_Followup_Form/marriage/yes:label">Yes</span></label><label class=""><input type="radio" name="/Woman_TT_Followup_Form/marriage" data-name="/Woman_TT_Followup_Form/marriage" value="no" required="required" data-type-xml="select1"/><span lang="openmrs_code" class="option-label " data-itext-id="/Woman_TT_Followup_Form/marriage/no:label">-</span><span lang="bn" class="option-label " data-itext-id="/Woman_TT_Followup_Form/marriage/no:label">&#x9A8;&#x9BE;</span><span lang="en" class="option-label active" data-itext-id="/Woman_TT_Followup_Form/marriage/no:label">No</span></label></div></fieldset><span class="or-constraint-msg active" lang="" data-i18n="constraint.invalid">Value not allowed</span><span class="or-required-msg active" lang="" data-i18n="constraint.required">This field is required</span></fieldset>
    <label class="question or-branch pre-init non-select "><span lang="openmrs_code" class="question-label " data-itext-id="/Woman_TT_Followup_Form/husband_name:label">-</span><span lang="bn" class="question-label " data-itext-id="/Woman_TT_Followup_Form/husband_name:label">&#x9B8;&#x9CD;&#x9AC;&#x9BE;&#x9AE;&#x9C0;&#x9B0; &#x9A8;&#x9BE;&#x9AE;&#x983; <span class="or-output" data-value=" /Woman_TT_Followup_Form/existing_husband_name ">
    </span></span><span lang="en" class="question-label active" data-itext-id="/Woman_TT_Followup_Form/husband_name:label">Husband's Name: <span class="or-output" data-value=" /Woman_TT_Followup_Form/existing_husband_name ">
    </span></span><span class="required">*</span><input type="text" name="/Woman_TT_Followup_Form/husband_name" required="required" data-constraint="regex(., '^[a-zA-Z\s\.\-]{3,25}$')" data-relevant="selected( /Woman_TT_Followup_Form/marriage , 'yes')" data-type-xml="string"/><span lang="openmrs_code" class="or-constraint-msg " data-itext-id="/Woman_TT_Followup_Form/husband_name:jr:constraintMsg">-</span><span lang="bn" class="or-constraint-msg " data-itext-id="/Woman_TT_Followup_Form/husband_name:jr:constraintMsg">-</span><span lang="en" class="or-constraint-msg active" data-itext-id="/Woman_TT_Followup_Form/husband_name:jr:constraintMsg">Invalid data entered</span><span class="or-required-msg active" lang="" data-i18n="constraint.required">This field is required</span></label>
    <fieldset class="question simple-select or-branch pre-init "><fieldset><legend><span lang="openmrs_code" class="question-label " data-itext-id="/Woman_TT_Followup_Form/pregnant:label">-</span><span lang="bn" class="question-label " data-itext-id="/Woman_TT_Followup_Form/pregnant:label">&#x997;&#x9B0;&#x9CD;&#x9AD;&#x9BE;&#x9AC;&#x9B8;&#x9CD;&#x9A5;&#x9BE;&#x983; <span class="or-output" data-value=" /Woman_TT_Followup_Form/existing_pregnancy_status ">
    </span></span><span lang="en" class="question-label active" data-itext-id="/Woman_TT_Followup_Form/pregnant:label">Pregnancy Status: <span class="or-output" data-value=" /Woman_TT_Followup_Form/existing_pregnancy_status ">
    </span></span>
    </legend><div class="option-wrapper"><label class=""><input type="radio" name="/Woman_TT_Followup_Form/pregnant" data-name="/Woman_TT_Followup_Form/pregnant" value="yes" data-relevant="selected( /Woman_TT_Followup_Form/marriage , 'yes')" data-type-xml="select1"/><span lang="openmrs_code" class="option-label " data-itext-id="/Woman_TT_Followup_Form/pregnant/yes:label">-</span><span lang="bn" class="option-label " data-itext-id="/Woman_TT_Followup_Form/pregnant/yes:label">&#x9B9;&#x9CD;&#x9AF;&#x9BE;&#x981;</span><span lang="en" class="option-label active" data-itext-id="/Woman_TT_Followup_Form/pregnant/yes:label">Yes</span></label><label class=""><input type="radio" name="/Woman_TT_Followup_Form/pregnant" data-name="/Woman_TT_Followup_Form/pregnant" value="no" data-relevant="selected( /Woman_TT_Followup_Form/marriage , 'yes')" data-type-xml="select1"/><span lang="openmrs_code" class="option-label " data-itext-id="/Woman_TT_Followup_Form/pregnant/no:label">-</span><span lang="bn" class="option-label " data-itext-id="/Woman_TT_Followup_Form/pregnant/no:label">&#x9A8;&#x9BE;</span><span lang="en" class="option-label active" data-itext-id="/Woman_TT_Followup_Form/pregnant/no:label">No</span></label></div></fieldset><span class="or-constraint-msg active" lang="" data-i18n="constraint.invalid">Value not allowed</span></fieldset>
    <fieldset class="question simple-select or-branch pre-init "><fieldset><legend><span lang="openmrs_code" class="question-label " data-itext-id="/Woman_TT_Followup_Form/edd_lmp:label">-</span><span lang="bn" class="question-label " data-itext-id="/Woman_TT_Followup_Form/edd_lmp:label">&#x986;&#x9AA;&#x9A8;&#x9BF; &#x995;&#x9BF; &#x986;&#x9AA;&#x9A8;&#x9BE;&#x9B0; &#x9B6;&#x9C7;&#x9B7; &#x9AE;&#x9BE;&#x9B8;&#x9BF;&#x995;&#x9C7;&#x9B0; &#x9A4;&#x9BE;&#x9B0;&#x9BF;&#x996;, EDD, &#x9B6;&#x9C7;&#x9B7; &#x986;&#x9B2;&#x9CD;&#x99F;&#x9CD;&#x9B0;&#x9BE;&#x9B8;&#x9BE;&#x989;&#x9A8;&#x9CD;&#x9A1;&#x9C7;&#x9B0; &#x9A4;&#x9BE;&#x9B0;&#x9BF;&#x996; &#x99C;&#x9BE;&#x9A8;&#x9C7;&#x9A8;?</span><span lang="en" class="question-label active" data-itext-id="/Woman_TT_Followup_Form/edd_lmp:label">Do you know your LMP, EDD or last Ultrasound information?</span>
    </legend><div class="option-wrapper"><label class=""><input type="radio" name="/Woman_TT_Followup_Form/edd_lmp" data-name="/Woman_TT_Followup_Form/edd_lmp" value="edd" data-relevant="selected ( /Woman_TT_Followup_Form/pregnant , 'yes')" data-type-xml="select1"/><span lang="openmrs_code" class="option-label " data-itext-id="/Woman_TT_Followup_Form/edd_lmp/edd:label">-</span><span lang="bn" class="option-label " data-itext-id="/Woman_TT_Followup_Form/edd_lmp/edd:label">&#x987;&#x9A1;&#x9BF;&#x9A1;&#x9BF;</span><span lang="en" class="option-label active" data-itext-id="/Woman_TT_Followup_Form/edd_lmp/edd:label">EDD</span></label><label class=""><input type="radio" name="/Woman_TT_Followup_Form/edd_lmp" data-name="/Woman_TT_Followup_Form/edd_lmp" value="lmp" data-relevant="selected ( /Woman_TT_Followup_Form/pregnant , 'yes')" data-type-xml="select1"/><span lang="openmrs_code" class="option-label " data-itext-id="/Woman_TT_Followup_Form/edd_lmp/lmp:label">-</span><span lang="bn" class="option-label " data-itext-id="/Woman_TT_Followup_Form/edd_lmp/lmp:label">&#x98F;&#x9B2; &#x98F;&#x9AE; &#x9AA;&#x9BF;</span><span lang="en" class="option-label active" data-itext-id="/Woman_TT_Followup_Form/edd_lmp/lmp:label">LMP</span></label><label class=""><input type="radio" name="/Woman_TT_Followup_Form/edd_lmp" data-name="/Woman_TT_Followup_Form/edd_lmp" value="ultrasound" data-relevant="selected ( /Woman_TT_Followup_Form/pregnant , 'yes')" data-type-xml="select1"/><span lang="openmrs_code" class="option-label " data-itext-id="/Woman_TT_Followup_Form/edd_lmp/ultrasound:label">-</span><span lang="bn" class="option-label " data-itext-id="/Woman_TT_Followup_Form/edd_lmp/ultrasound:label">&#x986;&#x9B2;&#x9CD;&#x99F;&#x9CD;&#x9B0;&#x9BE;&#x9B8;&#x9BE;&#x989;&#x9A8;&#x9CD;&#x9A1;</span><span lang="en" class="option-label active" data-itext-id="/Woman_TT_Followup_Form/edd_lmp/ultrasound:label">Ultrasound</span></label><label class=""><input type="radio" name="/Woman_TT_Followup_Form/edd_lmp" data-name="/Woman_TT_Followup_Form/edd_lmp" value="none" data-relevant="selected ( /Woman_TT_Followup_Form/pregnant , 'yes')" data-type-xml="select1"/><span lang="openmrs_code" class="option-label " data-itext-id="/Woman_TT_Followup_Form/edd_lmp/none:label">-</span><span lang="bn" class="option-label " data-itext-id="/Woman_TT_Followup_Form/edd_lmp/none:label">&#x995;&#x9CB;&#x9A8;&#x99F;&#x9BF; &#x9A8;&#x9BE;</span><span lang="en" class="option-label active" data-itext-id="/Woman_TT_Followup_Form/edd_lmp/none:label">None of the above</span></label></div></fieldset><span class="or-constraint-msg active" lang="" data-i18n="constraint.invalid">Value not allowed</span></fieldset>
    <label class="question or-branch pre-init non-select "><span lang="openmrs_code" class="question-label " data-itext-id="/Woman_TT_Followup_Form/edd:label">-</span><span lang="bn" class="question-label " data-itext-id="/Woman_TT_Followup_Form/edd:label">EDD</span><span lang="en" class="question-label active" data-itext-id="/Woman_TT_Followup_Form/edd:label">EDD</span><input type="date" name="/Woman_TT_Followup_Form/edd" data-constraint=".&gt;= /Woman_TT_Followup_Form/today " data-relevant="selected ( /Woman_TT_Followup_Form/edd_lmp , 'edd')" data-type-xml="date"/><span lang="openmrs_code" class="or-constraint-msg " data-itext-id="/Woman_TT_Followup_Form/edd:jr:constraintMsg">-</span><span lang="bn" class="or-constraint-msg " data-itext-id="/Woman_TT_Followup_Form/edd:jr:constraintMsg">-</span><span lang="en" class="or-constraint-msg active" data-itext-id="/Woman_TT_Followup_Form/edd:jr:constraintMsg">EDD cannot be in the past</span></label>
    <label class="question or-branch pre-init non-select "><span lang="openmrs_code" class="question-label " data-itext-id="/Woman_TT_Followup_Form/lmp:label">-</span><span lang="bn" class="question-label " data-itext-id="/Woman_TT_Followup_Form/lmp:label">&#x9B6;&#x9C7;&#x9B7; &#x9AE;&#x9BE;&#x9B8;&#x9BF;&#x995;&#x9C7;&#x9B0; &#x9A4;&#x9BE;&#x9B0;&#x9BF;&#x996;</span><span lang="en" class="question-label active" data-itext-id="/Woman_TT_Followup_Form/lmp:label">LMP</span><input type="date" name="/Woman_TT_Followup_Form/lmp" data-constraint=".&lt;= /Woman_TT_Followup_Form/today " data-relevant="selected ( /Woman_TT_Followup_Form/edd_lmp , 'lmp')" data-type-xml="date"/><span lang="openmrs_code" class="or-constraint-msg " data-itext-id="/Woman_TT_Followup_Form/lmp:jr:constraintMsg">-</span><span lang="bn" class="or-constraint-msg " data-itext-id="/Woman_TT_Followup_Form/lmp:jr:constraintMsg">-</span><span lang="en" class="or-constraint-msg active" data-itext-id="/Woman_TT_Followup_Form/lmp:jr:constraintMsg">LMP cannot be in the future</span></label>
    <label class="question or-branch pre-init non-select "><span lang="openmrs_code" class="question-label " data-itext-id="/Woman_TT_Followup_Form/ultrasound_date:label">-</span><span lang="bn" class="question-label " data-itext-id="/Woman_TT_Followup_Form/ultrasound_date:label">&#x9B6;&#x9C7;&#x9B7; &#x986;&#x9B2;&#x9CD;&#x99F;&#x9CD;&#x9B0;&#x9BE;&#x9B8;&#x9BE;&#x989;&#x9A8;&#x9CD;&#x9A1;&#x9C7;&#x9B0; &#x9A4;&#x9BE;&#x9B0;&#x9BF;&#x996;</span><span lang="en" class="question-label active" data-itext-id="/Woman_TT_Followup_Form/ultrasound_date:label">Ultrasound Date</span><input type="date" name="/Woman_TT_Followup_Form/ultrasound_date" data-relevant="selected ( /Woman_TT_Followup_Form/edd_lmp , 'ultrasound')" data-type-xml="date"/><span class="or-constraint-msg active" lang="" data-i18n="constraint.invalid">Value not allowed</span></label>
    <label class="question or-branch pre-init non-select "><span lang="openmrs_code" class="question-label " data-itext-id="/Woman_TT_Followup_Form/ultrasound_weeks:label">-</span><span lang="bn" class="question-label " data-itext-id="/Woman_TT_Followup_Form/ultrasound_weeks:label">&#x986;&#x9B2;&#x9CD;&#x99F;&#x9CD;&#x9B0;&#x9BE;&#x9B8;&#x9BE;&#x989;&#x9A8;&#x9CD;&#x9A1;&#x9C7;&#x9B0; &#x9AE;&#x9BE;&#x9A7;&#x9CD;&#x9AF;&#x9AE;&#x9C7; &#x9A8;&#x9BF;&#x9B0;&#x9CD;&#x9A7;&#x9BE;&#x9B0;&#x9BF;&#x9A4; GA</span><span lang="en" class="question-label active" data-itext-id="/Woman_TT_Followup_Form/ultrasound_weeks:label">Gestational age determined by ultrasound</span><input type="number" name="/Woman_TT_Followup_Form/ultrasound_weeks" data-relevant="selected ( /Woman_TT_Followup_Form/edd_lmp , 'ultrasound')" data-type-xml="int"/><span class="or-constraint-msg active" lang="" data-i18n="constraint.invalid">Value not allowed</span></label>
    <label class="note or-branch pre-init non-select "><span lang="openmrs_code" class="question-label " data-itext-id="/Woman_TT_Followup_Form/final_edd_note:label">-</span><span lang="bn" class="question-label " data-itext-id="/Woman_TT_Followup_Form/final_edd_note:label">EDD: <span class="or-output" data-value=" /Woman_TT_Followup_Form/final_edd ">
    </span></span><span lang="en" class="question-label active" data-itext-id="/Woman_TT_Followup_Form/final_edd_note:label">EDD: <span class="or-output" data-value=" /Woman_TT_Followup_Form/final_edd ">
    </span></span><input type="text" name="/Woman_TT_Followup_Form/final_edd_note" data-relevant="selected ( /Woman_TT_Followup_Form/pregnant , 'yes')" data-type-xml="string" readonly="readonly"/></label>
    <label class="note or-branch pre-init non-select "><span lang="openmrs_code" class="question-label " data-itext-id="/Woman_TT_Followup_Form/final_lmp_note:label">-</span><span lang="bn" class="question-label " data-itext-id="/Woman_TT_Followup_Form/final_lmp_note:label">&#x9B6;&#x9C7;&#x9B7; &#x9AE;&#x9BE;&#x9B8;&#x9BF;&#x995;&#x9C7;&#x9B0; &#x9A4;&#x9BE;&#x9B0;&#x9BF;&#x996;: <span class="or-output" data-value=" /Woman_TT_Followup_Form/final_lmp ">
    </span></span><span lang="en" class="question-label active" data-itext-id="/Woman_TT_Followup_Form/final_lmp_note:label">LMP: <span class="or-output" data-value=" /Woman_TT_Followup_Form/final_lmp ">
    </span></span><input type="text" name="/Woman_TT_Followup_Form/final_lmp_note" data-relevant="selected ( /Woman_TT_Followup_Form/pregnant , 'yes')" data-type-xml="string" readonly="readonly"/></label>
    <label class="note or-branch pre-init non-select "><span lang="openmrs_code" class="question-label " data-itext-id="/Woman_TT_Followup_Form/final_ga_note:label">-</span><span lang="bn" class="question-label " data-itext-id="/Woman_TT_Followup_Form/final_ga_note:label">GA: <span class="or-output" data-value=" /Woman_TT_Followup_Form/final_ga ">
    </span> weeks</span><span lang="en" class="question-label active" data-itext-id="/Woman_TT_Followup_Form/final_ga_note:label">GA: <span class="or-output" data-value=" /Woman_TT_Followup_Form/final_ga ">
    </span> weeks</span><input type="text" name="/Woman_TT_Followup_Form/final_ga_note" data-relevant="selected ( /Woman_TT_Followup_Form/pregnant , 'yes')" data-type-xml="string" readonly="readonly"/></label>
    <label class="note or-branch pre-init non-select "><span lang="openmrs_code" class="question-label " data-itext-id="/Woman_TT_Followup_Form/tt1_note:label">-</span><span lang="bn" class="question-label " data-itext-id="/Woman_TT_Followup_Form/tt1_note:label">&#x99F;&#x9BF;&#x99F;&#x9BF;&#x9E7;&#x983;<span class="or-output" data-value=" /Woman_TT_Followup_Form/e_tt1 ">
    </span></span><span lang="en" class="question-label active" data-itext-id="/Woman_TT_Followup_Form/tt1_note:label">TT1: <span class="or-output" data-value=" /Woman_TT_Followup_Form/e_tt1 ">
    </span></span><input type="text" name="/Woman_TT_Followup_Form/tt1_note" data-relevant=" /Woman_TT_Followup_Form/e_tt1  != ''" data-type-xml="string" readonly="readonly"/></label>
    <label class="note or-branch pre-init non-select "><span lang="openmrs_code" class="question-label " data-itext-id="/Woman_TT_Followup_Form/tt2_note:label">-</span><span lang="bn" class="question-label " data-itext-id="/Woman_TT_Followup_Form/tt2_note:label">&#x99F;&#x9BF;&#x99F;&#x9BF;&#x9E8;&#x983;<span class="or-output" data-value=" /Woman_TT_Followup_Form/e_tt2 ">
    </span></span><span lang="en" class="question-label active" data-itext-id="/Woman_TT_Followup_Form/tt2_note:label">TT2: <span class="or-output" data-value=" /Woman_TT_Followup_Form/e_tt2 ">
    </span></span><input type="text" name="/Woman_TT_Followup_Form/tt2_note" data-relevant=" /Woman_TT_Followup_Form/e_tt2  != ''" data-type-xml="string" readonly="readonly"/></label>
    <label class="note or-branch pre-init non-select "><span lang="openmrs_code" class="question-label " data-itext-id="/Woman_TT_Followup_Form/tt3_note:label">-</span><span lang="bn" class="question-label " data-itext-id="/Woman_TT_Followup_Form/tt3_note:label">&#x99F;&#x9BF;&#x99F;&#x9BF;&#x9E9; &#x983;<span class="or-output" data-value=" /Woman_TT_Followup_Form/e_tt3 ">
    </span></span><span lang="en" class="question-label active" data-itext-id="/Woman_TT_Followup_Form/tt3_note:label">TT3: <span class="or-output" data-value=" /Woman_TT_Followup_Form/e_tt3 ">
    </span></span><input type="text" name="/Woman_TT_Followup_Form/tt3_note" data-relevant=" /Woman_TT_Followup_Form/e_tt3  != ''" data-type-xml="string" readonly="readonly"/></label>
    <label class="note or-branch pre-init non-select "><span lang="openmrs_code" class="question-label " data-itext-id="/Woman_TT_Followup_Form/tt4_note:label">-</span><span lang="bn" class="question-label " data-itext-id="/Woman_TT_Followup_Form/tt4_note:label">&#x99F;&#x9BF;&#x99F;&#x9BF;&#x9EA; &#x983;<span class="or-output" data-value=" /Woman_TT_Followup_Form/e_tt4 ">
    </span></span><span lang="en" class="question-label active" data-itext-id="/Woman_TT_Followup_Form/tt4_note:label">TT4: <span class="or-output" data-value=" /Woman_TT_Followup_Form/e_tt4 ">
    </span></span><input type="text" name="/Woman_TT_Followup_Form/tt4_note" data-relevant=" /Woman_TT_Followup_Form/e_tt4  != ''" data-type-xml="string" readonly="readonly"/></label>
    <label class="question or-appearance-minimal "><span lang="openmrs_code" class="question-label " data-itext-id="/Woman_TT_Followup_Form/vaccines:label">-</span><span lang="bn" class="question-label " data-itext-id="/Woman_TT_Followup_Form/vaccines:label">&#x9AA;&#x9C2;&#x9B0;&#x9CD;&#x9AC;&#x9C7; &#x9AF;&#x9C7;&#x9B8;&#x9AC; &#x99F;&#x9C0;&#x995;&#x9BE; &#x9A6;&#x9C7;&#x993;&#x9DF;&#x9BE; &#x9B9;&#x9DF;&#x9C7;&#x99B;&#x9C7;</span><span lang="en" class="question-label active" data-itext-id="/Woman_TT_Followup_Form/vaccines:label">Retro vaccines</span><select multiple="multiple" name="/Woman_TT_Followup_Form/vaccines" data-type-xml="select"><option class="itemset-template" value="" data-items-path="instance('vaccines')/root/item[(name = 'TT1' and  /Woman_TT_Followup_Form/e_tt1  = '' ) or  (name = 'TT2' and  /Woman_TT_Followup_Form/e_tt2  = '' ) or  (name = 'TT3' and  /Woman_TT_Followup_Form/e_tt3  = '' ) or  (name = 'TT4' and  /Woman_TT_Followup_Form/e_tt4  = '' )]">...</option></select><span class="or-option-translations" style="display:none;">
    </span><span class="itemset-labels" data-value-ref="name" data-label-type="itext" data-label-ref="itextId"><span lang="openmrs_code" class="option-label " data-itext-id="static_instance-vaccines-0">1b22b6ec-f22f-40da-a7b0-609d974768e1</span><span lang="bn" class="option-label " data-itext-id="static_instance-vaccines-0">&#x99F;&#x9BF;&#x99F;&#x9BF;&#x9E7;</span><span lang="en" class="option-label active" data-itext-id="static_instance-vaccines-0">TT1</span><span lang="openmrs_code" class="option-label " data-itext-id="static_instance-vaccines-1">0cf54044-fff2-424b-87ef-aa971c0ae07f</span><span lang="bn" class="option-label " data-itext-id="static_instance-vaccines-1">&#x99F;&#x9BF;&#x99F;&#x9BF;&#x9E8;</span><span lang="en" class="option-label active" data-itext-id="static_instance-vaccines-1">TT2</span><span lang="openmrs_code" class="option-label " data-itext-id="static_instance-vaccines-2">d160843a-42a8-4772-98b4-4514909b61f7</span><span lang="bn" class="option-label " data-itext-id="static_instance-vaccines-2">&#x99F;&#x9BF;&#x99F;&#x9BF;&#x9E9;</span><span lang="en" class="option-label active" data-itext-id="static_instance-vaccines-2">TT3</span><span lang="openmrs_code" class="option-label " data-itext-id="static_instance-vaccines-3">5e1b1de6-dee2-4d02-8c93-9985f159824f</span><span lang="bn" class="option-label " data-itext-id="static_instance-vaccines-3">&#x99F;&#x9BF;&#x99F;&#x9BF;&#x9EA;</span><span lang="en" class="option-label active" data-itext-id="static_instance-vaccines-3">TT4</span><span lang="openmrs_code" class="option-label " data-itext-id="static_instance-vaccines-4">e54c3644-901b-4449-994d-0a16f4c84e21</span><span lang="bn" class="option-label " data-itext-id="static_instance-vaccines-4">&#x99F;&#x9BF;&#x99F;&#x9BF;&#x9EB;</span><span lang="en" class="option-label active" data-itext-id="static_instance-vaccines-4">TT5</span>
    </span><span class="or-constraint-msg active" lang="" data-i18n="constraint.invalid">Value not allowed</span></label>
    <label class="question or-branch pre-init non-select "><span lang="openmrs_code" class="question-label " data-itext-id="/Woman_TT_Followup_Form/tt1_retro:label">-</span><span lang="bn" class="question-label " data-itext-id="/Woman_TT_Followup_Form/tt1_retro:label">&#x99F;&#x9BF;&#x99F;&#x9BF;-&#x9E7;</span><span lang="en" class="question-label active" data-itext-id="/Woman_TT_Followup_Form/tt1_retro:label">TT1</span><span class="required">*</span><input type="date" name="/Woman_TT_Followup_Form/tt1_retro" required="required" data-constraint=".&lt; /Woman_TT_Followup_Form/today  and .&gt;=( /Woman_TT_Followup_Form/existing_birth_date +(15*365))" data-relevant="selected( /Woman_TT_Followup_Form/vaccines ,'TT1')" data-type-xml="date"/><span lang="openmrs_code" class="or-constraint-msg " data-itext-id="/Woman_TT_Followup_Form/tt1_retro:jr:constraintMsg">-</span><span lang="bn" class="or-constraint-msg " data-itext-id="/Woman_TT_Followup_Form/tt1_retro:jr:constraintMsg">&#x9A4;&#x9BE;&#x9B0;&#x9BF;&#x996; &#x985;&#x9AC;&#x9B6;&#x9CD;&#x9AF;&#x987; &#x986;&#x99C;&#x995;&#x9C7;&#x9B0; &#x986;&#x997;&#x9C7; &#x98F;&#x9AC;&#x982; &#x9AE;&#x9B9;&#x9BF;&#x9B2;&#x9BE;&#x9B0; &#x9AC;&#x9DF;&#x9B8; &#x9E7;&#x9EB; &#x9AC;&#x99B;&#x9B0;&#x9C7;&#x9B0; &#x9AC;&#x9C7;&#x9B6;&#x9BF; &#x9B9;&#x9A4;&#x9C7; &#x9B9;&#x9AC;&#x9C7;</span><span lang="en" class="or-constraint-msg active" data-itext-id="/Woman_TT_Followup_Form/tt1_retro:jr:constraintMsg">Provided date must be before visit date and must be received in or after 15th year of age</span><span class="or-required-msg active" lang="" data-i18n="constraint.required">This field is required</span></label>
    <label class="question or-branch pre-init non-select "><span lang="openmrs_code" class="question-label " data-itext-id="/Woman_TT_Followup_Form/tt2_retro:label">-</span><span lang="bn" class="question-label " data-itext-id="/Woman_TT_Followup_Form/tt2_retro:label">&#x99F;&#x9BF;&#x99F;&#x9BF;-&#x9E8;</span><span lang="en" class="question-label active" data-itext-id="/Woman_TT_Followup_Form/tt2_retro:label">TT2</span><span class="required">*</span><input type="date" name="/Woman_TT_Followup_Form/tt2_retro" required="required" data-constraint=".&lt; /Woman_TT_Followup_Form/today  and .&gt;=( /Woman_TT_Followup_Form/tt1_retro +(4*7))" data-relevant="selected( /Woman_TT_Followup_Form/vaccines ,'TT2')" data-type-xml="date"/><span lang="openmrs_code" class="or-constraint-msg " data-itext-id="/Woman_TT_Followup_Form/tt2_retro:jr:constraintMsg">-</span><span lang="bn" class="or-constraint-msg " data-itext-id="/Woman_TT_Followup_Form/tt2_retro:jr:constraintMsg">&#x99F;&#x9BF;&#x99F;&#x9BF;-&#x9E7; &#x9A6;&#x9C7;&#x993;&#x9DF;&#x9BE; &#x9A8;&#x9BE; &#x9A5;&#x9BE;&#x995;&#x9B2;&#x9C7; &#x99F;&#x9BF;&#x99F;&#x9BF;-&#x9E8; &#x9A6;&#x9C7;&#x993;&#x9DF;&#x9BE; &#x9AF;&#x9BE;&#x9AC;&#x9C7;&#x9A8;&#x9BE; &#x99F;&#x9BF;&#x99F;&#x9BF;-&#x9E7; &#x9A6;&#x9C7;&#x993;&#x9DF;&#x9BE;&#x9B0; &#x9EA; &#x9B8;&#x9AA;&#x9CD;&#x9A4;&#x9BE;&#x9B9; &#x9AA;&#x9B0; &#x99F;&#x9BF;&#x99F;&#x9BF;-&#x9E8; &#x9A6;&#x9C7;&#x993;&#x9DF;&#x9BE; &#x9AF;&#x9BE;&#x9AC;&#x9C7;</span><span lang="en" class="or-constraint-msg active" data-itext-id="/Woman_TT_Followup_Form/tt2_retro:jr:constraintMsg">TT-2 can't be given before TT-1. TT-2 can be given 4 weeks after TT-1</span><span class="or-required-msg active" lang="" data-i18n="constraint.required">This field is required</span></label>
    <label class="question or-branch pre-init non-select "><span lang="openmrs_code" class="question-label " data-itext-id="/Woman_TT_Followup_Form/tt3_retro:label">-</span><span lang="bn" class="question-label " data-itext-id="/Woman_TT_Followup_Form/tt3_retro:label">&#x99F;&#x9BF;&#x99F;&#x9BF;-&#x9E9;</span><span lang="en" class="question-label active" data-itext-id="/Woman_TT_Followup_Form/tt3_retro:label">TT3</span><span class="required">*</span><input type="date" name="/Woman_TT_Followup_Form/tt3_retro" required="required" data-constraint=".&lt; /Woman_TT_Followup_Form/today  and .&gt;=( /Woman_TT_Followup_Form/tt2_retro +(26*7))" data-relevant="selected( /Woman_TT_Followup_Form/vaccines ,'TT3')" data-type-xml="date"/><span lang="openmrs_code" class="or-constraint-msg " data-itext-id="/Woman_TT_Followup_Form/tt3_retro:jr:constraintMsg">-</span><span lang="bn" class="or-constraint-msg " data-itext-id="/Woman_TT_Followup_Form/tt3_retro:jr:constraintMsg">&#x99F;&#x9BF;&#x99F;&#x9BF;-&#x9E8; &#x9A6;&#x9C7;&#x993;&#x9DF;&#x9BE; &#x9A8;&#x9BE; &#x9A5;&#x9BE;&#x995;&#x9B2;&#x9C7; &#x99F;&#x9BF;&#x99F;&#x9BF;-&#x9E9; &#x9A6;&#x9C7;&#x993;&#x9DF;&#x9BE; &#x9AF;&#x9BE;&#x9AC;&#x9C7;&#x9A8;&#x9BE;&#x964; &#x99F;&#x9BF;&#x99F;&#x9BF;-&#x9E8; &#x9A6;&#x9C7;&#x993;&#x9DF;&#x9BE;&#x9B0; &#x9E8;&#x9EC; &#x9B8;&#x9AA;&#x9CD;&#x9A4;&#x9BE;&#x9B9; &#x9AA;&#x9B0; &#x99F;&#x9BF;&#x99F;&#x9BF;-&#x9E9; &#x9A6;&#x9C7;&#x993;&#x9DF;&#x9BE; &#x9AF;&#x9BE;&#x9AC;&#x9C7;</span><span lang="en" class="or-constraint-msg active" data-itext-id="/Woman_TT_Followup_Form/tt3_retro:jr:constraintMsg">TT-3 can't be given before TT-2. TT-3 can be given 26 weeks after TT-2</span><span class="or-required-msg active" lang="" data-i18n="constraint.required">This field is required</span></label>
    <label class="question or-branch pre-init non-select "><span lang="openmrs_code" class="question-label " data-itext-id="/Woman_TT_Followup_Form/tt4_retro:label">-</span><span lang="bn" class="question-label " data-itext-id="/Woman_TT_Followup_Form/tt4_retro:label">&#x99F;&#x9BF;&#x99F;&#x9BF;-&#x9EA;</span><span lang="en" class="question-label active" data-itext-id="/Woman_TT_Followup_Form/tt4_retro:label">TT4</span><span class="required">*</span><input type="date" name="/Woman_TT_Followup_Form/tt4_retro" required="required" data-constraint=".&lt; /Woman_TT_Followup_Form/today  and .&gt;=( /Woman_TT_Followup_Form/tt3_retro +(52*7))" data-relevant="selected( /Woman_TT_Followup_Form/vaccines ,'TT4')" data-type-xml="date"/><span lang="openmrs_code" class="or-constraint-msg " data-itext-id="/Woman_TT_Followup_Form/tt4_retro:jr:constraintMsg">-</span><span lang="bn" class="or-constraint-msg " data-itext-id="/Woman_TT_Followup_Form/tt4_retro:jr:constraintMsg">&#x99F;&#x9BF;&#x99F;&#x9BF;-&#x9E9; &#x9A6;&#x9C7;&#x993;&#x9DF;&#x9BE; &#x9A8;&#x9BE; &#x9A5;&#x9BE;&#x995;&#x9B2;&#x9C7; &#x99F;&#x9BF;&#x99F;&#x9BF;-&#x9EA; &#x9A6;&#x9C7;&#x993;&#x9DF;&#x9BE; &#x9AF;&#x9BE;&#x9AC;&#x9C7;&#x9A8;&#x9BE;&#x964; &#x99F;&#x9BF;&#x99F;&#x9BF;-&#x9E9; &#x9A6;&#x9C7;&#x993;&#x9DF;&#x9BE;&#x9B0; &#x9EB;&#x9E8; &#x9B8;&#x9AA;&#x9CD;&#x9A4;&#x9BE;&#x9B9; &#x9AA;&#x9B0; &#x99F;&#x9BF;&#x99F;&#x9BF;-&#x9EA; &#x9A6;&#x9C7;&#x993;&#x9DF;&#x9BE; &#x9AF;&#x9BE;&#x9AC;&#x9C7;</span><span lang="en" class="or-constraint-msg active" data-itext-id="/Woman_TT_Followup_Form/tt4_retro:jr:constraintMsg">TT-4 can't be given before TT-3. TT-4 can be given 52 weeks after TT-3</span><span class="or-required-msg active" lang="" data-i18n="constraint.required">This field is required</span></label>
    <fieldset class="question simple-select "><fieldset><legend><span lang="openmrs_code" class="question-label " data-itext-id="/Woman_TT_Followup_Form/vaccines_2:label">-</span><span lang="bn" class="question-label " data-itext-id="/Woman_TT_Followup_Form/vaccines_2:label">&#x986;&#x99C;&#x995;&#x9C7;&#x9B0; &#x9AD;&#x9BF;&#x99C;&#x9BF;&#x99F;&#x9C7; &#x9AF;&#x9C7;&#x9B8;&#x9AC; &#x99F;&#x9C0;&#x995;&#x9BE; &#x9A6;&#x9C7;&#x993;&#x9DF;&#x9BE; &#x9B9;&#x9DF;&#x9C7;&#x99B;&#x9C7;-</span><span lang="en" class="question-label active" data-itext-id="/Woman_TT_Followup_Form/vaccines_2:label">Vaccine administered on visit</span><span class="required">*</span>
    </legend><div class="option-wrapper"><label class="itemset-template" data-items-path="instance('vaccines')/root/item[(name = 'TT1' and not(selected( /Woman_TT_Followup_Form/vaccines , 'TT1')) and  /Woman_TT_Followup_Form/e_tt1  = '' ) or  (name = 'TT2' and not(selected( /Woman_TT_Followup_Form/vaccines , 'TT2')) and  /Woman_TT_Followup_Form/e_tt2  = '' ) or  (name = 'TT3' and not(selected( /Woman_TT_Followup_Form/vaccines , 'TT3')) and  /Woman_TT_Followup_Form/e_tt3  = '' ) or  (name = 'TT4' and not(selected( /Woman_TT_Followup_Form/vaccines , 'TT4')) and  /Woman_TT_Followup_Form/e_tt4  = '' ) or  (name = 'TT5' and not(selected( /Woman_TT_Followup_Form/vaccines , 'TT5')) and  /Woman_TT_Followup_Form/e_tt5  = '' )]"><input type="radio" name="/Woman_TT_Followup_Form/vaccines_2" data-name="/Woman_TT_Followup_Form/vaccines_2" required="required" data-type-xml="select1" value=""/></label><span class="itemset-labels" data-value-ref="name" data-label-type="itext" data-label-ref="itextId"><span lang="openmrs_code" class="option-label " data-itext-id="static_instance-vaccines-0">1b22b6ec-f22f-40da-a7b0-609d974768e1</span><span lang="bn" class="option-label " data-itext-id="static_instance-vaccines-0">&#x99F;&#x9BF;&#x99F;&#x9BF;&#x9E7;</span><span lang="en" class="option-label active" data-itext-id="static_instance-vaccines-0">TT1</span><span lang="openmrs_code" class="option-label " data-itext-id="static_instance-vaccines-1">0cf54044-fff2-424b-87ef-aa971c0ae07f</span><span lang="bn" class="option-label " data-itext-id="static_instance-vaccines-1">&#x99F;&#x9BF;&#x99F;&#x9BF;&#x9E8;</span><span lang="en" class="option-label active" data-itext-id="static_instance-vaccines-1">TT2</span><span lang="openmrs_code" class="option-label " data-itext-id="static_instance-vaccines-2">d160843a-42a8-4772-98b4-4514909b61f7</span><span lang="bn" class="option-label " data-itext-id="static_instance-vaccines-2">&#x99F;&#x9BF;&#x99F;&#x9BF;&#x9E9;</span><span lang="en" class="option-label active" data-itext-id="static_instance-vaccines-2">TT3</span><span lang="openmrs_code" class="option-label " data-itext-id="static_instance-vaccines-3">5e1b1de6-dee2-4d02-8c93-9985f159824f</span><span lang="bn" class="option-label " data-itext-id="static_instance-vaccines-3">&#x99F;&#x9BF;&#x99F;&#x9BF;&#x9EA;</span><span lang="en" class="option-label active" data-itext-id="static_instance-vaccines-3">TT4</span><span lang="openmrs_code" class="option-label " data-itext-id="static_instance-vaccines-4">e54c3644-901b-4449-994d-0a16f4c84e21</span><span lang="bn" class="option-label " data-itext-id="static_instance-vaccines-4">&#x99F;&#x9BF;&#x99F;&#x9BF;&#x9EB;</span><span lang="en" class="option-label active" data-itext-id="static_instance-vaccines-4">TT5</span>
    </span></div></fieldset><span class="or-constraint-msg active" lang="" data-i18n="constraint.invalid">Value not allowed</span><span class="or-required-msg active" lang="" data-i18n="constraint.required">This field is required</span></fieldset>

    <fieldset id="or-preload-items" style="display:none;"><label class="calculation non-select "><input type="hidden" name="/Woman_TT_Followup_Form/start" data-preload="timestamp" data-preload-params="start" data-type-xml="dateTime"/></label><label class="calculation non-select "><input type="hidden" name="/Woman_TT_Followup_Form/end" data-preload="timestamp" data-preload-params="end" data-type-xml="dateTime"/></label><label class="calculation non-select "><input type="hidden" name="/Woman_TT_Followup_Form/today" data-preload="date" data-preload-params="today" data-type-xml="date"/></label></fieldset><fieldset id="or-calculated-items" style="display:none;"><label class="calculation non-select "><input type="hidden" name="/Woman_TT_Followup_Form/edd_calc_lmp" data-calculate="date( /Woman_TT_Followup_Form/lmp +280)" data-type-xml="string"/></label><label class="calculation non-select "><input type="hidden" name="/Woman_TT_Followup_Form/edd_calc_ultrasound" data-calculate="date((280-( /Woman_TT_Followup_Form/ultrasound_weeks *7)+ /Woman_TT_Followup_Form/ultrasound_date  ))" data-type-xml="string"/></label><label class="calculation non-select "><input type="hidden" name="/Woman_TT_Followup_Form/edd_calc_lmp_formatted" data-calculate="format-date( /Woman_TT_Followup_Form/edd_calc_lmp , '%Y-%n-%e')" data-type-xml="string"/></label><label class="calculation non-select "><input type="hidden" name="/Woman_TT_Followup_Form/edd_calc_ultrasound_formatted" data-calculate="format-date( /Woman_TT_Followup_Form/edd_calc_ultrasound , '%Y-%n-%e')" data-type-xml="string"/></label><label class="calculation non-select "><input type="hidden" name="/Woman_TT_Followup_Form/lmp_calc_edd" data-calculate="date( /Woman_TT_Followup_Form/edd -280)" data-type-xml="string"/></label><label class="calculation non-select "><input type="hidden" name="/Woman_TT_Followup_Form/lmp_calc_ultrasound" data-calculate="date( /Woman_TT_Followup_Form/ultrasound_date -( /Woman_TT_Followup_Form/ultrasound_weeks *7))" data-type-xml="string"/></label><label class="calculation non-select "><input type="hidden" name="/Woman_TT_Followup_Form/lmp_calc_edd_formatted" data-calculate="format-date( /Woman_TT_Followup_Form/lmp_calc_edd , '%Y-%n-%e')" data-type-xml="string"/></label><label class="calculation non-select "><input type="hidden" name="/Woman_TT_Followup_Form/lmp_calc_ultrasound_formatted" data-calculate="format-date( /Woman_TT_Followup_Form/lmp_calc_ultrasound , '%Y-%n-%e')" data-type-xml="string"/></label><label class="calculation non-select "><input type="hidden" name="/Woman_TT_Followup_Form/final_edd" data-calculate="if( /Woman_TT_Followup_Form/edd_lmp ='lmp', /Woman_TT_Followup_Form/edd_calc_lmp_formatted ,if( /Woman_TT_Followup_Form/edd_lmp ='edd', /Woman_TT_Followup_Form/edd  ,if( /Woman_TT_Followup_Form/edd_lmp ='ultrasound', /Woman_TT_Followup_Form/edd_calc_ultrasound_formatted ,'')))" data-type-xml="string"/></label><label class="calculation non-select "><input type="hidden" name="/Woman_TT_Followup_Form/final_lmp" data-calculate="if( /Woman_TT_Followup_Form/edd_lmp ='lmp', /Woman_TT_Followup_Form/lmp ,if( /Woman_TT_Followup_Form/edd_lmp ='edd', /Woman_TT_Followup_Form/lmp_calc_edd_formatted  ,if( /Woman_TT_Followup_Form/edd_lmp ='ultrasound', /Woman_TT_Followup_Form/lmp_calc_ultrasound_formatted ,'')))" data-type-xml="string"/></label><label class="calculation non-select "><input type="hidden" name="/Woman_TT_Followup_Form/ga_edd" data-calculate="int(( /Woman_TT_Followup_Form/today  - ( /Woman_TT_Followup_Form/edd -280))div7)" data-type-xml="string"/></label><label class="calculation non-select "><input type="hidden" name="/Woman_TT_Followup_Form/ga_lmp" data-calculate="int(( /Woman_TT_Followup_Form/today  -  /Woman_TT_Followup_Form/lmp )div7)" data-type-xml="string"/></label><label class="calculation non-select "><input type="hidden" name="/Woman_TT_Followup_Form/ga_ult" data-calculate="int(( /Woman_TT_Followup_Form/today  -( /Woman_TT_Followup_Form/ultrasound_date -( /Woman_TT_Followup_Form/ultrasound_weeks *7)))div7)" data-type-xml="string"/></label><label class="calculation non-select "><input type="hidden" name="/Woman_TT_Followup_Form/final_ga" data-calculate="if( /Woman_TT_Followup_Form/edd_lmp ='lmp', /Woman_TT_Followup_Form/ga_lmp ,if( /Woman_TT_Followup_Form/edd_lmp ='edd', /Woman_TT_Followup_Form/ga_edd  ,if( /Woman_TT_Followup_Form/edd_lmp ='ultrasound', /Woman_TT_Followup_Form/ga_ult ,'')))" data-type-xml="string"/></label><label class="calculation non-select "><input type="hidden" name="/Woman_TT_Followup_Form/tt_1_dose" data-relevant="selected( /Woman_TT_Followup_Form/vaccines ,'TT1')" data-calculate="1" data-type-xml="string"/></label><label class="calculation non-select "><input type="hidden" name="/Woman_TT_Followup_Form/tt_2_dose" data-relevant="selected( /Woman_TT_Followup_Form/vaccines ,'TT2')" data-calculate="2" data-type-xml="string"/></label><label class="calculation non-select "><input type="hidden" name="/Woman_TT_Followup_Form/tt_3_dose" data-relevant="selected( /Woman_TT_Followup_Form/vaccines ,'TT3')" data-calculate="3" data-type-xml="string"/></label><label class="calculation non-select "><input type="hidden" name="/Woman_TT_Followup_Form/tt_4_dose" data-relevant="selected( /Woman_TT_Followup_Form/vaccines ,'TT4')" data-calculate="4" data-type-xml="string"/></label><label class="calculation non-select "><input type="hidden" name="/Woman_TT_Followup_Form/tt1" data-relevant="selected( /Woman_TT_Followup_Form/vaccines_2 ,'TT1')" data-calculate=" /Woman_TT_Followup_Form/today " data-type-xml="string"/></label><label class="calculation non-select "><input type="hidden" name="/Woman_TT_Followup_Form/tt_1_dose_today" data-relevant="selected( /Woman_TT_Followup_Form/vaccines_2 ,'TT1')" data-calculate="1" data-type-xml="string"/></label><label class="calculation non-select "><input type="hidden" name="/Woman_TT_Followup_Form/tt2" data-relevant="selected( /Woman_TT_Followup_Form/vaccines_2 ,'TT2')" data-calculate=" /Woman_TT_Followup_Form/today " data-type-xml="string"/></label><label class="calculation non-select "><input type="hidden" name="/Woman_TT_Followup_Form/tt_2_dose_today" data-relevant="selected( /Woman_TT_Followup_Form/vaccines_2 ,'TT2')" data-calculate="2" data-type-xml="string"/></label><label class="calculation non-select "><input type="hidden" name="/Woman_TT_Followup_Form/tt3" data-relevant="selected( /Woman_TT_Followup_Form/vaccines_2 ,'TT3')" data-calculate=" /Woman_TT_Followup_Form/today " data-type-xml="string"/></label><label class="calculation non-select "><input type="hidden" name="/Woman_TT_Followup_Form/tt_3_dose_today" data-relevant="selected( /Woman_TT_Followup_Form/vaccines_2 ,'TT3')" data-calculate="3" data-type-xml="string"/></label><label class="calculation non-select "><input type="hidden" name="/Woman_TT_Followup_Form/tt4" data-relevant="selected( /Woman_TT_Followup_Form/vaccines_2 ,'TT4')" data-calculate=" /Woman_TT_Followup_Form/today " data-type-xml="string"/></label><label class="calculation non-select "><input type="hidden" name="/Woman_TT_Followup_Form/tt_4_dose_today" data-relevant="selected( /Woman_TT_Followup_Form/vaccines_2 ,'TT4')" data-calculate="4" data-type-xml="string"/></label><label class="calculation non-select "><input type="hidden" name="/Woman_TT_Followup_Form/tt5" data-relevant="selected( /Woman_TT_Followup_Form/vaccines_2 ,'TT5')" data-calculate=" /Woman_TT_Followup_Form/today " data-type-xml="string"/></label><label class="calculation non-select "><input type="hidden" name="/Woman_TT_Followup_Form/tt_5_dose_today" data-relevant="selected( /Woman_TT_Followup_Form/vaccines_2 ,'TT5')" data-calculate="5" data-type-xml="string"/></label><label class="calculation non-select "><input type="hidden" name="/Woman_TT_Followup_Form/tt1_final" data-calculate="if( /Woman_TT_Followup_Form/e_tt1  != '', /Woman_TT_Followup_Form/e_tt1 ,if( /Woman_TT_Followup_Form/tt1_retro  != '',  /Woman_TT_Followup_Form/tt1_retro ,  /Woman_TT_Followup_Form/tt1 ))" data-type-xml="string"/></label><label class="calculation non-select "><input type="hidden" name="/Woman_TT_Followup_Form/tt2_final" data-calculate="if( /Woman_TT_Followup_Form/e_tt2  != '', /Woman_TT_Followup_Form/e_tt2 ,if( /Woman_TT_Followup_Form/tt2_retro  != '',  /Woman_TT_Followup_Form/tt2_retro ,  /Woman_TT_Followup_Form/tt2 ))" data-type-xml="string"/></label><label class="calculation non-select "><input type="hidden" name="/Woman_TT_Followup_Form/tt3_final" data-calculate="if( /Woman_TT_Followup_Form/e_tt3  != '', /Woman_TT_Followup_Form/e_tt3 ,if( /Woman_TT_Followup_Form/tt3_retro  != '',  /Woman_TT_Followup_Form/tt3_retro ,  /Woman_TT_Followup_Form/tt3 ))" data-type-xml="string"/></label><label class="calculation non-select "><input type="hidden" name="/Woman_TT_Followup_Form/tt4_final" data-calculate="if( /Woman_TT_Followup_Form/e_tt4  != '', /Woman_TT_Followup_Form/e_tt4 ,if( /Woman_TT_Followup_Form/tt4_retro  != '',  /Woman_TT_Followup_Form/tt4_retro ,  /Woman_TT_Followup_Form/tt4 ))" data-type-xml="string"/></label><label class="calculation non-select "><input type="hidden" name="/Woman_TT_Followup_Form/tt5_final" data-calculate="if( /Woman_TT_Followup_Form/e_tt5  != '', /Woman_TT_Followup_Form/e_tt5 ,  /Woman_TT_Followup_Form/tt5 )" data-type-xml="string"/></label><label class="calculation non-select "><input type="hidden" name="/Woman_TT_Followup_Form/meta/instanceID" data-calculate="concat('uuid:', uuid())" data-type-xml="string"/></label><label class="calculation non-select "><input type="hidden" name="/Woman_TT_Followup_Form/formhub/uuid" data-calculate="'bd7b1b488ef64439a56e4890d334b84e'" data-type-xml="string"/></label></fieldset></form><xsltmessages><message level="1" code="1">Itemset support is experimental. Make sure to test whether they do what you want.</message><message level="1">XML to HTML transformation for form took 0.13 seconds</message></xsltmessages><jrvalidationmessages><message level="1">This validation is yet not functional.</message></jrvalidationmessages><xmlerrors/><xslformerrors/><xsldataerrors/></root>
