<model>
  <instance>
    <Woman_TT_Followup_Form encounter_type="Woman TT Follow Up" id="woman_tt_followup_form" version="201610091249">
      <formhub>
        <uuid/>
      </formhub>
      <existing_location openmrs_entity="encounter" openmrs_entity_id="location_id"/>
      <existing_Country/>
      <existing_Division/>
      <existing_District/>
      <existing_Upazilla/>
      <existing_Paurasava/>
      <existing_Union/>
      <existing_Ward/>
      <existing_Block/>
      <existing_HIE_facilities/>
      <existing_Address_line/>
      <existing_GPS/>
      <existing_first_name/>
      <existing_marital_status/>
      <existing_pregnancy_status/>
      <existing_father_name/>
      <existing_husband_name/>
      <existing_birth_date/>
      <existing_age/>
      <existing_epi_card_number/>
      <existing_contact_phone_number/>
      <e_tt1/>
      <e_tt2/>
      <e_tt3/>
      <e_tt4/>
      <e_tt5/>
      <provider_id/>
      <provider_location_id/>
      <provider_location_name/>
      <provider_location_note/>
      <start/>
      <end/>
      <today openmrs_entity="encounter" openmrs_entity_id="encounter_date"/>
      <epi_card_number_note/>
      <first_name_note/>
      <birth_date_note/>
      <father_name_note/>
      <husband_name_note/>
      <address_note/>
      <address_change/>
      <address1 openmrs_entity="person_address" openmrs_entity_id="address1" openmrs_entity_parent="usual_residence"/>
      <landmark/>
      <center_gps/>
      <contact_phone_number openmrs_entity="person_attribute" openmrs_entity_id="phoneNumber"/>
      <marriage openmrs_entity="person_attribute" openmrs_entity_id="Marital status"/>
      <husband_name openmrs_entity="person_attribute" openmrs_entity_id="spouseName"/>
      <pregnant openmrs_entity="concept" openmrs_entity_id="18247605-7647-4c9a-85e1-5a464265b3d7"/>
      <edd_lmp openmrs_entity="concept" openmrs_entity_id="2dbf01b1-0995-43ae-8f91-a528aa1c039a"/>
      <edd/>
      <lmp/>
      <ultrasound_date openmrs_entity="concept" openmrs_entity_id="7a478815-07b8-4513-954e-187804347700"/>
      <ultrasound_weeks openmrs_entity="concept" openmrs_entity_id="351c9f61-2b3b-4674-ac23-f73dc4910e16"/>
      <edd_calc_lmp/>
      <edd_calc_ultrasound/>
      <edd_calc_lmp_formatted/>
      <edd_calc_ultrasound_formatted/>
      <lmp_calc_edd/>
      <lmp_calc_ultrasound/>
      <lmp_calc_edd_formatted/>
      <lmp_calc_ultrasound_formatted/>
      <final_edd openmrs_entity="concept" openmrs_entity_id="c0a63de4-3101-4ccf-87b3-6027a21dc5b1"/>
      <final_lmp openmrs_entity="concept" openmrs_entity_id="d328438c-9475-4c77-9eb7-3ddc3506b619"/>
      <ga_edd/>
      <ga_lmp/>
      <ga_ult/>
      <final_edd_note/>
      <final_lmp_note/>
      <final_ga openmrs_entity="concept" openmrs_entity_id="290bb2b1-6a64-455e-800b-8ddaac9755fb"/>
      <final_ga_note/>
      <tt1_note/>
      <tt2_note/>
      <tt3_note/>
      <tt4_note/>
      <vaccines openmrs_entity="concept" openmrs_entity_id="54621f39-885f-11e5-ade6-005056b07f03" openmrs_entity_parent="4c0d9630-c489-4c80-9030-af86aa834598"/>
      <tt1_retro openmrs_entity="concept" openmrs_entity_id="5463239a-885f-11e5-ade6-005056b07f03" openmrs_entity_parent="0a9e0ff9-a6bd-4e95-bb6d-31e6340fc2cc"/>
      <tt_1_dose openmrs_entity="concept" openmrs_entity_id="54644d41-885f-11e5-ade6-005056b07f03" openmrs_entity_parent="0a9e0ff9-a6bd-4e95-bb6d-31e6340fc2cc"/>
      <tt2_retro openmrs_entity="concept" openmrs_entity_id="5463239a-885f-11e5-ade6-005056b07f03" openmrs_entity_parent="0a9e0ff9-a6bd-4e95-bb6d-31e6340fc2cc"/>
      <tt_2_dose openmrs_entity="concept" openmrs_entity_id="54644d41-885f-11e5-ade6-005056b07f03" openmrs_entity_parent="0a9e0ff9-a6bd-4e95-bb6d-31e6340fc2cc"/>
      <tt3_retro openmrs_entity="concept" openmrs_entity_id="5463239a-885f-11e5-ade6-005056b07f03" openmrs_entity_parent="0a9e0ff9-a6bd-4e95-bb6d-31e6340fc2cc"/>
      <tt_3_dose openmrs_entity="concept" openmrs_entity_id="54644d41-885f-11e5-ade6-005056b07f03" openmrs_entity_parent="0a9e0ff9-a6bd-4e95-bb6d-31e6340fc2cc"/>
      <tt4_retro openmrs_entity="concept" openmrs_entity_id="5463239a-885f-11e5-ade6-005056b07f03" openmrs_entity_parent="0a9e0ff9-a6bd-4e95-bb6d-31e6340fc2cc"/>
      <tt_4_dose openmrs_entity="concept" openmrs_entity_id="54644d41-885f-11e5-ade6-005056b07f03" openmrs_entity_parent="0a9e0ff9-a6bd-4e95-bb6d-31e6340fc2cc"/>
      <vaccines_2 openmrs_entity="concept" openmrs_entity_id="54621f39-885f-11e5-ade6-005056b07f03" openmrs_entity_parent="d74f7428-63ec-4d5e-9124-3992e2877df6"/>
      <tt1 openmrs_entity="concept" openmrs_entity_id="5463239a-885f-11e5-ade6-005056b07f03" openmrs_entity_parent="0a9e0ff9-a6bd-4e95-bb6d-31e6340fc2cc"/>
      <tt_1_dose_today openmrs_entity="concept" openmrs_entity_id="54644d41-885f-11e5-ade6-005056b07f03" openmrs_entity_parent="0a9e0ff9-a6bd-4e95-bb6d-31e6340fc2cc"/>
      <tt2 openmrs_entity="concept" openmrs_entity_id="5463239a-885f-11e5-ade6-005056b07f03" openmrs_entity_parent="0a9e0ff9-a6bd-4e95-bb6d-31e6340fc2cc"/>
      <tt_2_dose_today openmrs_entity="concept" openmrs_entity_id="54644d41-885f-11e5-ade6-005056b07f03" openmrs_entity_parent="0a9e0ff9-a6bd-4e95-bb6d-31e6340fc2cc"/>
      <tt3 openmrs_entity="concept" openmrs_entity_id="5463239a-885f-11e5-ade6-005056b07f03" openmrs_entity_parent="0a9e0ff9-a6bd-4e95-bb6d-31e6340fc2cc"/>
      <tt_3_dose_today openmrs_entity="concept" openmrs_entity_id="54644d41-885f-11e5-ade6-005056b07f03" openmrs_entity_parent="0a9e0ff9-a6bd-4e95-bb6d-31e6340fc2cc"/>
      <tt4 openmrs_entity="concept" openmrs_entity_id="5463239a-885f-11e5-ade6-005056b07f03" openmrs_entity_parent="0a9e0ff9-a6bd-4e95-bb6d-31e6340fc2cc"/>
      <tt_4_dose_today openmrs_entity="concept" openmrs_entity_id="54644d41-885f-11e5-ade6-005056b07f03" openmrs_entity_parent="0a9e0ff9-a6bd-4e95-bb6d-31e6340fc2cc"/>
      <tt5 openmrs_entity="concept" openmrs_entity_id="5463239a-885f-11e5-ade6-005056b07f03" openmrs_entity_parent="0a9e0ff9-a6bd-4e95-bb6d-31e6340fc2cc"/>
      <tt_5_dose_today openmrs_entity="concept" openmrs_entity_id="54644d41-885f-11e5-ade6-005056b07f03" openmrs_entity_parent="0a9e0ff9-a6bd-4e95-bb6d-31e6340fc2cc"/>
      <tt1_final/>
      <tt2_final/>
      <tt3_final/>
      <tt4_final/>
      <tt5_final/>
      <meta>
        <instanceID/>
      </meta>
    </Woman_TT_Followup_Form>
  </instance>
  <instance id="vaccines">
    <root>
      <item>
        <itextId>static_instance-vaccines-0</itextId>
        <name>TT1</name>
      </item>
      <item>
        <itextId>static_instance-vaccines-1</itextId>
        <name>TT2</name>
      </item>
      <item>
        <itextId>static_instance-vaccines-2</itextId>
        <name>TT3</name>
      </item>
      <item>
        <itextId>static_instance-vaccines-3</itextId>
        <name>TT4</name>
      </item>
      <item>
        <itextId>static_instance-vaccines-4</itextId>
        <name>TT5</name>
      </item>
    </root>
  </instance>
  <instance id="gender">
    <root>
      <item>
        <itextId>static_instance-gender-0</itextId>
        <name>1</name>
      </item>
      <item>
        <itextId>static_instance-gender-1</itextId>
        <name>2</name>
      </item>
    </root>
  </instance>
  <instance id="edd_lmp">
    <root>
      <item>
        <itextId>static_instance-edd_lmp-0</itextId>
        <name>edd</name>
      </item>
      <item>
        <itextId>static_instance-edd_lmp-1</itextId>
        <name>lmp</name>
      </item>
      <item>
        <itextId>static_instance-edd_lmp-2</itextId>
        <name>ultrasound</name>
      </item>
      <item>
        <itextId>static_instance-edd_lmp-3</itextId>
        <name>none</name>
      </item>
    </root>
  </instance>
  <instance id="yes_no">
    <root>
      <item>
        <itextId>static_instance-yes_no-0</itextId>
        <name>yes</name>
      </item>
      <item>
        <itextId>static_instance-yes_no-1</itextId>
        <name>no</name>
      </item>
    </root>
  </instance>
</model>