<model>
  <instance>
    <HHMemberReg encounter_type="HH And Member Registration" id="HHMemberReg" version="201610091242">
      <formhub>
        <uuid/>
      </formhub>
      <existing_location openmrs_entity="encounter" openmrs_entity_id="location_id"/>
      <existing_Country/>
      <existing_Division/>
      <existing_District/>
      <existing_Upazilla/>
      <existing_Paurasava/>
      <existing_Union/>
      <existing_HIE_facilities/>
      <start openmrs_entity="encounter" openmrs_entity_id="encounter_start"/>
      <end openmrs_entity="Concept" openmrs_entity_id="cdec172a-9535-4d21-98a5-72a668b9b22c"/>
      <today openmrs_entity="Concept" openmrs_entity_id="98240c65-7f4e-4099-b4ac-d63e68fd955d"/>
      <deviceid openmrs_entity="Concept" openmrs_entity_id="97c07f6c-4422-4087-9d0f-556f52e98cf2"/>
      <subscriberid openmrs_entity="Concept" openmrs_entity_id="2bd5dab3-ac21-4561-ac51-f0e54a0332c7"/>
      <simserial openmrs_entity="Concept" openmrs_entity_id="6d1902a2-4f6c-4a7a-a1ae-496ff748c2e1"/>
      <phonenumber openmrs_entity="Concept" openmrs_entity_id="2b5eda71-8272-45ec-8d42-0b844c81e9da"/>
      <WARD openmrs_entity="person_address" openmrs_entity_id="address2" openmrs_entity_parent="usual_residence"/>
      <BLOCK/>
      <COUNTRY openmrs_entity="person_address" openmrs_entity_id="country" openmrs_entity_parent="usual_residence"/>
      <DIVISION openmrs_entity="person_address" openmrs_entity_id="stateProvince" openmrs_entity_parent="usual_residence"/>
      <DISTRICT openmrs_entity="person_address" openmrs_entity_id="countyDistrict" openmrs_entity_parent="usual_residence"/>
      <UPAZILLA openmrs_entity="person_address" openmrs_entity_id="address5" openmrs_entity_parent="usual_residence"/>
      <PAURASAVA openmrs_entity="person_address" openmrs_entity_id="address4" openmrs_entity_parent="usual_residence"/>
      <UNION openmrs_entity="person_address" openmrs_entity_id="address3" openmrs_entity_parent="usual_residence"/>
      <ADDRESS_LINE openmrs_entity="person_address" openmrs_entity_id="address1" openmrs_entity_parent="usual_residence"/>
      <HIE_FACILITIES openmrs_entity="person_address" openmrs_entity_id="address6" openmrs_entity_parent="usual_residence"/>
      <GPS openmrs_entity="person_address" openmrs_entity_id="geopoint" openmrs_entity_parent="usual_residence"/>
      <Date_Of_Reg openmrs_entity="Concept" openmrs_entity_id="a56af3d8-eb0b-46a0-9a03-504d22fb613d"/>
      <HHID openmrs_entity="person_attribute" openmrs_entity_id="householdCode"/>
      <HoH_Reg_No openmrs_entity="person_attribute" openmrs_entity_id="HOH registration number"/>
      <HoH_Fname openmrs_entity="person" openmrs_entity_id="first_name"/>
      <HoH_Lname openmrs_entity="person" openmrs_entity_id="last_name"/>
      <HoH_birth_date_known openmrs_entity="Concept" openmrs_entity_id="fba6d605-72f4-4e74-8840-8586996a59e3">yes</HoH_birth_date_known>
      <HoH_birth_date/>
      <HoH_age openmrs_entity="Concept" openmrs_entity_id="a04427c9-c616-48c9-8588-5bb96173f56a"/>
      <calc_HoH_age/>
      <calc_HoH_dob/>
      <calc_HoH_dob_confirm openmrs_entity="person" openmrs_entity_id="birthdate"/>
      <calc_dob_estimated openmrs_entity="person" openmrs_entity_id="birthdate_estimated"/>
      <calc_HoH_age_confirm openmrs_entity="person" openmrs_entity_id="age"/>
      <birth_date_note/>
      <note_age/>
      <HoH_Gender openmrs_entity="person" openmrs_entity_id="gender"/>
      <HoH_Unique_ID openmrs_entity="concept" openmrs_entity_id="368ce583-bb94-4b24-aaed-54abf0471c35"/>
      <HoH_NID openmrs_entity="person_attribute" openmrs_entity_id="nationalId"/>
      <HoH_BRID openmrs_entity="person_attribute" openmrs_entity_id="birthRegistrationId"/>
      <HoH_HID openmrs_entity="person_attribute" openmrs_entity_id="healthId"/>
      <HoH_Mobile_No openmrs_entity="person_attribute" openmrs_entity_id="phoneNumber"/>
      <HoH_Education openmrs_entity="person_attribute" openmrs_entity_id="education"/>
      <HoH_Occupation openmrs_entity="person_attribute" openmrs_entity_id="occupation"/>
      <HH_Member_No openmrs_entity="concept" openmrs_entity_id="f5c3b459-29e7-4de3-b660-7af11d7263af"/>
      <HH_Member template="" openmrs_entity="person" openmrs_entity_id="New Member Registration">
        <Member_COUNTRY openmrs_entity="person_address" openmrs_entity_id="country"/>
        <Member_DIVISION openmrs_entity="person_address" openmrs_entity_id="stateProvince"/>
        <Member_DISTRICT openmrs_entity="person_address" openmrs_entity_id="countyDistrict"/>
        <Member_UPAZILLA openmrs_entity="person_address" openmrs_entity_id="address5"/>
        <Member_Paurasava openmrs_entity="person_address" openmrs_entity_id="address4"/>
        <Member_UNION openmrs_entity="person_address" openmrs_entity_id="address3"/>
        <Member_WARD openmrs_entity="person_address" openmrs_entity_id="address2"/>
        <Member_BLOCK openmrs_entity="person_address" openmrs_entity_id="address2"/>
        <Member_Address_line openmrs_entity="person_address" openmrs_entity_id="address1"/>
        <Member_HIE_facilities openmrs_entity="person_address" openmrs_entity_id="address6"/>
        <Member_Reg_Date/>
        <Member_GPS openmrs_entity="person_address" openmrs_entity_id="geopoint"/>
        <HH_Address/>
        <Member_type openmrs_entity="concept" openmrs_entity_id="7110abb0-93af-4078-b7a6-baafa729c76a"/>
        <Reg_No openmrs_entity="person_attribute" openmrs_entity_id="HOH registration number"/>
        <Member_Fname openmrs_entity="person" openmrs_entity_id="first_name"/>
        <Member_LName openmrs_entity="person" openmrs_entity_id="last_name"/>
        <Member_Unique_ID openmrs_entity="concept" openmrs_entity_id="368ce583-bb94-4b24-aaed-54abf0471c35"/>
        <Member_NID openmrs_entity="person_attribute" openmrs_entity_id="nationalId"/>
        <Member_BRID openmrs_entity="person_attribute" openmrs_entity_id="birthRegistrationId"/>
        <Member_HID openmrs_entity="person_attribute" openmrs_entity_id="healthId"/>
        <member_birth_date_known openmrs_entity="Concept" openmrs_entity_id="fba6d605-72f4-4e74-8840-8586996a59e3">yes</member_birth_date_known>
        <member_birth_date/>
        <age openmrs_entity="Concept" openmrs_entity_id="a04427c9-c616-48c9-8588-5bb96173f56a"/>
        <calc_age/>
        <calc_dob/>
        <calc_dob_confirm openmrs_entity="person" openmrs_entity_id="birthdate"/>
        <calc_dob_estimated openmrs_entity="person" openmrs_entity_id="birthdate_estimated"/>
        <calc_age_confirm/>
        <birth_date_note/>
        <note_age/>
        <Gender openmrs_entity="person" openmrs_entity_id="gender"/>
        <Father_name openmrs_entity="person_attribute" openmrs_entity_id="fatherName"/>
        <epi_card_number openmrs_entity="person_attribute" openmrs_entity_id="EPI Card Number"/>
        <contact_phone_number openmrs_entity="person_attribute" openmrs_entity_id="phoneNumber"/>
        <Marital_status openmrs_entity="person_attribute" openmrs_entity_id="Marital status"/>
        <Husband_name openmrs_entity="person_attribute" openmrs_entity_id="spouseName"/>
        <Couple_No openmrs_entity="person_attribute" openmrs_entity_id="COUPLE NUMBER"/>
        <WomanInfo>
          <pregnant openmrs_entity="concept" openmrs_entity_id="18247605-7647-4c9a-85e1-5a464265b3d7"/>
          <FP_USER openmrs_entity="concept" openmrs_entity_id="3c242ebd-ae1c-4ef3-b360-ace2ada1260f"/>
          <FP_Methods openmrs_entity="concept" openmrs_entity_id="b188ed34-98d3-4b92-82e7-5595b96dd246"/>
          <edd_lmp openmrs_entity="concept" openmrs_entity_id="2dbf01b1-0995-43ae-8f91-a528aa1c039a"/>
          <edd/>
          <lmp/>
          <ultrasound_date openmrs_entity="concept" openmrs_entity_id="7a478815-07b8-4513-954e-187804347700"/>
          <ultrasound_weeks openmrs_entity="concept" openmrs_entity_id="351c9f61-2b3b-4674-ac23-f73dc4910e16"/>
          <edd_calc_lmp/>
          <edd_calc_ultrasound/>
          <edd_calc_lmp_formatted/>
          <edd_calc_ultrasound_formatted/>
          <lmp_calc_edd/>
          <lmp_calc_ultrasound/>
          <lmp_calc_edd_formatted/>
          <lmp_calc_ultrasound_formatted/>
          <final_edd openmrs_entity="concept" openmrs_entity_id="c0a63de4-3101-4ccf-87b3-6027a21dc5b1"/>
          <final_lmp openmrs_entity="concept" openmrs_entity_id="d328438c-9475-4c77-9eb7-3ddc3506b619"/>
          <ga_edd/>
          <ga_lmp/>
          <ga_ult/>
          <final_edd_note/>
          <final_lmp_note/>
          <final_ga openmrs_entity="concept" openmrs_entity_id="290bb2b1-6a64-455e-800b-8ddaac9755fb"/>
          <final_ga_note/>
          <vaccines openmrs_entity="concept" openmrs_entity_id="54621f39-885f-11e5-ade6-005056b07f03" openmrs_entity_parent="4c0d9630-c489-4c80-9030-af86aa834598"/>
          <tt1_retro openmrs_entity="concept" openmrs_entity_id="5463239a-885f-11e5-ade6-005056b07f03" openmrs_entity_parent="0a9e0ff9-a6bd-4e95-bb6d-31e6340fc2cc"/>
          <tt_1_dose openmrs_entity="concept" openmrs_entity_id="54644d41-885f-11e5-ade6-005056b07f03" openmrs_entity_parent="0a9e0ff9-a6bd-4e95-bb6d-31e6340fc2cc"/>
          <tt2_retro openmrs_entity="concept" openmrs_entity_id="5463239a-885f-11e5-ade6-005056b07f03" openmrs_entity_parent="0a9e0ff9-a6bd-4e95-bb6d-31e6340fc2cc"/>
          <tt_2_dose openmrs_entity="concept" openmrs_entity_id="54644d41-885f-11e5-ade6-005056b07f03" openmrs_entity_parent="0a9e0ff9-a6bd-4e95-bb6d-31e6340fc2cc"/>
          <tt3_retro openmrs_entity="concept" openmrs_entity_id="5463239a-885f-11e5-ade6-005056b07f03" openmrs_entity_parent="0a9e0ff9-a6bd-4e95-bb6d-31e6340fc2cc"/>
          <tt_3_dose openmrs_entity="concept" openmrs_entity_id="54644d41-885f-11e5-ade6-005056b07f03" openmrs_entity_parent="0a9e0ff9-a6bd-4e95-bb6d-31e6340fc2cc"/>
          <tt4_retro openmrs_entity="concept" openmrs_entity_id="5463239a-885f-11e5-ade6-005056b07f03" openmrs_entity_parent="0a9e0ff9-a6bd-4e95-bb6d-31e6340fc2cc"/>
          <tt_4_dose openmrs_entity="concept" openmrs_entity_id="54644d41-885f-11e5-ade6-005056b07f03" openmrs_entity_parent="0a9e0ff9-a6bd-4e95-bb6d-31e6340fc2cc"/>
          <vaccines_2 openmrs_entity="concept" openmrs_entity_id="54621f39-885f-11e5-ade6-005056b07f03" openmrs_entity_parent="d74f7428-63ec-4d5e-9124-3992e2877df6"/>
          <tt1 openmrs_entity="concept" openmrs_entity_id="5463239a-885f-11e5-ade6-005056b07f03" openmrs_entity_parent="0a9e0ff9-a6bd-4e95-bb6d-31e6340fc2cc"/>
          <tt_1_dose_today openmrs_entity="concept" openmrs_entity_id="54644d41-885f-11e5-ade6-005056b07f03" openmrs_entity_parent="0a9e0ff9-a6bd-4e95-bb6d-31e6340fc2cc"/>
          <tt2 openmrs_entity="concept" openmrs_entity_id="5463239a-885f-11e5-ade6-005056b07f03" openmrs_entity_parent="0a9e0ff9-a6bd-4e95-bb6d-31e6340fc2cc"/>
          <tt_2_dose_today openmrs_entity="concept" openmrs_entity_id="54644d41-885f-11e5-ade6-005056b07f03" openmrs_entity_parent="0a9e0ff9-a6bd-4e95-bb6d-31e6340fc2cc"/>
          <tt3 openmrs_entity="concept" openmrs_entity_id="5463239a-885f-11e5-ade6-005056b07f03" openmrs_entity_parent="0a9e0ff9-a6bd-4e95-bb6d-31e6340fc2cc"/>
          <tt_3_dose_today openmrs_entity="concept" openmrs_entity_id="54644d41-885f-11e5-ade6-005056b07f03" openmrs_entity_parent="0a9e0ff9-a6bd-4e95-bb6d-31e6340fc2cc"/>
          <tt4 openmrs_entity="concept" openmrs_entity_id="5463239a-885f-11e5-ade6-005056b07f03" openmrs_entity_parent="0a9e0ff9-a6bd-4e95-bb6d-31e6340fc2cc"/>
          <tt_4_dose_today openmrs_entity="concept" openmrs_entity_id="54644d41-885f-11e5-ade6-005056b07f03" openmrs_entity_parent="0a9e0ff9-a6bd-4e95-bb6d-31e6340fc2cc"/>
          <tt5 openmrs_entity="concept" openmrs_entity_id="5463239a-885f-11e5-ade6-005056b07f03" openmrs_entity_parent="0a9e0ff9-a6bd-4e95-bb6d-31e6340fc2cc"/>
          <tt_5_dose_today openmrs_entity="concept" openmrs_entity_id="54644d41-885f-11e5-ade6-005056b07f03" openmrs_entity_parent="0a9e0ff9-a6bd-4e95-bb6d-31e6340fc2cc"/>
          <tt1_final/>
          <tt2_final/>
          <tt3_final/>
          <tt4_final/>
          <tt5_final/>
        </WomanInfo>
        <ChildInfo>
          <Child_birth_date_known openmrs_entity="Concept" openmrs_entity_id="fba6d605-72f4-4e74-8840-8586996a59e3">yes</Child_birth_date_known>
          <Child_birth_date/>
          <Child_age openmrs_entity="Concept" openmrs_entity_id="a04427c9-c616-48c9-8588-5bb96173f56a"/>
          <Child_calc_age/>
          <Child_calc_dob/>
          <Child_dob openmrs_entity="person" openmrs_entity_id="birthdate"/>
          <Child_dob_estimated openmrs_entity="person" openmrs_entity_id="birthdate_estimated"/>
          <Child_age_days/>
          <Child_birth_date_note/>
          <Birth_Weigtht openmrs_entity="concept" openmrs_entity_id="2b510c69-3d73-4052-8263-8f44c4bbce4d"/>
          <Newborn_Care_Received openmrs_entity="concept" openmrs_entity_id="d87c3916-7c3e-448d-a3b7-6f670d794a90"/>
          <Child_gender openmrs_entity="person" openmrs_entity_id="gender"/>
          <Child_mother_name openmrs_entity="person_attribute" openmrs_entity_id="motherName"/>
          <Child_father_name openmrs_entity="person_attribute" openmrs_entity_id="fatherName"/>
          <Child_guardian_id openmrs_entity="concept" openmrs_entity_id="368ce583-bb94-4b24-aaed-54abf0471c35"/>
          <Child_Mother_NID openmrs_entity="person_attribute" openmrs_entity_id="Guardian NID"/>
          <Child_Mother_BRID openmrs_entity="person_attribute" openmrs_entity_id="Guardian BRID"/>
          <Child_Father_NID openmrs_entity="person_attribute" openmrs_entity_id="Guardian NID"/>
          <Child_Father_BRID openmrs_entity="person_attribute" openmrs_entity_id="Guardian BRID"/>
          <Child_Other_Guardian_NID openmrs_entity="person_attribute" openmrs_entity_id="Guardian NID"/>
          <Child_Other_Guardian_BRID openmrs_entity="person_attribute" openmrs_entity_id="Guardian BRID"/>
          <child_was_suffering_from_a_disease_at_birth openmrs_entity="concept" openmrs_entity_id="081061f8-c5c1-48a7-93f2-88b61a560529"/>
          <child_vaccines openmrs_entity="concept" openmrs_entity_id="54621f39-885f-11e5-ade6-005056b07f03" openmrs_entity_parent="4c0d9630-c489-4c80-9030-af86aa834598"/>
          <child_vaccines_group>
            <bcg_retro openmrs_entity="concept" openmrs_entity_id="5463239a-885f-11e5-ade6-005056b07f03" openmrs_entity_parent="4dde7c2a-8a6b-4f7a-a20e-c20df50747ca"/>
            <opv0_retro openmrs_entity="concept" openmrs_entity_id="5463239a-885f-11e5-ade6-005056b07f03" openmrs_entity_parent="804e09d5-01ce-471b-a69e-76442e32e96a"/>
            <opv0_dose openmrs_entity="concept" openmrs_entity_id="54644d41-885f-11e5-ade6-005056b07f03" openmrs_entity_parent="804e09d5-01ce-471b-a69e-76442e32e96a"/>
            <pcv1_retro openmrs_entity="concept" openmrs_entity_id="5463239a-885f-11e5-ade6-005056b07f03" openmrs_entity_parent="5a1a88b1-e757-48a2-9dd1-fac09fe492e8"/>
            <pcv1_dose openmrs_entity="concept" openmrs_entity_id="54644d41-885f-11e5-ade6-005056b07f03" openmrs_entity_parent="5a1a88b1-e757-48a2-9dd1-fac09fe492e8"/>
            <opv1_retro openmrs_entity="concept" openmrs_entity_id="5463239a-885f-11e5-ade6-005056b07f03" openmrs_entity_parent="804e09d5-01ce-471b-a69e-76442e32e96a"/>
            <opv1_dose openmrs_entity="concept" openmrs_entity_id="54644d41-885f-11e5-ade6-005056b07f03" openmrs_entity_parent="804e09d5-01ce-471b-a69e-76442e32e96a"/>
            <penta1_retro openmrs_entity="concept" openmrs_entity_id="5463239a-885f-11e5-ade6-005056b07f03" openmrs_entity_parent="14bbb764-4450-4708-b85e-61a7a2415103"/>
            <penta1_dose openmrs_entity="concept" openmrs_entity_id="54644d41-885f-11e5-ade6-005056b07f03" openmrs_entity_parent="14bbb764-4450-4708-b85e-61a7a2415103"/>
            <pcv2_retro openmrs_entity="concept" openmrs_entity_id="5463239a-885f-11e5-ade6-005056b07f03" openmrs_entity_parent="5a1a88b1-e757-48a2-9dd1-fac09fe492e8"/>
            <pcv2_dose openmrs_entity="concept" openmrs_entity_id="54644d41-885f-11e5-ade6-005056b07f03" openmrs_entity_parent="5a1a88b1-e757-48a2-9dd1-fac09fe492e8"/>
            <opv2_retro openmrs_entity="concept" openmrs_entity_id="5463239a-885f-11e5-ade6-005056b07f03" openmrs_entity_parent="804e09d5-01ce-471b-a69e-76442e32e96a"/>
            <opv2_dose openmrs_entity="concept" openmrs_entity_id="54644d41-885f-11e5-ade6-005056b07f03" openmrs_entity_parent="804e09d5-01ce-471b-a69e-76442e32e96a"/>
            <penta2_retro openmrs_entity="concept" openmrs_entity_id="5463239a-885f-11e5-ade6-005056b07f03" openmrs_entity_parent="14bbb764-4450-4708-b85e-61a7a2415103"/>
            <penta2_dose openmrs_entity="concept" openmrs_entity_id="54644d41-885f-11e5-ade6-005056b07f03" openmrs_entity_parent="14bbb764-4450-4708-b85e-61a7a2415103"/>
            <pcv3_retro openmrs_entity="concept" openmrs_entity_id="5463239a-885f-11e5-ade6-005056b07f03" openmrs_entity_parent="5a1a88b1-e757-48a2-9dd1-fac09fe492e8"/>
            <pcv3_dose openmrs_entity="concept" openmrs_entity_id="54644d41-885f-11e5-ade6-005056b07f03" openmrs_entity_parent="5a1a88b1-e757-48a2-9dd1-fac09fe492e8"/>
            <opv3_retro openmrs_entity="concept" openmrs_entity_id="5463239a-885f-11e5-ade6-005056b07f03" openmrs_entity_parent="804e09d5-01ce-471b-a69e-76442e32e96a"/>
            <opv3_dose openmrs_entity="concept" openmrs_entity_id="54644d41-885f-11e5-ade6-005056b07f03" openmrs_entity_parent="804e09d5-01ce-471b-a69e-76442e32e96a"/>
            <penta3_retro openmrs_entity="concept" openmrs_entity_id="5463239a-885f-11e5-ade6-005056b07f03" openmrs_entity_parent="14bbb764-4450-4708-b85e-61a7a2415103"/>
            <penta3_dose openmrs_entity="concept" openmrs_entity_id="54644d41-885f-11e5-ade6-005056b07f03" openmrs_entity_parent="14bbb764-4450-4708-b85e-61a7a2415103"/>
            <ipv_retro openmrs_entity="concept" openmrs_entity_id="5463239a-885f-11e5-ade6-005056b07f03" openmrs_entity_parent="23adb3a3-956f-44f5-bae5-de9b1f08f92a"/>
            <measles1_retro openmrs_entity="concept" openmrs_entity_id="5463239a-885f-11e5-ade6-005056b07f03" openmrs_entity_parent="509c8c4e-af86-47dc-87f8-72aac76d29bf"/>
            <measles1_dose openmrs_entity="concept" openmrs_entity_id="54644d41-885f-11e5-ade6-005056b07f03" openmrs_entity_parent="509c8c4e-af86-47dc-87f8-72aac76d29bf"/>
            <measles2_retro openmrs_entity="concept" openmrs_entity_id="5463239a-885f-11e5-ade6-005056b07f03" openmrs_entity_parent="509c8c4e-af86-47dc-87f8-72aac76d29bf"/>
            <measles2_dose openmrs_entity="concept" openmrs_entity_id="54644d41-885f-11e5-ade6-005056b07f03" openmrs_entity_parent="509c8c4e-af86-47dc-87f8-72aac76d29bf"/>
          </child_vaccines_group>
          <child_vaccines_2 openmrs_entity="concept" openmrs_entity_id="54621f39-885f-11e5-ade6-005056b07f03" openmrs_entity_parent="d74f7428-63ec-4d5e-9124-3992e2877df6"/>
          <bcg openmrs_entity="concept" openmrs_entity_id="5463239a-885f-11e5-ade6-005056b07f03" openmrs_entity_parent="4dde7c2a-8a6b-4f7a-a20e-c20df50747ca"/>
          <opv0 openmrs_entity="concept" openmrs_entity_id="5463239a-885f-11e5-ade6-005056b07f03" openmrs_entity_parent="804e09d5-01ce-471b-a69e-76442e32e96a"/>
          <opv0_dose_today openmrs_entity="concept" openmrs_entity_id="54644d41-885f-11e5-ade6-005056b07f03" openmrs_entity_parent="804e09d5-01ce-471b-a69e-76442e32e96a"/>
          <pcv1 openmrs_entity="concept" openmrs_entity_id="5463239a-885f-11e5-ade6-005056b07f03" openmrs_entity_parent="5a1a88b1-e757-48a2-9dd1-fac09fe492e8"/>
          <pcv1_dose_today openmrs_entity="concept" openmrs_entity_id="54644d41-885f-11e5-ade6-005056b07f03" openmrs_entity_parent="5a1a88b1-e757-48a2-9dd1-fac09fe492e8"/>
          <opv1 openmrs_entity="concept" openmrs_entity_id="5463239a-885f-11e5-ade6-005056b07f03" openmrs_entity_parent="804e09d5-01ce-471b-a69e-76442e32e96a"/>
          <opv1_dose_today openmrs_entity="concept" openmrs_entity_id="54644d41-885f-11e5-ade6-005056b07f03" openmrs_entity_parent="804e09d5-01ce-471b-a69e-76442e32e96a"/>
          <penta1 openmrs_entity="concept" openmrs_entity_id="5463239a-885f-11e5-ade6-005056b07f03" openmrs_entity_parent="14bbb764-4450-4708-b85e-61a7a2415103"/>
          <penta1_dose_today openmrs_entity="concept" openmrs_entity_id="54644d41-885f-11e5-ade6-005056b07f03" openmrs_entity_parent="14bbb764-4450-4708-b85e-61a7a2415103"/>
          <pcv2 openmrs_entity="concept" openmrs_entity_id="5463239a-885f-11e5-ade6-005056b07f03" openmrs_entity_parent="5a1a88b1-e757-48a2-9dd1-fac09fe492e8"/>
          <pcv2_dose_today openmrs_entity="concept" openmrs_entity_id="54644d41-885f-11e5-ade6-005056b07f03" openmrs_entity_parent="5a1a88b1-e757-48a2-9dd1-fac09fe492e8"/>
          <opv2 openmrs_entity="concept" openmrs_entity_id="5463239a-885f-11e5-ade6-005056b07f03" openmrs_entity_parent="804e09d5-01ce-471b-a69e-76442e32e96a"/>
          <opv2_dose_today openmrs_entity="concept" openmrs_entity_id="54644d41-885f-11e5-ade6-005056b07f03" openmrs_entity_parent="804e09d5-01ce-471b-a69e-76442e32e96a"/>
          <penta2 openmrs_entity="concept" openmrs_entity_id="5463239a-885f-11e5-ade6-005056b07f03" openmrs_entity_parent="14bbb764-4450-4708-b85e-61a7a2415103"/>
          <penta2_dose_today openmrs_entity="concept" openmrs_entity_id="54644d41-885f-11e5-ade6-005056b07f03" openmrs_entity_parent="14bbb764-4450-4708-b85e-61a7a2415103"/>
          <pcv3 openmrs_entity="concept" openmrs_entity_id="5463239a-885f-11e5-ade6-005056b07f03" openmrs_entity_parent="5a1a88b1-e757-48a2-9dd1-fac09fe492e8"/>
          <pcv3_dose_today openmrs_entity="concept" openmrs_entity_id="54644d41-885f-11e5-ade6-005056b07f03" openmrs_entity_parent="5a1a88b1-e757-48a2-9dd1-fac09fe492e8"/>
          <opv3 openmrs_entity="concept" openmrs_entity_id="5463239a-885f-11e5-ade6-005056b07f03" openmrs_entity_parent="804e09d5-01ce-471b-a69e-76442e32e96a"/>
          <opv3_dose_today openmrs_entity="concept" openmrs_entity_id="54644d41-885f-11e5-ade6-005056b07f03" openmrs_entity_parent="804e09d5-01ce-471b-a69e-76442e32e96a"/>
          <penta3 openmrs_entity="concept" openmrs_entity_id="5463239a-885f-11e5-ade6-005056b07f03" openmrs_entity_parent="14bbb764-4450-4708-b85e-61a7a2415103"/>
          <penta3_dose_today openmrs_entity="concept" openmrs_entity_id="54644d41-885f-11e5-ade6-005056b07f03" openmrs_entity_parent="14bbb764-4450-4708-b85e-61a7a2415103"/>
          <ipv openmrs_entity="concept" openmrs_entity_id="5463239a-885f-11e5-ade6-005056b07f03" openmrs_entity_parent="23adb3a3-956f-44f5-bae5-de9b1f08f92a"/>
          <measles1 openmrs_entity="concept" openmrs_entity_id="5463239a-885f-11e5-ade6-005056b07f03" openmrs_entity_parent="509c8c4e-af86-47dc-87f8-72aac76d29bf"/>
          <measles1_dose_today openmrs_entity="concept" openmrs_entity_id="54644d41-885f-11e5-ade6-005056b07f03" openmrs_entity_parent="509c8c4e-af86-47dc-87f8-72aac76d29bf"/>
          <measles2 openmrs_entity="concept" openmrs_entity_id="5463239a-885f-11e5-ade6-005056b07f03" openmrs_entity_parent="509c8c4e-af86-47dc-87f8-72aac76d29bf"/>
          <measles2_dose_today openmrs_entity="concept" openmrs_entity_id="54644d41-885f-11e5-ade6-005056b07f03" openmrs_entity_parent="509c8c4e-af86-47dc-87f8-72aac76d29bf"/>
          <final_bcg/>
          <final_opv0/>
          <final_pcv1/>
          <final_opv1/>
          <final_penta1/>
          <final_pcv2/>
          <final_opv2/>
          <final_penta2/>
          <final_pcv3/>
          <final_opv3/>
          <final_penta3/>
          <final_ipv/>
          <final_measles1/>
          <final_measles2/>
        </ChildInfo>
        <Is_woman/>
        <Is_child/>
        <Is_preg_outcome/>
      </HH_Member>
      <HH_current_form_status/>
      <meta>
        <instanceID/>
      </meta>
    </HHMemberReg>
  </instance>
  <instance id="yes_no">
    <root>
      <item>
        <itextId>static_instance-yes_no-0</itextId>
        <name>yes</name>
      </item>
      <item>
        <itextId>static_instance-yes_no-1</itextId>
        <name>no</name>
      </item>
    </root>
  </instance>
  <instance id="fp_methods">
    <root>
      <item>
        <itextId>static_instance-fp_methods-0</itextId>
        <name>0</name>
      </item>
      <item>
        <itextId>static_instance-fp_methods-1</itextId>
        <name>1</name>
      </item>
      <item>
        <itextId>static_instance-fp_methods-2</itextId>
        <name>2</name>
      </item>
    </root>
  </instance>
  <instance id="guardian_id_type">
    <root>
      <item>
        <itextId>static_instance-guardian_id_type-0</itextId>
        <name>1</name>
      </item>
      <item>
        <itextId>static_instance-guardian_id_type-1</itextId>
        <name>2</name>
      </item>
      <item>
        <itextId>static_instance-guardian_id_type-2</itextId>
        <name>3</name>
      </item>
      <item>
        <itextId>static_instance-guardian_id_type-3</itextId>
        <name>4</name>
      </item>
      <item>
        <itextId>static_instance-guardian_id_type-4</itextId>
        <name>5</name>
      </item>
      <item>
        <itextId>static_instance-guardian_id_type-5</itextId>
        <name>6</name>
      </item>
    </root>
  </instance>
  <instance id="care_received">
    <root>
      <item>
        <itextId>static_instance-care_received-0</itextId>
        <name>0</name>
      </item>
      <item>
        <itextId>static_instance-care_received-1</itextId>
        <name>1</name>
      </item>
      <item>
        <itextId>static_instance-care_received-2</itextId>
        <name>2</name>
      </item>
      <item>
        <itextId>static_instance-care_received-3</itextId>
        <name>3</name>
      </item>
    </root>
  </instance>
  <instance id="gender">
    <root>
      <item>
        <itextId>static_instance-gender-0</itextId>
        <name>1</name>
      </item>
      <item>
        <itextId>static_instance-gender-1</itextId>
        <name>2</name>
      </item>
    </root>
  </instance>
  <instance id="marital_status">
    <root>
      <item>
        <itextId>static_instance-marital_status-0</itextId>
        <name>1</name>
      </item>
      <item>
        <itextId>static_instance-marital_status-1</itextId>
        <name>2</name>
      </item>
      <item>
        <itextId>static_instance-marital_status-2</itextId>
        <name>3</name>
      </item>
    </root>
  </instance>
  <instance id="child_guardian_type">
    <root>
      <item>
        <itextId>static_instance-child_guardian_type-0</itextId>
        <name>1</name>
      </item>
      <item>
        <itextId>static_instance-child_guardian_type-1</itextId>
        <name>2</name>
      </item>
    </root>
  </instance>
  <instance id="vaccines">
    <root>
      <item>
        <itextId>static_instance-vaccines-0</itextId>
        <name>TT1</name>
      </item>
      <item>
        <itextId>static_instance-vaccines-1</itextId>
        <name>TT2</name>
      </item>
      <item>
        <itextId>static_instance-vaccines-2</itextId>
        <name>TT3</name>
      </item>
      <item>
        <itextId>static_instance-vaccines-3</itextId>
        <name>TT4</name>
      </item>
      <item>
        <itextId>static_instance-vaccines-4</itextId>
        <name>TT5</name>
      </item>
    </root>
  </instance>
  <instance id="block_no">
    <root>
      <item>
        <itextId>static_instance-block_no-0</itextId>
        <name>1-KA</name>
      </item>
      <item>
        <itextId>static_instance-block_no-1</itextId>
        <name>1-KHA</name>
      </item>
      <item>
        <itextId>static_instance-block_no-2</itextId>
        <name>2-KA</name>
      </item>
      <item>
        <itextId>static_instance-block_no-3</itextId>
        <name>2-KHA</name>
      </item>
      <item>
        <itextId>static_instance-block_no-4</itextId>
        <name>3-KA</name>
      </item>
      <item>
        <itextId>static_instance-block_no-5</itextId>
        <name>3-KHA</name>
      </item>
      <item>
        <itextId>static_instance-block_no-6</itextId>
        <name>4-KA</name>
      </item>
      <item>
        <itextId>static_instance-block_no-7</itextId>
        <name>4-KHA</name>
      </item>
    </root>
  </instance>
  <instance id="yn_dk">
    <root>
      <item>
        <itextId>static_instance-yn_dk-0</itextId>
        <name>0</name>
      </item>
      <item>
        <itextId>static_instance-yn_dk-1</itextId>
        <name>1</name>
      </item>
      <item>
        <itextId>static_instance-yn_dk-2</itextId>
        <name>9</name>
      </item>
    </root>
  </instance>
  <instance id="child_vaccines">
    <root>
      <item>
        <itextId>static_instance-child_vaccines-0</itextId>
        <name>bcg</name>
      </item>
      <item>
        <itextId>static_instance-child_vaccines-1</itextId>
        <name>opv0</name>
      </item>
      <item>
        <itextId>static_instance-child_vaccines-2</itextId>
        <name>pcv1</name>
      </item>
      <item>
        <itextId>static_instance-child_vaccines-3</itextId>
        <name>opv1</name>
      </item>
      <item>
        <itextId>static_instance-child_vaccines-4</itextId>
        <name>penta1</name>
      </item>
      <item>
        <itextId>static_instance-child_vaccines-5</itextId>
        <name>pcv2</name>
      </item>
      <item>
        <itextId>static_instance-child_vaccines-6</itextId>
        <name>opv2</name>
      </item>
      <item>
        <itextId>static_instance-child_vaccines-7</itextId>
        <name>penta2</name>
      </item>
      <item>
        <itextId>static_instance-child_vaccines-8</itextId>
        <name>pcv3</name>
      </item>
      <item>
        <itextId>static_instance-child_vaccines-9</itextId>
        <name>opv3</name>
      </item>
      <item>
        <itextId>static_instance-child_vaccines-10</itextId>
        <name>penta3</name>
      </item>
      <item>
        <itextId>static_instance-child_vaccines-11</itextId>
        <name>ipv</name>
      </item>
      <item>
        <itextId>static_instance-child_vaccines-12</itextId>
        <name>measles1</name>
      </item>
      <item>
        <itextId>static_instance-child_vaccines-13</itextId>
        <name>measles2</name>
      </item>
    </root>
  </instance>
  <instance id="id_type">
    <root>
      <item>
        <itextId>static_instance-id_type-0</itextId>
        <name>1</name>
      </item>
      <item>
        <itextId>static_instance-id_type-1</itextId>
        <name>2</name>
      </item>
      <item>
        <itextId>static_instance-id_type-2</itextId>
        <name>3</name>
      </item>
    </root>
  </instance>
  <instance id="mem_type">
    <root>
      <item>
        <itextId>static_instance-mem_type-0</itextId>
        <name>1</name>
      </item>
      <item>
        <itextId>static_instance-mem_type-1</itextId>
        <name>2</name>
      </item>
      <item>
        <itextId>static_instance-mem_type-2</itextId>
        <name>3</name>
      </item>
    </root>
  </instance>
  <instance id="birth_weigtht">
    <root>
      <item>
        <itextId>static_instance-birth_weigtht-0</itextId>
        <name>0</name>
      </item>
      <item>
        <itextId>static_instance-birth_weigtht-1</itextId>
        <name>1</name>
      </item>
      <item>
        <itextId>static_instance-birth_weigtht-2</itextId>
        <name>2</name>
      </item>
    </root>
  </instance>
  <instance id="guardian_type">
    <root>
      <item>
        <itextId>static_instance-guardian_type-0</itextId>
        <name>1</name>
      </item>
      <item>
        <itextId>static_instance-guardian_type-1</itextId>
        <name>2</name>
      </item>
      <item>
        <itextId>static_instance-guardian_type-2</itextId>
        <name>3</name>
      </item>
    </root>
  </instance>
  <instance id="ward">
    <root>
      <item>
        <itextId>static_instance-ward-0</itextId>
        <name>Ward-1</name>
      </item>
      <item>
        <itextId>static_instance-ward-1</itextId>
        <name>Ward-2</name>
      </item>
      <item>
        <itextId>static_instance-ward-2</itextId>
        <name>Ward-3</name>
      </item>
    </root>
  </instance>
  <instance id="education">
    <root>
      <item>
        <itextId>static_instance-education-0</itextId>
        <name>0</name>
      </item>
      <item>
        <itextId>static_instance-education-1</itextId>
        <name>1</name>
      </item>
      <item>
        <itextId>static_instance-education-2</itextId>
        <name>2</name>
      </item>
      <item>
        <itextId>static_instance-education-3</itextId>
        <name>3</name>
      </item>
      <item>
        <itextId>static_instance-education-4</itextId>
        <name>4</name>
      </item>
      <item>
        <itextId>static_instance-education-5</itextId>
        <name>5</name>
      </item>
      <item>
        <itextId>static_instance-education-6</itextId>
        <name>6</name>
      </item>
      <item>
        <itextId>static_instance-education-7</itextId>
        <name>7</name>
      </item>
      <item>
        <itextId>static_instance-education-8</itextId>
        <name>8</name>
      </item>
      <item>
        <itextId>static_instance-education-9</itextId>
        <name>9</name>
      </item>
      <item>
        <itextId>static_instance-education-10</itextId>
        <name>10</name>
      </item>
      <item>
        <itextId>static_instance-education-11</itextId>
        <name>11</name>
      </item>
      <item>
        <itextId>static_instance-education-12</itextId>
        <name>12</name>
      </item>
      <item>
        <itextId>static_instance-education-13</itextId>
        <name>13</name>
      </item>
      <item>
        <itextId>static_instance-education-14</itextId>
        <name>14</name>
      </item>
      <item>
        <itextId>static_instance-education-15</itextId>
        <name>15</name>
      </item>
      <item>
        <itextId>static_instance-education-16</itextId>
        <name>16</name>
      </item>
      <item>
        <itextId>static_instance-education-17</itextId>
        <name>17</name>
      </item>
    </root>
  </instance>
  <instance id="edd_lmp">
    <root>
      <item>
        <itextId>static_instance-edd_lmp-0</itextId>
        <name>edd</name>
      </item>
      <item>
        <itextId>static_instance-edd_lmp-1</itextId>
        <name>lmp</name>
      </item>
      <item>
        <itextId>static_instance-edd_lmp-2</itextId>
        <name>ultrasound</name>
      </item>
      <item>
        <itextId>static_instance-edd_lmp-3</itextId>
        <name>none</name>
      </item>
    </root>
  </instance>
  <instance id="occupation">
    <root>
      <item>
        <itextId>static_instance-occupation-0</itextId>
        <name>1</name>
      </item>
      <item>
        <itextId>static_instance-occupation-1</itextId>
        <name>2</name>
      </item>
      <item>
        <itextId>static_instance-occupation-2</itextId>
        <name>3</name>
      </item>
      <item>
        <itextId>static_instance-occupation-3</itextId>
        <name>4</name>
      </item>
      <item>
        <itextId>static_instance-occupation-4</itextId>
        <name>5</name>
      </item>
      <item>
        <itextId>static_instance-occupation-5</itextId>
        <name>6</name>
      </item>
      <item>
        <itextId>static_instance-occupation-6</itextId>
        <name>7</name>
      </item>
      <item>
        <itextId>static_instance-occupation-7</itextId>
        <name>8</name>
      </item>
    </root>
  </instance>
</model>