<?xml version="1.0"?>
<root><form autocomplete="off" novalidate="novalidate" class="or clearfix" dir="ltr" id="PNCVisit1">
    <!--This form was created by transforming a OpenRosa-flavored (X)Form using an XSLT sheet created by Enketo LLC.--><section class="form-logo"> </section><h3 id="form-title">&#x9AA;&#x9CD;&#x9B0;&#x9B8;&#x9AC; &#x9AA;&#x9B0;&#x9AC;&#x9B0;&#x9CD;&#x9A4;&#x9C0; &#x9AE;&#x9BE; &#x993; &#x9B6;&#x9BF;&#x9B6;&#x9C1;&#x9B0; &#x9B8;&#x9C7;&#x9AC;&#x9BE;&#x9B0; &#x9A4;&#x9A5;&#x9CD;&#x9AF; (PNC-1)</h3><select id="form-languages" data-default-lang="bn"><option value="bn">Bengali</option> <option value="en">English</option> </select>


    <fieldset class="question simple-select "><fieldset><legend><span lang="bn" class="question-label active" data-itext-id="/PNCVisit1/Visit_Status:label">&#x9AD;&#x9BF;&#x99C;&#x9BF;&#x99F; &#x9B8;&#x9CD;&#x99F;&#x9CD;&#x9AF;&#x9BE;&#x99F;&#x9BE;&#x9B8;</span><span lang="en" class="question-label " data-itext-id="/PNCVisit1/Visit_Status:label">Visit Status</span><span class="required">*</span>
    </legend><div class="option-wrapper"><label class=""><input type="radio" name="/PNCVisit1/Visit_Status" data-name="/PNCVisit1/Visit_Status" value="1" required="required" data-type-xml="select1"/><span lang="bn" class="option-label active" data-itext-id="/PNCVisit1/Visit_Status/1:label">&#x9AE;&#x9B9;&#x9BF;&#x9B2;&#x9BE;&#x9B0; &#x9B8;&#x9BE;&#x9A5;&#x9C7; &#x9A6;&#x9C7;&#x996;&#x9BE; &#x9B9;&#x9DF;&#x9C7;&#x99B;&#x9C7; &#x98F;&#x9AC;&#x982; &#x99C;&#x9C0;&#x9AC;&#x9BF;&#x9A4; &#x9AC;&#x9BE;&#x99A;&#x9CD;&#x99A;&#x9BE; &#x99C;&#x9A8;&#x9CD;&#x9AE; &#x9B9;&#x9DF;&#x9C7;&#x99B;&#x9C7;</span><span lang="en" class="option-label " data-itext-id="/PNCVisit1/Visit_Status/1:label">Met and baby alive</span></label><label class=""><input type="radio" name="/PNCVisit1/Visit_Status" data-name="/PNCVisit1/Visit_Status" value="2" required="required" data-type-xml="select1"/><span lang="bn" class="option-label active" data-itext-id="/PNCVisit1/Visit_Status/2:label">&#x9AE;&#x9B9;&#x9BF;&#x9B2;&#x9BE;&#x9B0; &#x9B8;&#x9BE;&#x9A5;&#x9C7; &#x9A6;&#x9C7;&#x996;&#x9BE; &#x9B9;&#x9DF;&#x9A8;&#x9BF;</span><span lang="en" class="option-label " data-itext-id="/PNCVisit1/Visit_Status/2:label">Not Met</span></label><label class=""><input type="radio" name="/PNCVisit1/Visit_Status" data-name="/PNCVisit1/Visit_Status" value="3" required="required" data-type-xml="select1"/><span lang="bn" class="option-label active" data-itext-id="/PNCVisit1/Visit_Status/3:label">&#x9AE;&#x9B9;&#x9BF;&#x9B2;&#x9BE;&#x9B0; &#x9B8;&#x9BE;&#x9A5;&#x9C7; &#x9A6;&#x9C7;&#x996;&#x9BE; &#x9B9;&#x9DF;&#x9C7;&#x99B;&#x9C7; &#x98F;&#x9AC;&#x982; &#x9AE;&#x9B9;&#x9BF;&#x9B2;&#x9BE;&#x9B0; &#x9AC;&#x9BE;&#x99A;&#x9CD;&#x99A;&#x9BE; &#x9A8;&#x9B7;&#x9CD;&#x99F; &#x9B9;&#x9DF;&#x9C7;&#x99B;&#x9C7; &#x9AC;&#x9BE; &#x9AE;&#x9C3;&#x9A4; &#x9AC;&#x9BE;&#x99A;&#x9CD;&#x99A;&#x9BE; &#x9AA;&#x9CD;&#x9B0;&#x9B8;&#x9AC; &#x995;&#x9B0;&#x9C7;&#x99B;&#x9C7;&#x9A8;</span><span lang="en" class="option-label " data-itext-id="/PNCVisit1/Visit_Status/3:label">Met and women had stillbirth</span></label><label class=""><input type="radio" name="/PNCVisit1/Visit_Status" data-name="/PNCVisit1/Visit_Status" value="6" required="required" data-type-xml="select1"/><span lang="bn" class="option-label active" data-itext-id="/PNCVisit1/Visit_Status/6:label">&#x9B8;&#x9BE;&#x995;&#x9CD;&#x9B7;&#x9BE;&#x9CE;&#x995;&#x9BE;&#x9B0; &#x9A6;&#x9BF;&#x9A4;&#x9C7; &#x985;&#x9B8;&#x9AE;&#x9CD;&#x9AE;&#x9A4;&#x9BF; &#x9A6;&#x9BF;&#x9DF;&#x9C7;&#x99B;&#x9C7;&#x9A8;</span><span lang="en" class="option-label " data-itext-id="/PNCVisit1/Visit_Status/6:label">Refused</span></label><label class=""><input type="radio" name="/PNCVisit1/Visit_Status" data-name="/PNCVisit1/Visit_Status" value="8" required="required" data-type-xml="select1"/><span lang="bn" class="option-label active" data-itext-id="/PNCVisit1/Visit_Status/8:label">&#x9B8;&#x9CD;&#x9A5;&#x9BE;&#x9DF;&#x9C0; &#x9AD;&#x9BE;&#x9AC;&#x9C7; &#x985;&#x9A8;&#x9CD;&#x9AF;&#x9A4;&#x9CD;&#x9B0; &#x99A;&#x9B2;&#x9C7; &#x997;&#x9C7;&#x99B;&#x9C7;&#x9A8;</span><span lang="en" class="option-label " data-itext-id="/PNCVisit1/Visit_Status/8:label">Permanently moved</span></label><label class=""><input type="radio" name="/PNCVisit1/Visit_Status" data-name="/PNCVisit1/Visit_Status" value="10" required="required" data-type-xml="select1"/><span lang="bn" class="option-label active" data-itext-id="/PNCVisit1/Visit_Status/10:label">&#x9AE;&#x9B9;&#x9BF;&#x9B2;&#x9BE; &#x9AE;&#x9BE;&#x9B0;&#x9BE; &#x997;&#x9C7;&#x99B;&#x9C7;&#x9A8;</span><span lang="en" class="option-label " data-itext-id="/PNCVisit1/Visit_Status/10:label">Woman Died</span></label></div></fieldset><span class="or-constraint-msg active" lang="" data-i18n="constraint.invalid">Value not allowed</span><span class="or-required-msg active" lang="" data-i18n="constraint.required">This field is required</span></fieldset>
    <section class="or-group-data or-branch pre-init " name="/PNCVisit1/Met" data-relevant="selected( /PNCVisit1/Visit_Status ,'1') or selected( /PNCVisit1/Visit_Status ,'3')"><label class="note non-select "><span lang="bn" class="question-label active" data-itext-id="/PNCVisit1/Met/Confirm_Info:label">&#x9AE;&#x9B9;&#x9BF;&#x9B2;&#x9BE;&#x9B0; &#x9A4;&#x9A5;&#x9CD;&#x9AF;&#x997;&#x9C1;&#x9B2;&#x9CB; &#x9B8;&#x9A0;&#x9BF;&#x995; &#x995;&#x9BF;&#x9A8;&#x9BE; &#x9A4;&#x9BE; &#x9A8;&#x9BF;&#x9B6;&#x9CD;&#x99A;&#x9BF;&#x9A4; &#x995;&#x9B0;&#x9C1;&#x9A8;&#x964;
        &#x9A8;&#x9BE;&#x9AE;: <span class="or-output" data-value=" /PNCVisit1/existing_Mem_F_Name ">
        </span>
        &#x996;&#x9BE;&#x9A8;&#x9BE; &#x9A8;&#x9AE;&#x9CD;&#x9AC;&#x9B0;: <span class="or-output" data-value=" /PNCVisit1/existing_GoB_HHID ">
        </span>
        &#x996;&#x9BE;&#x9A8;&#x9BE; &#x9AA;&#x9CD;&#x9B0;&#x9A7;&#x9BE;&#x9A8;&#x983; <span class="or-output" data-value=" /PNCVisit1/existing_HoH_F_Name ">
        </span>
        &#x9B8;&#x9CD;&#x9AC;&#x9BE;&#x9AE;&#x9C0;&#x9B0; &#x9A8;&#x9BE;&#x9AE;&#x983; <span class="or-output" data-value=" /PNCVisit1/existing_Spouse_Name ">
        </span>
        &#x9A6;&#x9AE;&#x9CD;&#x9AA;&#x9A4;&#x9BF; &#x9A8;&#x982;&#x983;<span class="or-output" data-value=" /PNCVisit1/existing_Couple_No ">
        </span>
        &#x99F;&#x9BF;&#x99F;&#x9BF; &#x99F;&#x9BF;&#x995;&#x9BE; &#x9A6;&#x9C7;&#x993;&#x9DF;&#x9BE; &#x9B9;&#x9DF;&#x9C7;&#x99B;&#x9C7;&#x983; <span class="or-output" data-value=" /PNCVisit1/existing_TT_Count ">
        </span> &#x99F;&#x9BF;
        &#x9AE;&#x9CB;&#x9AC;&#x9BE;&#x987;&#x9B2; &#x9A8;&#x9AE;&#x9CD;&#x9AC;&#x9B0;&#x983; <span class="or-output" data-value=" /PNCVisit1/existing_ELCO_Mobile_Number ">
        </span>
        &#x997;&#x9CD;&#x9B0;&#x9BE;&#x9AE;&#x9C7;&#x9B0; &#x9A8;&#x9BE;&#x9AE;&#x983; <span class="or-output" data-value=" /PNCVisit1/existing_Final_Vill ">
        </span>
        &#x9B6;&#x9C7;&#x9B7; &#x9AE;&#x9BE;&#x9B8;&#x9BF;&#x995;&#x9C7;&#x9B0; &#x9A4;&#x9BE;&#x9B0;&#x9BF;&#x996;&#x983; <span class="or-output" data-value=" /PNCVisit1/existing_LMP ">
        </span></span><span lang="en" class="question-label " data-itext-id="/PNCVisit1/Met/Confirm_Info:label">Confirm woman&#x2019;s infromation are correct:
        Name: <span class="or-output" data-value=" /PNCVisit1/existing_Mem_F_Name ">
        </span>
        GoB HHID: <span class="or-output" data-value=" /PNCVisit1/existing_GoB_HHID ">
        </span>
        HoH: <span class="or-output" data-value=" /PNCVisit1/existing_HoH_F_Name ">
        </span>
        Spouse Name: <span class="or-output" data-value=" /PNCVisit1/existing_Spouse_Name ">
        </span>
        Couple No: <span class="or-output" data-value=" /PNCVisit1/existing_Couple_No ">
        </span>
        TT Dose No: <span class="or-output" data-value=" /PNCVisit1/existing_TT_Count ">
        </span>
        Mobile Number: <span class="or-output" data-value=" /PNCVisit1/existing_ELCO_Mobile_Number ">
        </span>
        Village Name: <span class="or-output" data-value=" /PNCVisit1/existing_Final_Vill ">
        </span>
        LMP: <span class="or-output" data-value=" /PNCVisit1/existing_LMP ">
        </span></span><input type="text" name="/PNCVisit1/Met/Confirm_Info" data-type-xml="string" readonly="readonly"/></label><label class="question non-select "><span lang="bn" class="question-label active" data-itext-id="/PNCVisit1/Met/Visit_Date:label">&#x9AA;&#x9B0;&#x9BF;&#x9A6;&#x9B0;&#x9CD;&#x9B6;&#x9A8;-&#x9E7; (&#x9A4;&#x9BE;&#x9B0;&#x9BF;&#x996;)</span><span lang="en" class="question-label " data-itext-id="/PNCVisit1/Met/Visit_Date:label">Visit-1 (Date)</span><span class="required">*</span><input type="date" name="/PNCVisit1/Met/Visit_Date" required="required" data-constraint=".&lt;= /PNCVisit1/today " data-type-xml="date"/><span class="or-constraint-msg active" lang="" data-i18n="constraint.invalid">Value not allowed</span><span class="or-required-msg active" lang="" data-i18n="constraint.required">This field is required</span></label><fieldset class="question simple-select "><fieldset><legend><span lang="bn" class="question-label active" data-itext-id="/PNCVisit1/Met/Has_PNC_Given_On_Time:label">&#x9AF;&#x9A5;&#x9BE;&#x9B8;&#x9AE;&#x9DF;&#x9C7; &#x9E7;&#x9AE; &#x9AA;&#x9CD;&#x9B0;&#x9B8;&#x9AC;&#x9CB;&#x9A4;&#x9CD;&#x9A4;&#x9B0; &#x9B8;&#x9C7;&#x9AC;&#x9BE; &#x9A6;&#x9C7;&#x993;&#x9DF;&#x9BE; &#x9B9;&#x9DF;&#x9C7;&#x99B;&#x9C7; &#x995;&#x9BF; &#x9A8;&#x9BE;- <span class="or-output" data-value=" /PNCVisit1/Met/Calc_On_Time ">
    </span></span><span lang="en" class="question-label " data-itext-id="/PNCVisit1/Met/Has_PNC_Given_On_Time:label">Has PNC-1 given on time- <span class="or-output" data-value=" /PNCVisit1/Met/Calc_On_Time ">
    </span></span>
    </legend><div class="option-wrapper"><label class=""><input type="radio" name="/PNCVisit1/Met/Has_PNC_Given_On_Time" data-name="/PNCVisit1/Met/Has_PNC_Given_On_Time" value="0" data-type-xml="select1"/><span lang="bn" class="option-label active" data-itext-id="/PNCVisit1/Met/Has_PNC_Given_On_Time/0:label">&#x9A8;&#x9BE;</span><span lang="en" class="option-label " data-itext-id="/PNCVisit1/Met/Has_PNC_Given_On_Time/0:label">No</span></label><label class=""><input type="radio" name="/PNCVisit1/Met/Has_PNC_Given_On_Time" data-name="/PNCVisit1/Met/Has_PNC_Given_On_Time" value="1" data-type-xml="select1"/><span lang="bn" class="option-label active" data-itext-id="/PNCVisit1/Met/Has_PNC_Given_On_Time/1:label">&#x9B9;&#x9CD;&#x9AF;&#x9BE;&#x981;</span><span lang="en" class="option-label " data-itext-id="/PNCVisit1/Met/Has_PNC_Given_On_Time/1:label">Yes</span></label></div></fieldset><span class="or-constraint-msg active" lang="" data-i18n="constraint.invalid">Value not allowed</span></fieldset><section class="or-group or-appearance-field-list " name="/PNCVisit1/Met/Symptoms"><h4><span lang="bn" class="question-label active" data-itext-id="/PNCVisit1/Met/Symptoms:label">&#x99D;&#x9C1;&#x995;&#x9BF;&#x9AA;&#x9C2;&#x9B0;&#x9CD;&#x9A3;/&#x99C;&#x99F;&#x9BF;&#x9B2; &#x985;&#x9AC;&#x9B8;&#x9CD;&#x9A5;&#x9BE;&#x9B0; &#x9B2;&#x995;&#x9CD;&#x9B7;&#x9A3;</span><span lang="en" class="question-label " data-itext-id="/PNCVisit1/Met/Symptoms:label">Symptoms for Critical/Risky conditions</span></h4><fieldset class="question or-appearance-label "><fieldset><legend><span lang="bn" class="question-label active" data-itext-id="/PNCVisit1/Met/Symptoms/yn_dk_label:label">&#x9AA;&#x9CD;&#x9B0;&#x9A4;&#x9CD;&#x9AF;&#x9C7;&#x995; &#x985;&#x9AC;&#x9B8;&#x9CD;&#x9A5;&#x9BE;&#x9B0; &#x99C;&#x9A8;&#x9CD;&#x9AF; &#x98F;&#x995;&#x99F;&#x9BF; &#x995;&#x9B0;&#x9C7; &#x989;&#x9A4;&#x9CD;&#x9A4;&#x9B0; &#x9A8;&#x9BF;&#x9B0;&#x9CD;&#x9AC;&#x9BE;&#x99A;&#x9A8; &#x995;&#x9B0;&#x9C1;&#x9A8;-</span><span lang="en" class="question-label " data-itext-id="/PNCVisit1/Met/Symptoms/yn_dk_label:label">Select one response for each condition:</span>
    </legend><div class="option-wrapper"><label class=""><input type="radio" name="/PNCVisit1/Met/Symptoms/yn_dk_label" data-name="/PNCVisit1/Met/Symptoms/yn_dk_label" value="0" data-type-xml="select1"/><span lang="bn" class="option-label active" data-itext-id="/PNCVisit1/Met/Symptoms/yn_dk_label/0:label">&#x9A8;&#x9BE;</span><span lang="en" class="option-label " data-itext-id="/PNCVisit1/Met/Symptoms/yn_dk_label/0:label">No</span></label><label class=""><input type="radio" name="/PNCVisit1/Met/Symptoms/yn_dk_label" data-name="/PNCVisit1/Met/Symptoms/yn_dk_label" value="1" data-type-xml="select1"/><span lang="bn" class="option-label active" data-itext-id="/PNCVisit1/Met/Symptoms/yn_dk_label/1:label">&#x9B9;&#x9CD;&#x9AF;&#x9BE;&#x981;</span><span lang="en" class="option-label " data-itext-id="/PNCVisit1/Met/Symptoms/yn_dk_label/1:label">Yes</span></label></div></fieldset><span class="or-constraint-msg active" lang="" data-i18n="constraint.invalid">Value not allowed</span></fieldset><fieldset class="question or-appearance-list-nolabel "><fieldset><legend><span lang="bn" class="question-label active" data-itext-id="/PNCVisit1/Met/Symptoms/Menstruation:label">&#x9AA;&#x9CD;&#x9B0;&#x9B8;&#x9AC;&#x9C7;&#x9B0; &#x9AA;&#x9B0; &#x9B0;&#x995;&#x9CD;&#x9A4;&#x9B8;&#x9CD;&#x9B0;&#x9BE;&#x9AC;</span><span lang="en" class="question-label " data-itext-id="/PNCVisit1/Met/Symptoms/Menstruation:label">Menstruation after delivery</span>
    </legend><div class="option-wrapper"><label class=""><input type="radio" name="/PNCVisit1/Met/Symptoms/Menstruation" data-name="/PNCVisit1/Met/Symptoms/Menstruation" value="0" data-type-xml="select1"/><span lang="bn" class="option-label active" data-itext-id="/PNCVisit1/Met/Symptoms/Menstruation/0:label">&#x9A8;&#x9BE;</span><span lang="en" class="option-label " data-itext-id="/PNCVisit1/Met/Symptoms/Menstruation/0:label">No</span></label><label class=""><input type="radio" name="/PNCVisit1/Met/Symptoms/Menstruation" data-name="/PNCVisit1/Met/Symptoms/Menstruation" value="1" data-type-xml="select1"/><span lang="bn" class="option-label active" data-itext-id="/PNCVisit1/Met/Symptoms/Menstruation/1:label">&#x9B9;&#x9CD;&#x9AF;&#x9BE;&#x981;</span><span lang="en" class="option-label " data-itext-id="/PNCVisit1/Met/Symptoms/Menstruation/1:label">Yes</span></label></div></fieldset><span class="or-constraint-msg active" lang="" data-i18n="constraint.invalid">Value not allowed</span></fieldset><fieldset class="question or-appearance-list-nolabel "><fieldset><legend><span lang="bn" class="question-label active" data-itext-id="/PNCVisit1/Met/Symptoms/Headache_Blur_Vision:label">&#x9AA;&#x9CD;&#x9B0;&#x9B8;&#x9AC;&#x9C7;&#x9B0; &#x9AA;&#x9B0; &#x9B6;&#x9B0;&#x9C0;&#x9B0;&#x9C7; &#x9AA;&#x9BE;&#x9A8;&#x9BF; &#x986;&#x9B8;&#x9BE;, &#x996;&#x9C1;&#x9AC; &#x9AC;&#x9C7;&#x9B6;&#x9BF; &#x9AE;&#x9BE;&#x9A5;&#x9BE;&#x9AC;&#x9CD;&#x9AF;&#x9A5;&#x9BE;, &#x99A;&#x9CB;&#x996;&#x9C7; &#x99D;&#x9BE;&#x9AA;&#x9B8;&#x9BE; &#x9A6;&#x9C7;&#x996;&#x9BE;</span><span lang="en" class="question-label " data-itext-id="/PNCVisit1/Met/Symptoms/Headache_Blur_Vision:label">Swelling, bad headache, blurr vision after delivery</span>
    </legend><div class="option-wrapper"><label class=""><input type="radio" name="/PNCVisit1/Met/Symptoms/Headache_Blur_Vision" data-name="/PNCVisit1/Met/Symptoms/Headache_Blur_Vision" value="0" data-type-xml="select1"/><span lang="bn" class="option-label active" data-itext-id="/PNCVisit1/Met/Symptoms/Headache_Blur_Vision/0:label">&#x9A8;&#x9BE;</span><span lang="en" class="option-label " data-itext-id="/PNCVisit1/Met/Symptoms/Headache_Blur_Vision/0:label">No</span></label><label class=""><input type="radio" name="/PNCVisit1/Met/Symptoms/Headache_Blur_Vision" data-name="/PNCVisit1/Met/Symptoms/Headache_Blur_Vision" value="1" data-type-xml="select1"/><span lang="bn" class="option-label active" data-itext-id="/PNCVisit1/Met/Symptoms/Headache_Blur_Vision/1:label">&#x9B9;&#x9CD;&#x9AF;&#x9BE;&#x981;</span><span lang="en" class="option-label " data-itext-id="/PNCVisit1/Met/Symptoms/Headache_Blur_Vision/1:label">Yes</span></label></div></fieldset><span class="or-constraint-msg active" lang="" data-i18n="constraint.invalid">Value not allowed</span></fieldset><fieldset class="question or-appearance-list-nolabel "><fieldset><legend><span lang="bn" class="question-label active" data-itext-id="/PNCVisit1/Met/Symptoms/High_Fever:label">&#x9AA;&#x9CD;&#x9B0;&#x9B8;&#x9AC;&#x9C7;&#x9B0; &#x9AA;&#x9B0; &#x9A4;&#x9BF;&#x9A8; &#x9A6;&#x9BF;&#x9A8;&#x9C7;&#x9B0; &#x9AC;&#x9C7;&#x9B6;&#x9C0; &#x99C;&#x9CD;&#x9AC;&#x9B0;/&#x9A6;&#x9C1;&#x9B0;&#x9CD;&#x997;&#x9A8;&#x9CD;&#x9A7;&#x9AF;&#x9C1;&#x995;&#x9CD;&#x9A4; &#x9B8;&#x9CD;&#x9B0;&#x9BE;&#x9AC;</span><span lang="en" class="question-label " data-itext-id="/PNCVisit1/Met/Symptoms/High_Fever:label">High fever/Smelly discharge for more than 3 days</span>
    </legend><div class="option-wrapper"><label class=""><input type="radio" name="/PNCVisit1/Met/Symptoms/High_Fever" data-name="/PNCVisit1/Met/Symptoms/High_Fever" value="0" data-type-xml="select1"/><span lang="bn" class="option-label active" data-itext-id="/PNCVisit1/Met/Symptoms/High_Fever/0:label">&#x9A8;&#x9BE;</span><span lang="en" class="option-label " data-itext-id="/PNCVisit1/Met/Symptoms/High_Fever/0:label">No</span></label><label class=""><input type="radio" name="/PNCVisit1/Met/Symptoms/High_Fever" data-name="/PNCVisit1/Met/Symptoms/High_Fever" value="1" data-type-xml="select1"/><span lang="bn" class="option-label active" data-itext-id="/PNCVisit1/Met/Symptoms/High_Fever/1:label">&#x9B9;&#x9CD;&#x9AF;&#x9BE;&#x981;</span><span lang="en" class="option-label " data-itext-id="/PNCVisit1/Met/Symptoms/High_Fever/1:label">Yes</span></label></div></fieldset><span class="or-constraint-msg active" lang="" data-i18n="constraint.invalid">Value not allowed</span></fieldset><fieldset class="question or-appearance-list-nolabel "><fieldset><legend><span lang="bn" class="question-label active" data-itext-id="/PNCVisit1/Met/Symptoms/Convulsions:label">&#x996;&#x9BF;&#x981;&#x99A;&#x9C1;&#x9A8;&#x9BF;</span><span lang="en" class="question-label " data-itext-id="/PNCVisit1/Met/Symptoms/Convulsions:label">Convulasions</span>
    </legend><div class="option-wrapper"><label class=""><input type="radio" name="/PNCVisit1/Met/Symptoms/Convulsions" data-name="/PNCVisit1/Met/Symptoms/Convulsions" value="0" data-type-xml="select1"/><span lang="bn" class="option-label active" data-itext-id="/PNCVisit1/Met/Symptoms/Convulsions/0:label">&#x9A8;&#x9BE;</span><span lang="en" class="option-label " data-itext-id="/PNCVisit1/Met/Symptoms/Convulsions/0:label">No</span></label><label class=""><input type="radio" name="/PNCVisit1/Met/Symptoms/Convulsions" data-name="/PNCVisit1/Met/Symptoms/Convulsions" value="1" data-type-xml="select1"/><span lang="bn" class="option-label active" data-itext-id="/PNCVisit1/Met/Symptoms/Convulsions/1:label">&#x9B9;&#x9CD;&#x9AF;&#x9BE;&#x981;</span><span lang="en" class="option-label " data-itext-id="/PNCVisit1/Met/Symptoms/Convulsions/1:label">Yes</span></label></div></fieldset><span class="or-constraint-msg active" lang="" data-i18n="constraint.invalid">Value not allowed</span></fieldset>
    </section><!--end of group --><fieldset class="question simple-select "><fieldset><legend><span lang="bn" class="question-label active" data-itext-id="/PNCVisit1/Met/Is_Critical:label">&#x9AE;&#x9BE;&#x9DF;&#x9C7;&#x9B0; &#x985;&#x9AC;&#x9B8;&#x9CD;&#x9A5;&#x9BE; &#x995;&#x9BF; &#x99D;&#x9C1;&#x981;&#x995;&#x9BF;&#x9AA;&#x9C2;&#x9B0;&#x9CD;&#x9A3;/&#x99C;&#x99F;&#x9BF;&#x9B2;?</span><span lang="en" class="question-label " data-itext-id="/PNCVisit1/Met/Is_Critical:label">Is the mother's condition risky/critical?</span><span class="required">*</span>
    </legend><div class="option-wrapper"><label class=""><input type="radio" name="/PNCVisit1/Met/Is_Critical" data-name="/PNCVisit1/Met/Is_Critical" value="0" required="required" data-type-xml="select1"/><span lang="bn" class="option-label active" data-itext-id="/PNCVisit1/Met/Is_Critical/0:label">&#x9A8;&#x9BE;</span><span lang="en" class="option-label " data-itext-id="/PNCVisit1/Met/Is_Critical/0:label">No</span></label><label class=""><input type="radio" name="/PNCVisit1/Met/Is_Critical" data-name="/PNCVisit1/Met/Is_Critical" value="1" required="required" data-type-xml="select1"/><span lang="bn" class="option-label active" data-itext-id="/PNCVisit1/Met/Is_Critical/1:label">&#x9B9;&#x9CD;&#x9AF;&#x9BE;&#x981;</span><span lang="en" class="option-label " data-itext-id="/PNCVisit1/Met/Is_Critical/1:label">Yes</span></label></div></fieldset><span class="or-constraint-msg active" lang="" data-i18n="constraint.invalid">Value not allowed</span><span class="or-required-msg active" lang="" data-i18n="constraint.required">This field is required</span></fieldset><fieldset class="question simple-select or-branch pre-init "><fieldset><legend><span lang="bn" class="question-label active" data-itext-id="/PNCVisit1/Met/Is_Reffered:label">&#x99D;&#x9C1;&#x981;&#x995;&#x9BF;&#x9AA;&#x9C2;&#x9B0;&#x9CD;&#x9A3;/&#x99C;&#x99F;&#x9BF;&#x9B2; &#x997;&#x9B0;&#x9CD;&#x9AD;&#x9AC;&#x9A4;&#x9C0; &#x9AE;&#x9BE;&#x995;&#x9C7; &#x9B0;&#x9C7;&#x9AB;&#x9BE;&#x9B0; &#x995;&#x9B0;&#x9BE; &#x9B9;&#x9DF;&#x9C7;&#x99B;&#x9C7;?</span><span lang="en" class="question-label " data-itext-id="/PNCVisit1/Met/Is_Reffered:label">Has the pregnant mother referred duringrisky/ critical condition?</span><span class="required">*</span>
    </legend><div class="option-wrapper"><label class=""><input type="radio" name="/PNCVisit1/Met/Is_Reffered" data-name="/PNCVisit1/Met/Is_Reffered" value="0" required="required" data-relevant=" /PNCVisit1/Met/Is_Critical ='1'" data-type-xml="select1"/><span lang="bn" class="option-label active" data-itext-id="/PNCVisit1/Met/Is_Reffered/0:label">&#x9A8;&#x9BE;</span><span lang="en" class="option-label " data-itext-id="/PNCVisit1/Met/Is_Reffered/0:label">No</span></label><label class=""><input type="radio" name="/PNCVisit1/Met/Is_Reffered" data-name="/PNCVisit1/Met/Is_Reffered" value="1" required="required" data-relevant=" /PNCVisit1/Met/Is_Critical ='1'" data-type-xml="select1"/><span lang="bn" class="option-label active" data-itext-id="/PNCVisit1/Met/Is_Reffered/1:label">&#x9B9;&#x9CD;&#x9AF;&#x9BE;&#x981;</span><span lang="en" class="option-label " data-itext-id="/PNCVisit1/Met/Is_Reffered/1:label">Yes</span></label></div></fieldset><span class="or-constraint-msg active" lang="" data-i18n="constraint.invalid">Value not allowed</span><span class="or-required-msg active" lang="" data-i18n="constraint.required">This field is required</span></fieldset><section class="or-group or-branch pre-init " name="/PNCVisit1/Met/Newborn" data-relevant="selected( /PNCVisit1/Visit_Status ,'1')"><h4><span lang="bn" class="question-label active" data-itext-id="/PNCVisit1/Met/Newborn:label">&#x9A8;&#x9AC;&#x99C;&#x9BE;&#x9A4;&#x995;&#x9C7;&#x9B0; &#x9B8;&#x9C7;&#x9AC;&#x9BE; &#x9B8;&#x982;&#x995;&#x9CD;&#x9B0;&#x9BE;&#x9A8;&#x9CD;&#x9A4; &#x9A4;&#x9A5;&#x9CD;&#x9AF;&#x983;</span><span lang="en" class="question-label " data-itext-id="/PNCVisit1/Met/Newborn:label">Newborn care related info:</span></h4><fieldset class="question or-appearance-label "><fieldset><legend><span lang="bn" class="question-label active" data-itext-id="/PNCVisit1/Met/Newborn/yn_dk_label:label">&#x9AA;&#x9CD;&#x9B0;&#x9A4;&#x9CD;&#x9AF;&#x9C7;&#x995; &#x985;&#x9AC;&#x9B8;&#x9CD;&#x9A5;&#x9BE;&#x9B0; &#x99C;&#x9A8;&#x9CD;&#x9AF; &#x98F;&#x995;&#x99F;&#x9BF; &#x995;&#x9B0;&#x9C7; &#x989;&#x9A4;&#x9CD;&#x9A4;&#x9B0; &#x9A8;&#x9BF;&#x9B0;&#x9CD;&#x9AC;&#x9BE;&#x99A;&#x9A8; &#x995;&#x9B0;&#x9C1;&#x9A8;-</span><span lang="en" class="question-label " data-itext-id="/PNCVisit1/Met/Newborn/yn_dk_label:label">Select one response for each condition:</span>
    </legend><div class="option-wrapper"><label class=""><input type="radio" name="/PNCVisit1/Met/Newborn/yn_dk_label" data-name="/PNCVisit1/Met/Newborn/yn_dk_label" value="0" data-type-xml="select1"/><span lang="bn" class="option-label active" data-itext-id="/PNCVisit1/Met/Newborn/yn_dk_label/0:label">&#x9A8;&#x9BE;</span><span lang="en" class="option-label " data-itext-id="/PNCVisit1/Met/Newborn/yn_dk_label/0:label">No</span></label><label class=""><input type="radio" name="/PNCVisit1/Met/Newborn/yn_dk_label" data-name="/PNCVisit1/Met/Newborn/yn_dk_label" value="1" data-type-xml="select1"/><span lang="bn" class="option-label active" data-itext-id="/PNCVisit1/Met/Newborn/yn_dk_label/1:label">&#x9B9;&#x9CD;&#x9AF;&#x9BE;&#x981;</span><span lang="en" class="option-label " data-itext-id="/PNCVisit1/Met/Newborn/yn_dk_label/1:label">Yes</span></label></div></fieldset><span class="or-constraint-msg active" lang="" data-i18n="constraint.invalid">Value not allowed</span></fieldset><fieldset class="question or-appearance-list-nolabel "><fieldset><legend><span lang="bn" class="question-label active" data-itext-id="/PNCVisit1/Met/Newborn/Is_Cleaned:label">&#x99C;&#x9A8;&#x9CD;&#x9AE;&#x9C7;&#x9B0; &#x9AA;&#x9B0;&#x9AA;&#x9B0;&#x987; &#x9B6;&#x9C1;&#x9B8;&#x9CD;&#x995; &#x993; &#x9AA;&#x9B0;&#x9BF;&#x9B8;&#x9CD;&#x995;&#x9BE;&#x9B0; &#x995;&#x9BE;&#x9AA;&#x9DC; &#x9A6;&#x9BF;&#x9DF;&#x9C7; &#x9AE;&#x9C1;&#x99B;&#x9BE;&#x9A8;&#x9CB; &#x993; &#x9AE;&#x9CB;&#x9DC;&#x9BE;&#x9A8;&#x9CB; &#x9B9;&#x9DF;&#x9C7;&#x99B;&#x9C7; &#x995;&#x9BF; &#x9A8;&#x9BE;?</span><span lang="en" class="question-label " data-itext-id="/PNCVisit1/Met/Newborn/Is_Cleaned:label">Has the baby cleaned and wrapped with dry clotheright after birth?</span><span class="required">*</span>
    </legend><div class="option-wrapper"><label class=""><input type="radio" name="/PNCVisit1/Met/Newborn/Is_Cleaned" data-name="/PNCVisit1/Met/Newborn/Is_Cleaned" value="0" required="required" data-type-xml="select1"/><span lang="bn" class="option-label active" data-itext-id="/PNCVisit1/Met/Newborn/Is_Cleaned/0:label">&#x9A8;&#x9BE;</span><span lang="en" class="option-label " data-itext-id="/PNCVisit1/Met/Newborn/Is_Cleaned/0:label">No</span></label><label class=""><input type="radio" name="/PNCVisit1/Met/Newborn/Is_Cleaned" data-name="/PNCVisit1/Met/Newborn/Is_Cleaned" value="1" required="required" data-type-xml="select1"/><span lang="bn" class="option-label active" data-itext-id="/PNCVisit1/Met/Newborn/Is_Cleaned/1:label">&#x9B9;&#x9CD;&#x9AF;&#x9BE;&#x981;</span><span lang="en" class="option-label " data-itext-id="/PNCVisit1/Met/Newborn/Is_Cleaned/1:label">Yes</span></label></div></fieldset><span class="or-constraint-msg active" lang="" data-i18n="constraint.invalid">Value not allowed</span><span class="or-required-msg active" lang="" data-i18n="constraint.required">This field is required</span></fieldset><fieldset class="question or-appearance-list-nolabel "><fieldset><legend><span lang="bn" class="question-label active" data-itext-id="/PNCVisit1/Met/Newborn/Chlorhexidin:label">&#x9A8;&#x9BE;&#x9DC;&#x9BF; &#x995;&#x9BE;&#x99F;&#x9BE;&#x9B0; &#x9AA;&#x9B0; &#x9ED;.&#x9E7;% &#x98F;&#x995;&#x9AC;&#x9BE;&#x9B0; &#x995;&#x9CD;&#x9B2;&#x9CB;&#x9B0;&#x9CB;&#x9B9;&#x9C7;&#x995;&#x9CD;&#x9B8;&#x9BF;&#x9A1;&#x9BF;&#x9A8; &#x9AC;&#x9CD;&#x9AF;&#x9AC;&#x9B9;&#x9BE;&#x9B0; &#x995;&#x9B0;&#x9BE; &#x9B9;&#x9DF;&#x9C7;&#x99B;&#x9C7; &#x995;&#x9BF; &#x9A8;&#x9BE;?</span><span lang="en" class="question-label " data-itext-id="/PNCVisit1/Met/Newborn/Chlorhexidin:label">Has Chlorhexidin 7.1% used after the umbilical cord is cut?</span><span class="required">*</span>
    </legend><div class="option-wrapper"><label class=""><input type="radio" name="/PNCVisit1/Met/Newborn/Chlorhexidin" data-name="/PNCVisit1/Met/Newborn/Chlorhexidin" value="0" required="required" data-type-xml="select1"/><span lang="bn" class="option-label active" data-itext-id="/PNCVisit1/Met/Newborn/Chlorhexidin/0:label">&#x9A8;&#x9BE;</span><span lang="en" class="option-label " data-itext-id="/PNCVisit1/Met/Newborn/Chlorhexidin/0:label">No</span></label><label class=""><input type="radio" name="/PNCVisit1/Met/Newborn/Chlorhexidin" data-name="/PNCVisit1/Met/Newborn/Chlorhexidin" value="1" required="required" data-type-xml="select1"/><span lang="bn" class="option-label active" data-itext-id="/PNCVisit1/Met/Newborn/Chlorhexidin/1:label">&#x9B9;&#x9CD;&#x9AF;&#x9BE;&#x981;</span><span lang="en" class="option-label " data-itext-id="/PNCVisit1/Met/Newborn/Chlorhexidin/1:label">Yes</span></label></div></fieldset><span class="or-constraint-msg active" lang="" data-i18n="constraint.invalid">Value not allowed</span><span class="or-required-msg active" lang="" data-i18n="constraint.required">This field is required</span></fieldset><fieldset class="question or-appearance-list-nolabel "><fieldset><legend><span lang="bn" class="question-label active" data-itext-id="/PNCVisit1/Met/Newborn/Breasmilk_Fed:label">&#x99C;&#x9A8;&#x9CD;&#x9AE;&#x9C7;&#x9B0; &#x9E7; &#x998;&#x9A8;&#x9CD;&#x99F;&#x9BE;&#x9B0; &#x9AE;&#x9A7;&#x9CD;&#x9AF;&#x9C7; &#x9AC;&#x9C1;&#x995;&#x9C7;&#x9B0; &#x9A6;&#x9C1;&#x9A7; &#x996;&#x9BE;&#x993;&#x9DF;&#x9BE;&#x9A8;&#x9CB; &#x9B9;&#x9DF;&#x9C7;&#x99B;&#x9C7; &#x995;&#x9BF; &#x9A8;&#x9BE;?</span><span lang="en" class="question-label " data-itext-id="/PNCVisit1/Met/Newborn/Breasmilk_Fed:label">Has breastfeeding been initiated within 1hour of birth?</span><span class="required">*</span>
    </legend><div class="option-wrapper"><label class=""><input type="radio" name="/PNCVisit1/Met/Newborn/Breasmilk_Fed" data-name="/PNCVisit1/Met/Newborn/Breasmilk_Fed" value="0" required="required" data-type-xml="select1"/><span lang="bn" class="option-label active" data-itext-id="/PNCVisit1/Met/Newborn/Breasmilk_Fed/0:label">&#x9A8;&#x9BE;</span><span lang="en" class="option-label " data-itext-id="/PNCVisit1/Met/Newborn/Breasmilk_Fed/0:label">No</span></label><label class=""><input type="radio" name="/PNCVisit1/Met/Newborn/Breasmilk_Fed" data-name="/PNCVisit1/Met/Newborn/Breasmilk_Fed" value="1" required="required" data-type-xml="select1"/><span lang="bn" class="option-label active" data-itext-id="/PNCVisit1/Met/Newborn/Breasmilk_Fed/1:label">&#x9B9;&#x9CD;&#x9AF;&#x9BE;&#x981;</span><span lang="en" class="option-label " data-itext-id="/PNCVisit1/Met/Newborn/Breasmilk_Fed/1:label">Yes</span></label></div></fieldset><span class="or-constraint-msg active" lang="" data-i18n="constraint.invalid">Value not allowed</span><span class="or-required-msg active" lang="" data-i18n="constraint.required">This field is required</span></fieldset><fieldset class="question or-appearance-list-nolabel "><fieldset><legend><span lang="bn" class="question-label active" data-itext-id="/PNCVisit1/Met/Newborn/Not_Bathed:label">&#x99C;&#x9A8;&#x9CD;&#x9AE;&#x9C7;&#x9B0; &#x9E7;&#x9AE; &#x9E9; &#x9A6;&#x9BF;&#x9A8; &#x997;&#x9CB;&#x9B8;&#x9B2; &#x9A5;&#x9C7;&#x995;&#x9C7; &#x9AC;&#x9BF;&#x9B0;&#x9A4; &#x9B0;&#x9BE;&#x996;&#x9BE; &#x9B9;&#x9DF;&#x9C7;&#x99B;&#x9C7; &#x995;&#x9BF; &#x9A8;&#x9BE;?</span><span lang="en" class="question-label " data-itext-id="/PNCVisit1/Met/Newborn/Not_Bathed:label">Is the baby kept away from bath for 1st 3 days?</span><span class="required">*</span>
    </legend><div class="option-wrapper"><label class=""><input type="radio" name="/PNCVisit1/Met/Newborn/Not_Bathed" data-name="/PNCVisit1/Met/Newborn/Not_Bathed" value="0" required="required" data-type-xml="select1"/><span lang="bn" class="option-label active" data-itext-id="/PNCVisit1/Met/Newborn/Not_Bathed/0:label">&#x9A8;&#x9BE;</span><span lang="en" class="option-label " data-itext-id="/PNCVisit1/Met/Newborn/Not_Bathed/0:label">No</span></label><label class=""><input type="radio" name="/PNCVisit1/Met/Newborn/Not_Bathed" data-name="/PNCVisit1/Met/Newborn/Not_Bathed" value="1" required="required" data-type-xml="select1"/><span lang="bn" class="option-label active" data-itext-id="/PNCVisit1/Met/Newborn/Not_Bathed/1:label">&#x9B9;&#x9CD;&#x9AF;&#x9BE;&#x981;</span><span lang="en" class="option-label " data-itext-id="/PNCVisit1/Met/Newborn/Not_Bathed/1:label">Yes</span></label></div></fieldset><span class="or-constraint-msg active" lang="" data-i18n="constraint.invalid">Value not allowed</span><span class="or-required-msg active" lang="" data-i18n="constraint.required">This field is required</span></fieldset>
    </section><!--end of group --><label class="question non-select "><span lang="bn" class="question-label active" data-itext-id="/PNCVisit1/Met/Comment:label">&#x9AE;&#x9A8;&#x9CD;&#x9A4;&#x9AC;&#x9CD;&#x9AF;</span><span lang="en" class="question-label " data-itext-id="/PNCVisit1/Met/Comment:label">Comment</span><input type="text" name="/PNCVisit1/Met/Comment" data-type-xml="string"/><span class="or-constraint-msg active" lang="" data-i18n="constraint.invalid">Value not allowed</span></label>
    </section><!--end of group -->

    <fieldset id="or-preload-items" style="display:none;"><label class="calculation non-select "><input type="hidden" name="/PNCVisit1/today" data-preload="date" data-preload-params="today" data-type-xml="date"/></label><label class="calculation non-select "><input type="hidden" name="/PNCVisit1/start" data-preload="timestamp" data-preload-params="start" data-type-xml="dateTime"/></label><label class="calculation non-select "><input type="hidden" name="/PNCVisit1/end" data-preload="timestamp" data-preload-params="end" data-type-xml="dateTime"/></label></fieldset><fieldset id="or-calculated-items" style="display:none;"><label class="calculation non-select "><input type="hidden" name="/PNCVisit1/Met/PNC1_Due_Date" data-calculate="format-date(date( /PNCVisit1/existing_DOO ), '%Y-%m-%d')" data-type-xml="string"/></label><label class="calculation non-select "><input type="hidden" name="/PNCVisit1/Met/Is_On_Time" data-calculate="if(( /PNCVisit1/Met/Visit_Date &lt;= /PNCVisit1/Met/PNC1_Due_Date ),'1','0')" data-type-xml="string"/></label><label class="calculation non-select "><input type="hidden" name="/PNCVisit1/Met/PNC1_Post_Due_Date" data-calculate="format-date(date( /PNCVisit1/existing_DOO +1), '%Y-%m-%d')" data-type-xml="string"/></label><label class="calculation non-select "><input type="hidden" name="/PNCVisit1/Met/Is_Post_Due" data-calculate="if(( /PNCVisit1/Met/Visit_Date &lt;= /PNCVisit1/Met/PNC1_Post_Due_Date ) and ( /PNCVisit1/Met/Visit_Date &gt; /PNCVisit1/Met/PNC1_Due_Date ) ,'1','0')" data-type-xml="string"/></label><label class="calculation non-select "><input type="hidden" name="/PNCVisit1/Met/PNC1_Expired_Date" data-calculate="format-date(date( /PNCVisit1/existing_DOO +2), '%Y-%m-%d')" data-type-xml="string"/></label><label class="calculation non-select "><input type="hidden" name="/PNCVisit1/Met/Is_Expired" data-calculate="if(( /PNCVisit1/Met/Visit_Date &gt;= /PNCVisit1/Met/PNC1_Expired_Date ) ,'1','0')" data-type-xml="string"/></label><label class="calculation non-select "><input type="hidden" name="/PNCVisit1/Met/Calc_On_Time" data-calculate="if( /PNCVisit1/Met/Is_On_Time ='1' or  /PNCVisit1/Met/Is_Post_Due ='1', 'yes', 'no')" data-type-xml="string"/></label><label class="calculation non-select "><input type="hidden" name="/PNCVisit1/HR" data-calculate="if ( /PNCVisit1/Met/Newborn/Is_Cleaned ='0' or  /PNCVisit1/Met/Newborn/Chlorhexidin ='0' or  /PNCVisit1/Met/Newborn/Breasmilk_Fed ='0' or  /PNCVisit1/Met/Newborn/Not_Bathed ='0','1','0')" data-type-xml="string"/></label><label class="calculation non-select "><input type="hidden" name="/PNCVisit1/meta/instanceID" data-calculate="concat('uuid:', uuid())" data-type-xml="string"/></label><label class="calculation non-select "><input type="hidden" name="/PNCVisit1/formhub/uuid" data-calculate="'b40762bf119147619a335fda5214640c'" data-type-xml="string"/></label></fieldset></form><xsltmessages><message level="0">XML to HTML transformation for form took 0.08 seconds</message></xsltmessages><jrvalidationmessages><message level="1">This validation is yet not functional.</message></jrvalidationmessages><xmlerrors/><xslformerrors/><xsldataerrors/></root>
