<?xml version="1.0"?>
<root><form autocomplete="off" novalidate="novalidate" class="or clearfix" dir="ltr" id="AdolescentHealth">
    <!--This form was created by transforming a OpenRosa-flavored (X)Form using an XSLT sheet created by Enketo LLC.--><section class="form-logo"> </section><h3 id="form-title">&#x995;&#x9BF;&#x9B6;&#x9CB;&#x9B0;-&#x995;&#x9BF;&#x9B6;&#x9CB;&#x9B0;&#x9C0;&#x9B0; &#x9B8;&#x9CD;&#x9AC;&#x9BE;&#x9B8;&#x9CD;&#x9A5;&#x9CD;&#x9AF; &#x9B8;&#x9C7;&#x9AC;&#x9BE;&#x9A6;&#x9BE;&#x9A8;</h3><select id="form-languages" data-default-lang="bn"><option value="bn">Bengali</option> <option value="en">English</option> </select>


    <label class="question non-select "><span lang="bn" class="question-label active" data-itext-id="/AdolescentHealth/Visit_Date:label">&#x9AA;&#x9B0;&#x9BF;&#x9A6;&#x9B0;&#x9CD;&#x9B6;&#x9A8;&#x9C7;&#x9B0; &#x9A4;&#x9BE;&#x9B0;&#x9BF;&#x996;</span><span lang="en" class="question-label " data-itext-id="/AdolescentHealth/Visit_Date:label">Date of Visit</span><span class="required">*</span><input type="date" name="/AdolescentHealth/Visit_Date" required="required" data-constraint=".&lt;= /AdolescentHealth/today " data-type-xml="date"/><span class="or-constraint-msg active" lang="" data-i18n="constraint.invalid">Value not allowed</span><span class="or-required-msg active" lang="" data-i18n="constraint.required">This field is required</span></label>
    <fieldset class="question simple-select "><fieldset><legend><span lang="bn" class="question-label active" data-itext-id="/AdolescentHealth/Visit_Status:label">&#x9AD;&#x9BF;&#x99C;&#x9BF;&#x99F; &#x9B8;&#x9CD;&#x99F;&#x9CD;&#x9AF;&#x9BE;&#x99F;&#x9BE;&#x9B8;</span><span lang="en" class="question-label " data-itext-id="/AdolescentHealth/Visit_Status:label">Visit Status</span><span class="required">*</span>
    </legend><div class="option-wrapper"><label class=""><input type="radio" name="/AdolescentHealth/Visit_Status" data-name="/AdolescentHealth/Visit_Status" value="1" required="required" data-type-xml="select1"/><span lang="bn" class="option-label active" data-itext-id="/AdolescentHealth/Visit_Status/1:label">&#x9A6;&#x9C7;&#x996;&#x9BE; &#x9B9;&#x9DF;&#x9C7;&#x99B;&#x9C7;</span><span lang="en" class="option-label " data-itext-id="/AdolescentHealth/Visit_Status/1:label">Met</span></label><label class=""><input type="radio" name="/AdolescentHealth/Visit_Status" data-name="/AdolescentHealth/Visit_Status" value="2" required="required" data-type-xml="select1"/><span lang="bn" class="option-label active" data-itext-id="/AdolescentHealth/Visit_Status/2:label">&#x9A6;&#x9C7;&#x996;&#x9BE; &#x9B9;&#x9DF;&#x9A8;&#x9BF;</span><span lang="en" class="option-label " data-itext-id="/AdolescentHealth/Visit_Status/2:label">Not Met</span></label><label class=""><input type="radio" name="/AdolescentHealth/Visit_Status" data-name="/AdolescentHealth/Visit_Status" value="3" required="required" data-type-xml="select1"/><span lang="bn" class="option-label active" data-itext-id="/AdolescentHealth/Visit_Status/3:label">&#x9B8;&#x9BE;&#x995;&#x9CD;&#x9B7;&#x9BE;&#x9CE;&#x995;&#x9BE;&#x9B0; &#x9A6;&#x9BF;&#x9A4;&#x9C7; &#x985;&#x9B8;&#x9AE;&#x9CD;&#x9AE;&#x9A4;&#x9BF; &#x9A6;&#x9BF;&#x9DF;&#x9C7;&#x99B;&#x9C7;&#x9A8;</span><span lang="en" class="option-label " data-itext-id="/AdolescentHealth/Visit_Status/3:label">Refused</span></label><label class=""><input type="radio" name="/AdolescentHealth/Visit_Status" data-name="/AdolescentHealth/Visit_Status" value="8" required="required" data-type-xml="select1"/><span lang="bn" class="option-label active" data-itext-id="/AdolescentHealth/Visit_Status/8:label">&#x9B8;&#x9CD;&#x9A5;&#x9BE;&#x9DF;&#x9C0; &#x9AD;&#x9BE;&#x9AC;&#x9C7; &#x985;&#x9A8;&#x9CD;&#x9AF;&#x9A4;&#x9CD;&#x9B0; &#x99A;&#x9B2;&#x9C7; &#x997;&#x9C7;&#x99B;&#x9C7;&#x9A8;</span><span lang="en" class="option-label " data-itext-id="/AdolescentHealth/Visit_Status/8:label">Permanently moved</span></label><label class=""><input type="radio" name="/AdolescentHealth/Visit_Status" data-name="/AdolescentHealth/Visit_Status" value="10" required="required" data-type-xml="select1"/><span lang="bn" class="option-label active" data-itext-id="/AdolescentHealth/Visit_Status/10:label">&#x9AE;&#x9BE;&#x9B0;&#x9BE; &#x997;&#x9C7;&#x99B;&#x9C7;&#x9A8;</span><span lang="en" class="option-label " data-itext-id="/AdolescentHealth/Visit_Status/10:label">Died</span></label></div></fieldset><span class="or-constraint-msg active" lang="" data-i18n="constraint.invalid">Value not allowed</span><span class="or-required-msg active" lang="" data-i18n="constraint.required">This field is required</span></fieldset>
    <section class="or-group-data or-branch pre-init " name="/AdolescentHealth/Met" data-relevant="selected( /AdolescentHealth/Visit_Status ,'1')"><label class="note non-select "><span lang="bn" class="question-label active" data-itext-id="/AdolescentHealth/Met/Confirm_Info:label">&#x9B6;&#x9BF;&#x9B6;&#x9C1;&#x9B0; &#x9A4;&#x9A5;&#x9CD;&#x9AF;&#x997;&#x9C1;&#x9B2;&#x9CB; &#x9B8;&#x9A0;&#x9BF;&#x995; &#x995;&#x9BF;&#x9A8;&#x9BE; &#x9A4;&#x9BE; &#x9A8;&#x9BF;&#x9B6;&#x9CD;&#x99A;&#x9BF;&#x9A4; &#x995;&#x9B0;&#x9C1;&#x9A8;&#x983;
        &#x9A8;&#x9BE;&#x9AE;&#x983; <span class="or-output" data-value=" /AdolescentHealth/existing_Mem_F_Name ">
        </span>
        &#x996;&#x9BE;&#x9A8;&#x9BE; &#x9A8;&#x9AE;&#x9CD;&#x9AC;&#x9B0;&#x983; <span class="or-output" data-value=" /AdolescentHealth/existing_GoB_HHID ">
        </span>
        &#x9A6;&#x9AE;&#x9CD;&#x9AA;&#x9A4;&#x9BF; &#x9A8;&#x9AE;&#x9CD;&#x9AC;&#x9B0;&#x983;<span class="or-output" data-value=" /AdolescentHealth/existing_Couple_No ">
        </span>
        &#x9AE;&#x9BE;&#x9DF;&#x9C7;&#x9B0; &#x9A8;&#x9BE;&#x9AE;&#x983; <span class="or-output" data-value=" /AdolescentHealth/existing_Child_Mother ">
        </span>
        &#x9AC;&#x9BE;&#x9AC;&#x9BE;&#x9B0; &#x9A8;&#x9BE;&#x9AE;&#x983; <span class="or-output" data-value=" /AdolescentHealth/existing_Child_Father ">
        </span>
        &#x9AE;&#x9CB;&#x9AC;&#x9BE;&#x987;&#x9B2; &#x9A8;&#x9AE;&#x9CD;&#x9AC;&#x9B0;&#x983; <span class="or-output" data-value=" /AdolescentHealth/existing_Mem_Mobile_Number ">
        </span>
        &#x997;&#x9CD;&#x9B0;&#x9BE;&#x9AE;&#x9C7;&#x9B0; &#x9A8;&#x9BE;&#x9AE;&#x983; <span class="or-output" data-value=" /AdolescentHealth/existing_Final_Vill ">
        </span>
        &#x99C;&#x9A8;&#x9CD;&#x9AE;&#x9A4;&#x9BE;&#x9B0;&#x9BF;&#x996;&#x983;<span class="or-output" data-value=" /AdolescentHealth/existing_Member_Birth_Date ">
        </span></span><span lang="en" class="question-label " data-itext-id="/AdolescentHealth/Met/Confirm_Info:label">Confirm woman&#x2019;s infromation are correct:
        Name: <span class="or-output" data-value=" /AdolescentHealth/existing_Mem_F_Name ">
        </span>
        GoB HHID: <span class="or-output" data-value=" /AdolescentHealth/existing_GoB_HHID ">
        </span>
        Couple No: <span class="or-output" data-value=" /AdolescentHealth/existing_Couple_No ">
        </span>
        Mother Name: <span class="or-output" data-value=" /AdolescentHealth/existing_Child_Mother ">
        </span>
        Father Name: <span class="or-output" data-value=" /AdolescentHealth/existing_Child_Father ">
        </span>
        Mobile Number: <span class="or-output" data-value=" /AdolescentHealth/existing_Mem_Mobile_Number ">
        </span>
        Village Name: <span class="or-output" data-value=" /AdolescentHealth/existing_Final_Vill ">
        </span>
        DoB: <span class="or-output" data-value=" /AdolescentHealth/existing_Member_Birth_Date ">
        </span></span><input type="text" name="/AdolescentHealth/Met/Confirm_Info" data-type-xml="string" readonly="readonly"/></label><fieldset class="question simple-select "><fieldset><legend><span lang="bn" class="question-label active" data-itext-id="/AdolescentHealth/Met/Councelling:label">&#x995;&#x9BE;&#x989;&#x9A8;&#x9CD;&#x9B8;&#x9C7;&#x9B2;&#x9BF;&#x982; &#x98F;&#x9B0; &#x9AC;&#x9BF;&#x9B7;&#x9DF;&#x9B8;&#x9AE;&#x9C2;&#x9B9;</span><span lang="en" class="question-label " data-itext-id="/AdolescentHealth/Met/Councelling:label">Councelling topics</span>
    </legend><div class="option-wrapper"><label class=""><input type="checkbox" name="/AdolescentHealth/Met/Councelling" value="1" data-type-xml="select"/><span lang="bn" class="option-label active" data-itext-id="/AdolescentHealth/Met/Councelling/1:label">&#x9AC;&#x9BE;&#x9B2;&#x9CD;&#x9AF;&#x9AC;&#x9BF;&#x9AC;&#x9BE;&#x9B9; &#x98F;&#x9AC;&#x982; &#x995;&#x9BF;&#x9B6;&#x9CB;&#x9B0;&#x9C0; &#x9AE;&#x9BE;&#x9A4;&#x9C3;&#x9A4;&#x9CD;&#x9AC;&#x9C7;&#x9B0; &#x995;&#x9C1;&#x9AB;&#x9B2;</span><span lang="en" class="option-label " data-itext-id="/AdolescentHealth/Met/Councelling/1:label">-</span></label><label class=""><input type="checkbox" name="/AdolescentHealth/Met/Councelling" value="2" data-type-xml="select"/><span lang="bn" class="option-label active" data-itext-id="/AdolescentHealth/Met/Councelling/2:label">&#x995;&#x9BF;&#x9B6;&#x9CB;&#x9B0;&#x9BF;&#x995;&#x9C7; &#x986;&#x9DF;&#x9B0;&#x9A3; &#x993; &#x9AB;&#x9B2;&#x9BF;&#x995; &#x98F;&#x9B8;&#x9BF;&#x9A1; &#x9AC;&#x9DC;&#x9BF; &#x996;&#x9C7;&#x9A4;&#x9C7; &#x9AC;&#x9B2;&#x9BE;</span><span lang="en" class="option-label " data-itext-id="/AdolescentHealth/Met/Councelling/2:label">-</span></label><label class=""><input type="checkbox" name="/AdolescentHealth/Met/Councelling" value="3" data-type-xml="select"/><span lang="bn" class="option-label active" data-itext-id="/AdolescentHealth/Met/Councelling/3:label">&#x995;&#x9BF;&#x9B6;&#x9CB;&#x9B0;-&#x995;&#x9BF;&#x9B6;&#x9CB;&#x9B0;&#x9C0;&#x9B0; &#x9AA;&#x9C1;&#x9B7;&#x9CD;&#x99F;&#x9BF;&#x995;&#x9B0; &#x993; &#x9B8;&#x9C1;&#x9B7;&#x9AE; &#x996;&#x9BE;&#x9AC;&#x9BE;&#x9B0;</span><span lang="en" class="option-label " data-itext-id="/AdolescentHealth/Met/Councelling/3:label">-</span></label><label class=""><input type="checkbox" name="/AdolescentHealth/Met/Councelling" value="4" data-type-xml="select"/><span lang="bn" class="option-label active" data-itext-id="/AdolescentHealth/Met/Councelling/4:label">&#x995;&#x9BF;&#x9B6;&#x9CB;&#x9B0;-&#x995;&#x9BF;&#x9B6;&#x9CB;&#x9B0;&#x9C0;&#x995;&#x9C7; &#x9AC;&#x9DF;&#x983;&#x9B8;&#x9A8;&#x9CD;&#x9A7;&#x9BF;&#x995;&#x9BE;&#x9B2;&#x9BF;&#x9A8; &#x9AA;&#x9B0;&#x9BF;&#x9AC;&#x9B0;&#x9CD;&#x9A4;&#x9A8; &#x9AC;&#x9BF;&#x9B7;&#x9DF;&#x9C7;</span><span lang="en" class="option-label " data-itext-id="/AdolescentHealth/Met/Councelling/4:label">-</span></label><label class=""><input type="checkbox" name="/AdolescentHealth/Met/Councelling" value="5" data-type-xml="select"/><span lang="bn" class="option-label active" data-itext-id="/AdolescentHealth/Met/Councelling/5:label">&#x995;&#x9BF;&#x9B6;&#x9CB;&#x9B0;&#x9C0;&#x9A6;&#x9C7;&#x9B0; &#x9AE;&#x9BE;&#x9B8;&#x9BF;&#x995;&#x995;&#x9BE;&#x9B2;&#x9BF;&#x9A8; &#x9AA;&#x9B0;&#x9BF;&#x99A;&#x9CD;&#x99B;&#x9A8;&#x9CD;&#x9A8;&#x9A4;&#x9BE; &#x993; &#x9AE;&#x9BE;&#x9B8;&#x9BF;&#x995; &#x9B8;&#x982;&#x995;&#x9CD;&#x9B0;&#x9BE;&#x9A8;&#x9CD;&#x9A4; &#x99C;&#x99F;&#x9BF;&#x9B2;&#x9A4;&#x9BE;</span><span lang="en" class="option-label " data-itext-id="/AdolescentHealth/Met/Councelling/5:label">-</span></label><label class=""><input type="checkbox" name="/AdolescentHealth/Met/Councelling" value="6" data-type-xml="select"/><span lang="bn" class="option-label active" data-itext-id="/AdolescentHealth/Met/Councelling/6:label">&#x995;&#x9BF;&#x9B6;&#x9CB;&#x9B0;-&#x995;&#x9BF;&#x9B6;&#x9CB;&#x9B0;&#x9C0;&#x9B0; &#x9AA;&#x9CD;&#x9B0;&#x99C;&#x9A8;&#x9A8;&#x9A4;&#x9A8;&#x9CD;&#x9A4;&#x9CD;&#x9B0;&#x9C7;&#x9B0; &#x9B8;&#x982;&#x995;&#x9CD;&#x9B0;&#x9AE;&#x9A3; &#x993; &#x9AF;&#x9CC;&#x9A8;&#x9AC;&#x9BE;&#x9B9;&#x9BF;&#x9A4; &#x9B0;&#x9CB;&#x997;</span><span lang="en" class="option-label " data-itext-id="/AdolescentHealth/Met/Councelling/6:label">-</span></label></div></fieldset><span class="or-constraint-msg active" lang="" data-i18n="constraint.invalid">Value not allowed</span></fieldset><label class="question non-select "><span lang="bn" class="question-label active" data-itext-id="/AdolescentHealth/Met/Comment:label">&#x9AE;&#x9A8;&#x9CD;&#x9A4;&#x9AC;&#x9CD;&#x9AF;</span><span lang="en" class="question-label " data-itext-id="/AdolescentHealth/Met/Comment:label">Comment</span><input type="text" name="/AdolescentHealth/Met/Comment" data-type-xml="string"/><span class="or-constraint-msg active" lang="" data-i18n="constraint.invalid">Value not allowed</span></label>
    </section><!--end of group -->

    <fieldset id="or-preload-items" style="display:none;"><label class="calculation non-select "><input type="hidden" name="/AdolescentHealth/today" data-preload="date" data-preload-params="today" data-type-xml="date"/></label><label class="calculation non-select "><input type="hidden" name="/AdolescentHealth/start" data-preload="timestamp" data-preload-params="start" data-type-xml="dateTime"/></label><label class="calculation non-select "><input type="hidden" name="/AdolescentHealth/end" data-preload="timestamp" data-preload-params="end" data-type-xml="dateTime"/></label></fieldset><fieldset id="or-calculated-items" style="display:none;"><label class="calculation non-select "><input type="hidden" name="/AdolescentHealth/meta/instanceID" data-calculate="concat('uuid:', uuid())" data-type-xml="string"/></label><label class="calculation non-select "><input type="hidden" name="/AdolescentHealth/formhub/uuid" data-calculate="'75c405813d684bf9acbec1bbb09c8909'" data-type-xml="string"/></label></fieldset></form><xsltmessages><message level="0">XML to HTML transformation for form took 0.01 seconds</message></xsltmessages><jrvalidationmessages><message level="1">This validation is yet not functional.</message></jrvalidationmessages><xmlerrors/><xslformerrors/><xsldataerrors/></root>
