{
  "form_data_definition_version": "1",
  "form": {
    "default_bind_path": "/model/instance/AdolescentHealth",
    "bind_type": "members",
    "fields": [
      {
        "name": "id",
        "shouldLoadValue": true
      },
      {
        "name": "version",
        "bind": "/model/instance/AdolescentHealth/version"
      },
      {
        "name": "changes",
        "bind": "/model/instance/AdolescentHealth/changes"
      },
      {
        "name": "Member_GoB_HHID",
        "bind": "/model/instance/AdolescentHealth/existing_GoB_HHID",
        "shouldLoadValue": true
      },
      {
        "name": "Mem_F_Name",
        "bind": "/model/instance/AdolescentHealth/existing_Mem_F_Name",
        "shouldLoadValue": true
      },
      {
        "name": "Child_Mother",
        "bind": "/model/instance/AdolescentHealth/existing_Child_Mother",
        "shouldLoadValue": true
      },
      {
        "name": "Child_Father",
        "bind": "/model/instance/AdolescentHealth/existing_Child_Father",
        "shouldLoadValue": true
      },
      {
        "name": "Final_Vill",
        "bind": "/model/instance/AdolescentHealth/existing_Final_Vill",
        "shouldLoadValue": true
      },
      {
        "name": "Mem_Mobile_Number",
        "bind": "/model/instance/AdolescentHealth/existing_Mem_Mobile_Number",
        "shouldLoadValue": true
      },
      {
        "name": "Couple_No",
        "bind": "/model/instance/AdolescentHealth/existing_Couple_No",
        "shouldLoadValue": true
      },
      {
        "name": "Member_Birth_Date",
        "bind": "/model/instance/AdolescentHealth/existing_Member_Birth_Date",
        "shouldLoadValue": true
      },
      {
        "name": "Premature_Birth",
        "bind": "/model/instance/AdolescentHealth/existing_Premature_Birth",
        "shouldLoadValue": true
      },
      {
        "name": "HR",
        "bind": "/model/instance/AdolescentHealth/existing_HR",
        "shouldLoadValue": true
      },
      {
        "name": "ELCO_NID",
        "bind": "/model/instance/AdolescentHealth/existing_ELCO_NID",
        "shouldLoadValue": true
      },
      {
        "name": "ELCO_BRID",
        "bind": "/model/instance/AdolescentHealth/existing_ELCO_BRID",
        "shouldLoadValue": true
      },
      {
        "name": "Mem_BRID",
        "bind": "/model/instance/AdolescentHealth/existing_Mem_BRID",
        "shouldLoadValue": true
      },
      {
        "name": "existing_Mauzapara",
        "bind": "/model/instance/AdolescentHealth/existing_Mauzapara"
      },
      {
        "name": "today",
        "bind": "/model/instance/AdolescentHealth/today"
      },
      {
        "name": "start",
        "bind": "/model/instance/AdolescentHealth/start"
      },
      {
        "name": "end",
        "bind": "/model/instance/AdolescentHealth/end"
      },
      {
        "name": "adolescent_Visit_Date",
        "bind": "/model/instance/AdolescentHealth/Visit_Date"
      },
      {
        "name": "Visit_Status",
        "bind": "/model/instance/AdolescentHealth/Visit_Status"
      },
      {
        "name": "Confirm_Info",
        "bind": "/model/instance/AdolescentHealth/Met/Confirm_Info"
      },
      {
        "name": "Councelling",
        "bind": "/model/instance/AdolescentHealth/Met/Councelling"
      },
      {
        "name": "Comment",
        "bind": "/model/instance/AdolescentHealth/Met/Comment"
      }
    ]
  }
}