<model>
    <instance>
        <AdolescentHealth encounter_type="Adolescent Health" id="AdolescentHealth" version="201612051259">
            <formhub>
                <uuid/>
            </formhub>
            <version/>
            <changes/>
            <existing_GoB_HHID/>
            <existing_Mem_F_Name/>
            <existing_Child_Mother/>
            <existing_Child_Father/>
            <existing_Final_Vill/>
            <existing_Mem_Mobile_Number/>
            <existing_Couple_No/>
            <existing_Member_Birth_Date/>
            <existing_Premature_Birth/>
            <existing_HR/>
            <existing_ELCO_NID/>
            <existing_ELCO_BRID/>
            <existing_Mem_BRID/>
            <existing_Mauzapara openmrs_entity="encounter" openmrs_entity_id="location_id"/>
            <today openmrs_entity="encounter" openmrs_entity_id="encounter_date"/>
            <start openmrs_entity="concept" openmrs_entity_id="163137AAAAAAAAAAAAAAAAAAAAAAAAAAAAAA"/>
            <end openmrs_entity="concept" openmrs_entity_id="163138AAAAAAAAAAAAAAAAAAAAAAAAAAAAAA"/>
            <Visit_Date openmrs_entity="concept" openmrs_entity_id="160753AAAAAAAAAAAAAAAAAAAAAAAAAAAAAA"/>
            <Visit_Status openmrs_entity="concept" openmrs_entity_id="163088AAAAAAAAAAAAAAAAAAAAAAAAAAAAAA"/>
            <Met>
                <Confirm_Info/>
                <Councelling/>
                <Comment/>
            </Met>
            <meta>
                <instanceID/>
            </meta>
        </AdolescentHealth>
    </instance>
</model>