{
  "form_data_definition_version": "1",
  "form": {
    "default_bind_path": "/model/instance/Child_0-5yr",
    "bind_type": "members",
    "fields": [
      {
        "name": "id",
        "shouldLoadValue": true
      },
      {
        "name": "version",
        "bind": "/model/instance/Child_0-5yr/version"
      },
      {
        "name": "changes",
        "bind": "/model/instance/Child_0-5yr/changes"
      },
      {
        "name": "Member_GoB_HHID",
        "bind": "/model/instance/Child_0-5yr/existing_GoB_HHID",
        "shouldLoadValue": true
      },
      {
        "name": "Mem_F_Name",
        "bind": "/model/instance/Child_0-5yr/existing_Mem_F_Name",
        "shouldLoadValue": true
      },
      {
        "name": "Child_Mother",
        "bind": "/model/instance/Child_0-5yr/existing_Child_Mother",
        "shouldLoadValue": true
      },
      {
        "name": "Child_Father",
        "bind": "/model/instance/Child_0-5yr/existing_Child_Father",
        "shouldLoadValue": true
      },
      {
        "name": "Final_Vill",
        "bind": "/model/instance/Child_0-5yr/existing_Final_Vill",
        "shouldLoadValue": true
      },
      {
        "name": "Mem_Mobile_Number",
        "bind": "/model/instance/Child_0-5yr/existing_Mem_Mobile_Number",
        "shouldLoadValue": true
      },
      {
        "name": "Couple_No",
        "bind": "/model/instance/Child_0-5yr/existing_Couple_No",
        "shouldLoadValue": true
      },
      {
        "name": "Member_Birth_Date",
        "bind": "/model/instance/Child_0-5yr/existing_Member_Birth_Date",
        "shouldLoadValue": true
      },
      {
        "name": "Premature_Birth",
        "bind": "/model/instance/Child_0-5yr/existing_Premature_Birth",
        "shouldLoadValue": true
      },
      {
        "name": "HR",
        "bind": "/model/instance/Child_0-5yr/existing_HR",
        "shouldLoadValue": true
      },
      {
        "name": "ELCO_NID",
        "bind": "/model/instance/Child_0-5yr/existing_ELCO_NID",
        "shouldLoadValue": true
      },
      {
        "name": "ELCO_BRID",
        "bind": "/model/instance/Child_0-5yr/existing_ELCO_BRID",
        "shouldLoadValue": true
      },
      {
        "name": "Mem_BRID",
        "bind": "/model/instance/Child_0-5yr/existing_Mem_BRID",
        "shouldLoadValue": true
      },
      {
        "name": "existing_Mauzapara",
        "bind": "/model/instance/Child_0-5yr/existing_Mauzapara",
        "shouldLoadValue": true
      },
      {
        "name": "today",
        "bind": "/model/instance/Child_0-5yr/today"
      },
      {
        "name": "start",
        "bind": "/model/instance/Child_0-5yr/start"
      },
      {
        "name": "end",
        "bind": "/model/instance/Child_0-5yr/end"
      },
      {
        "name": "Visit_Date",
        "bind": "/model/instance/Child_0-5yr/Visit_Date"
      },
      {
        "name": "Visit_Status",
        "bind": "/model/instance/Child_0-5yr/Visit_Status"
      },
      {
        "name": "Confirm_Info",
        "bind": "/model/instance/Child_0-5yr/Met/Confirm_Info"
      },
      {
        "name": "DOO_35",
        "bind": "/model/instance/Child_0-5yr/Met/Child_Vaccination/DOO_35"
      },
      {
        "name": "DOO_56",
        "bind": "/model/instance/Child_0-5yr/Met/Child_Vaccination/DOO_56"
      },
      {
        "name": "DOO_266",
        "bind": "/model/instance/Child_0-5yr/Met/Child_Vaccination/DOO_266"
      },
      {
        "name": "DOO_441",
        "bind": "/model/instance/Child_0-5yr/Met/Child_Vaccination/DOO_441"
      },
      {
        "name": "Note",
        "bind": "/model/instance/Child_0-5yr/Met/Child_Vaccination/Note"
      },
      {
        "name": "Vaccines",
        "bind": "/model/instance/Child_0-5yr/Met/Child_Vaccination/Vaccines"
      },
      {
        "name": "BCG",
        "bind": "/model/instance/Child_0-5yr/Met/Child_Vaccination/BCG"
      },
      {
        "name": "OPV0",
        "bind": "/model/instance/Child_0-5yr/Met/Child_Vaccination/OPV0"
      },
      {
        "name": "PCV1",
        "bind": "/model/instance/Child_0-5yr/Met/Child_Vaccination/PCV1"
      },
      {
        "name": "OPV1",
        "bind": "/model/instance/Child_0-5yr/Met/Child_Vaccination/OPV1"
      },
      {
        "name": "Penta1",
        "bind": "/model/instance/Child_0-5yr/Met/Child_Vaccination/Penta1"
      },
      {
        "name": "PCV2",
        "bind": "/model/instance/Child_0-5yr/Met/Child_Vaccination/PCV2"
      },
      {
        "name": "OPV2",
        "bind": "/model/instance/Child_0-5yr/Met/Child_Vaccination/OPV2"
      },
      {
        "name": "Penta2",
        "bind": "/model/instance/Child_0-5yr/Met/Child_Vaccination/Penta2"
      },
      {
        "name": "PCV3",
        "bind": "/model/instance/Child_0-5yr/Met/Child_Vaccination/PCV3"
      },
      {
        "name": "OPV3",
        "bind": "/model/instance/Child_0-5yr/Met/Child_Vaccination/OPV3"
      },
      {
        "name": "Penta3",
        "bind": "/model/instance/Child_0-5yr/Met/Child_Vaccination/Penta3"
      },
      {
        "name": "IPV",
        "bind": "/model/instance/Child_0-5yr/Met/Child_Vaccination/IPV"
      },
      {
        "name": "Measles1",
        "bind": "/model/instance/Child_0-5yr/Met/Child_Vaccination/Measles1"
      },
      {
        "name": "Measles2",
        "bind": "/model/instance/Child_0-5yr/Met/Child_Vaccination/Measles2"
      },
      {
        "name": "Diseases_Prob",
        "bind": "/model/instance/Child_0-5yr/Met/Diseases_Prob"
      },
      {
        "name": "Detail_Diseases_Prob",
        "bind": "/model/instance/Child_0-5yr/Met/Detail_Diseases_Prob"
      },
      {
        "name": "Has_Referred",
        "bind": "/model/instance/Child_0-5yr/Met/Has_Referred"
      },
      {
        "name": "child_current_form_status",
        "bind": "/model/instance/Child_0-5yr/child_current_form_status"
      }
    ]
  }
}