<?xml version="1.0"?>
<root><form autocomplete="off" novalidate="novalidate" class="or clearfix" dir="ltr" id="Child_0-5yr">
    <!--This form was created by transforming a OpenRosa-flavored (X)Form using an XSLT sheet created by Enketo LLC.--><section class="form-logo"> </section><h3 id="form-title">&#x9B6;&#x9BF;&#x9B6;&#x9C1; (&#x9E6;-&#x9EB; &#x9AC;&#x99B;&#x9B0;&#x9C7;&#x9B0; &#x9A8;&#x9BF;&#x99A;&#x9C7;) &#x9B8;&#x9C7;&#x9AC;&#x9BE;&#x9A6;&#x9BE;&#x9A8; &#x9AB;&#x9B0;&#x9CD;&#x9AE;</h3><select id="form-languages" data-default-lang="bn"><option value="bn">Bengali</option> <option value="en">English</option> </select>


    <label class="question non-select "><span lang="bn" class="question-label active" data-itext-id="/Child_0-5yr/Visit_Date:label">&#x9AA;&#x9B0;&#x9BF;&#x9A6;&#x9B0;&#x9CD;&#x9B6;&#x9A8;&#x9C7;&#x9B0; &#x9A4;&#x9BE;&#x9B0;&#x9BF;&#x996;</span><span lang="en" class="question-label " data-itext-id="/Child_0-5yr/Visit_Date:label">Date of Visit</span><span class="required">*</span><input type="date" name="/Child_0-5yr/Visit_Date" required="required" data-constraint=".&lt;= /Child_0-5yr/today " data-type-xml="date"/><span class="or-constraint-msg active" lang="" data-i18n="constraint.invalid">Value not allowed</span><span class="or-required-msg active" lang="" data-i18n="constraint.required">This field is required</span></label>
    <fieldset class="question simple-select "><fieldset><legend><span lang="bn" class="question-label active" data-itext-id="/Child_0-5yr/Visit_Status:label">&#x9AD;&#x9BF;&#x99C;&#x9BF;&#x99F; &#x9B8;&#x9CD;&#x99F;&#x9CD;&#x9AF;&#x9BE;&#x99F;&#x9BE;&#x9B8;</span><span lang="en" class="question-label " data-itext-id="/Child_0-5yr/Visit_Status:label">Visit Status</span><span class="required">*</span>
    </legend><div class="option-wrapper"><label class=""><input type="radio" name="/Child_0-5yr/Visit_Status" data-name="/Child_0-5yr/Visit_Status" value="1" required="required" data-type-xml="select1"/><span lang="bn" class="option-label active" data-itext-id="/Child_0-5yr/Visit_Status/1:label">&#x9A6;&#x9C7;&#x996;&#x9BE; &#x9B9;&#x9DF;&#x9C7;&#x99B;&#x9C7;</span><span lang="en" class="option-label " data-itext-id="/Child_0-5yr/Visit_Status/1:label">Met</span></label><label class=""><input type="radio" name="/Child_0-5yr/Visit_Status" data-name="/Child_0-5yr/Visit_Status" value="2" required="required" data-type-xml="select1"/><span lang="bn" class="option-label active" data-itext-id="/Child_0-5yr/Visit_Status/2:label">&#x9A6;&#x9C7;&#x996;&#x9BE; &#x9B9;&#x9DF;&#x9A8;&#x9BF;</span><span lang="en" class="option-label " data-itext-id="/Child_0-5yr/Visit_Status/2:label">Not Met</span></label><label class=""><input type="radio" name="/Child_0-5yr/Visit_Status" data-name="/Child_0-5yr/Visit_Status" value="3" required="required" data-type-xml="select1"/><span lang="bn" class="option-label active" data-itext-id="/Child_0-5yr/Visit_Status/3:label">&#x9B8;&#x9BE;&#x995;&#x9CD;&#x9B7;&#x9BE;&#x9CE;&#x995;&#x9BE;&#x9B0; &#x9A6;&#x9BF;&#x9A4;&#x9C7; &#x985;&#x9B8;&#x9AE;&#x9CD;&#x9AE;&#x9A4;&#x9BF; &#x9A6;&#x9BF;&#x9DF;&#x9C7;&#x99B;&#x9C7;&#x9A8;</span><span lang="en" class="option-label " data-itext-id="/Child_0-5yr/Visit_Status/3:label">Refused</span></label><label class=""><input type="radio" name="/Child_0-5yr/Visit_Status" data-name="/Child_0-5yr/Visit_Status" value="8" required="required" data-type-xml="select1"/><span lang="bn" class="option-label active" data-itext-id="/Child_0-5yr/Visit_Status/8:label">&#x9B8;&#x9CD;&#x9A5;&#x9BE;&#x9DF;&#x9C0; &#x9AD;&#x9BE;&#x9AC;&#x9C7; &#x985;&#x9A8;&#x9CD;&#x9AF;&#x9A4;&#x9CD;&#x9B0; &#x99A;&#x9B2;&#x9C7; &#x997;&#x9C7;&#x99B;&#x9C7;&#x9A8;</span><span lang="en" class="option-label " data-itext-id="/Child_0-5yr/Visit_Status/8:label">Permanently moved</span></label><label class=""><input type="radio" name="/Child_0-5yr/Visit_Status" data-name="/Child_0-5yr/Visit_Status" value="10" required="required" data-type-xml="select1"/><span lang="bn" class="option-label active" data-itext-id="/Child_0-5yr/Visit_Status/10:label">&#x9AE;&#x9BE;&#x9B0;&#x9BE; &#x997;&#x9C7;&#x99B;&#x9C7;&#x9A8;</span><span lang="en" class="option-label " data-itext-id="/Child_0-5yr/Visit_Status/10:label">Died</span></label></div></fieldset><span class="or-constraint-msg active" lang="" data-i18n="constraint.invalid">Value not allowed</span><span class="or-required-msg active" lang="" data-i18n="constraint.required">This field is required</span></fieldset>
    <section class="or-group-data or-branch pre-init " name="/Child_0-5yr/Met" data-relevant="selected( /Child_0-5yr/Visit_Status ,'1')"><label class="note non-select "><span lang="bn" class="question-label active" data-itext-id="/Child_0-5yr/Met/Confirm_Info:label">&#x9B6;&#x9BF;&#x9B6;&#x9C1;&#x9B0; &#x9A4;&#x9A5;&#x9CD;&#x9AF;&#x997;&#x9C1;&#x9B2;&#x9CB; &#x9B8;&#x9A0;&#x9BF;&#x995; &#x995;&#x9BF;&#x9A8;&#x9BE; &#x9A4;&#x9BE; &#x9A8;&#x9BF;&#x9B6;&#x9CD;&#x99A;&#x9BF;&#x9A4; &#x995;&#x9B0;&#x9C1;&#x9A8;&#x983;
        &#x9A8;&#x9BE;&#x9AE;&#x983; <span class="or-output" data-value=" /Child_0-5yr/existing_Mem_F_Name ">
        </span>
        &#x996;&#x9BE;&#x9A8;&#x9BE; &#x9A8;&#x9AE;&#x9CD;&#x9AC;&#x9B0;&#x983; <span class="or-output" data-value=" /Child_0-5yr/existing_GoB_HHID ">
        </span>
        &#x9A6;&#x9AE;&#x9CD;&#x9AA;&#x9A4;&#x9BF; &#x9A8;&#x9AE;&#x9CD;&#x9AC;&#x9B0;&#x983;<span class="or-output" data-value=" /Child_0-5yr/existing_Couple_No ">
        </span>
        &#x9AE;&#x9BE;&#x9DF;&#x9C7;&#x9B0; &#x9A8;&#x9BE;&#x9AE;&#x983; <span class="or-output" data-value=" /Child_0-5yr/existing_Child_Mother ">
        </span>
        &#x9AC;&#x9BE;&#x9AC;&#x9BE;&#x9B0; &#x9A8;&#x9BE;&#x9AE;&#x983; <span class="or-output" data-value=" /Child_0-5yr/existing_Child_Father ">
        </span>
        &#x9AE;&#x9CB;&#x9AC;&#x9BE;&#x987;&#x9B2; &#x9A8;&#x9AE;&#x9CD;&#x9AC;&#x9B0;&#x983; <span class="or-output" data-value=" /Child_0-5yr/existing_Mem_Mobile_Number ">
        </span>
        &#x997;&#x9CD;&#x9B0;&#x9BE;&#x9AE;&#x9C7;&#x9B0; &#x9A8;&#x9BE;&#x9AE;&#x983; <span class="or-output" data-value=" /Child_0-5yr/existing_Final_Vill ">
        </span></span><span lang="en" class="question-label " data-itext-id="/Child_0-5yr/Met/Confirm_Info:label">Confirm woman&#x2019;s infromation are correct:
        Name: <span class="or-output" data-value=" /Child_0-5yr/existing_Mem_F_Name ">
        </span>
        GoB HHID: <span class="or-output" data-value=" /Child_0-5yr/existing_GoB_HHID ">
        </span>
        Couple No: <span class="or-output" data-value=" /Child_0-5yr/existing_Couple_No ">
        </span>
        Mother Name: <span class="or-output" data-value=" /Child_0-5yr/existing_Child_Mother ">
        </span>
        Father Name: <span class="or-output" data-value=" /Child_0-5yr/existing_Child_Father ">
        </span>
        Mobile Number: <span class="or-output" data-value=" /Child_0-5yr/existing_Mem_Mobile_Number ">
        </span>
        Village Name: <span class="or-output" data-value=" /Child_0-5yr/existing_Final_Vill ">
        </span></span><input type="text" name="/Child_0-5yr/Met/Confirm_Info" data-type-xml="string" readonly="readonly"/></label><section class="or-group " name="/Child_0-5yr/Met/Child_Vaccination"><h4><span lang="bn" class="question-label active" data-itext-id="/Child_0-5yr/Met/Child_Vaccination:label">&#x9B6;&#x9BF;&#x9B6;&#x9C1;&#x9B0; &#x99F;&#x9BF;&#x995;&#x9BE; &#x9B8;&#x982;&#x995;&#x9CD;&#x9B0;&#x9BE;&#x9A8;&#x9CD;&#x9A4; &#x9A4;&#x9A5;&#x9CD;&#x9AF;&#x983;</span><span lang="en" class="question-label " data-itext-id="/Child_0-5yr/Met/Child_Vaccination:label">Child Vaccination Info:</span></h4><label class="note non-select "><span lang="bn" class="question-label active" data-itext-id="/Child_0-5yr/Met/Child_Vaccination/Note:label">&#x9B6;&#x9BF;&#x9B6;&#x9C1;&#x9B0; &#x99C;&#x9A8;&#x9CD;&#x9AE;&#x9A4;&#x9BE;&#x9B0;&#x9BF;&#x996; &#x985;&#x9A8;&#x9C1;&#x9AF;&#x9BE;&#x9DF;&#x9C0; &#x9A4;&#x9BE;&#x9B0; &#x99F;&#x9BF;&#x995;&#x9BE;&#x9B0; &#x9A4;&#x9BE;&#x9B0;&#x9BF;&#x996;-
        &#x9AC;&#x9BF;&#x9B8;&#x9BF;&#x99C;&#x9BF;- <span class="or-output" data-value=" /Child_0-5yr/existing_Member_Birth_Date ">
        </span>
        &#x993;&#x9AA;&#x9BF;&#x9AD;&#x9BF; &#x9E6;- <span class="or-output" data-value=" /Child_0-5yr/existing_Member_Birth_Date ">
        </span>
        &#x9AA;&#x9BF;&#x9B8;&#x9BF;&#x9AD;&#x9BF; &#x9E7; - <span class="or-output" data-value=" /Child_0-5yr/Met/Child_Vaccination/DOO_35 ">
        </span>
        &#x993;&#x9AA;&#x9BF;&#x9AD;&#x9BF; &#x9E7;- <span class="or-output" data-value=" /Child_0-5yr/Met/Child_Vaccination/DOO_35 ">
        </span>
        &#x9AA;&#x9C7;&#x9A3;&#x9CD;&#x99F;&#x9BE;&#x9AD;&#x9CD;&#x9AF;&#x9BE;&#x9B2;&#x9C7;&#x9A8;&#x9CD;&#x99F; &#x9E7;- <span class="or-output" data-value=" /Child_0-5yr/Met/Child_Vaccination/DOO_35 ">
        </span>
        &#x9AA;&#x9BF;&#x9B8;&#x9BF;&#x9AD;&#x9BF; &#x9E8;- <span class="or-output" data-value=" /Child_0-5yr/Met/Child_Vaccination/DOO_56 ">
        </span>
        &#x993;&#x9AA;&#x9BF;&#x9AD;&#x9BF; &#x9E8;- <span class="or-output" data-value=" /Child_0-5yr/Met/Child_Vaccination/DOO_56 ">
        </span>
        &#x9AA;&#x9C7;&#x9A3;&#x9CD;&#x99F;&#x9BE;&#x9AD;&#x9CD;&#x9AF;&#x9BE;&#x9B2;&#x9C7;&#x9A8;&#x9CD;&#x99F; &#x9E8;- <span class="or-output" data-value=" /Child_0-5yr/Met/Child_Vaccination/DOO_56 ">
        </span>
        &#x9AA;&#x9BF;&#x9B8;&#x9BF;&#x9AD;&#x9BF; &#x9E9;-<span class="or-output" data-value=" /Child_0-5yr/Met/Child_Vaccination/DOO_56 ">
        </span>
        &#x993;&#x9AA;&#x9BF;&#x9AD;&#x9BF; &#x9E9;-<span class="or-output" data-value=" /Child_0-5yr/Met/Child_Vaccination/DOO_56 ">
        </span>
        &#x9AA;&#x9C7;&#x9A3;&#x9CD;&#x99F;&#x9BE;&#x9AD;&#x9CD;&#x9AF;&#x9BE;&#x9B2;&#x9C7;&#x9A8;&#x9CD;&#x99F; &#x9E9;-<span class="or-output" data-value=" /Child_0-5yr/Met/Child_Vaccination/DOO_56 ">
        </span>
        &#x986;&#x987; &#x9AA;&#x9BF; &#x9AD;&#x9BF;- <span class="or-output" data-value=" /Child_0-5yr/Met/Child_Vaccination/DOO_56 ">
        </span>
        &#x98F;&#x9AE; &#x986;&#x9B0; &#x9E7;- <span class="or-output" data-value=" /Child_0-5yr/Met/Child_Vaccination/DOO_266 ">
        </span>
        &#x98F;&#x9AE; &#x986;&#x9B0; &#x9E8;- <span class="or-output" data-value=" /Child_0-5yr/Met/Child_Vaccination/DOO_441 ">
        </span></span><span lang="en" class="question-label " data-itext-id="/Child_0-5yr/Met/Child_Vaccination/Note:label">Child vaccination schedule according to date of birth-
        BCG- <span class="or-output" data-value=" /Child_0-5yr/existing_Member_Birth_Date ">
        </span>
        OPV0- <span class="or-output" data-value=" /Child_0-5yr/existing_Member_Birth_Date ">
        </span>
        PCV1 - <span class="or-output" data-value=" /Child_0-5yr/Met/Child_Vaccination/DOO_35 ">
        </span>
        OPV1- <span class="or-output" data-value=" /Child_0-5yr/Met/Child_Vaccination/DOO_35 ">
        </span>
        Penta1-<span class="or-output" data-value=" /Child_0-5yr/Met/Child_Vaccination/DOO_35 ">
        </span>
        PCV2- <span class="or-output" data-value=" /Child_0-5yr/Met/Child_Vaccination/DOO_56 ">
        </span>
        OPV2- <span class="or-output" data-value=" /Child_0-5yr/Met/Child_Vaccination/DOO_56 ">
        </span>
        Penta2-<span class="or-output" data-value=" /Child_0-5yr/Met/Child_Vaccination/DOO_56 ">
        </span>
        PCV3- <span class="or-output" data-value=" /Child_0-5yr/Met/Child_Vaccination/DOO_56 ">
        </span>
        OPV3-<span class="or-output" data-value=" /Child_0-5yr/Met/Child_Vaccination/DOO_56 ">
        </span>
        Penta3-<span class="or-output" data-value=" /Child_0-5yr/Met/Child_Vaccination/DOO_56 ">
        </span>
        IPV-<span class="or-output" data-value=" /Child_0-5yr/Met/Child_Vaccination/DOO_56 ">
        </span>
        MR1-<span class="or-output" data-value=" /Child_0-5yr/Met/Child_Vaccination/DOO_266 ">
        </span>
        MR2- <span class="or-output" data-value=" /Child_0-5yr/Met/Child_Vaccination/DOO_441 ">
        </span></span><input type="text" name="/Child_0-5yr/Met/Child_Vaccination/Note" data-type-xml="string" readonly="readonly"/></label><label class="question or-appearance-minimal "><span lang="bn" class="question-label active" data-itext-id="/Child_0-5yr/Met/Child_Vaccination/Vaccines:label">&#x9AF;&#x9C7;&#x9B8;&#x9AC; &#x99F;&#x9C0;&#x995;&#x9BE; &#x9B6;&#x9BF;&#x9B6;&#x9C1;&#x995;&#x9C7; &#x9A6;&#x9C7;&#x993;&#x9DF;&#x9BE; &#x9B9;&#x9DF;&#x9C7;&#x99B;&#x9C7;-</span><span lang="en" class="question-label " data-itext-id="/Child_0-5yr/Met/Child_Vaccination/Vaccines:label">Vaccinations given to the child-</span><select multiple="multiple" name="/Child_0-5yr/Met/Child_Vaccination/Vaccines" data-type-xml="select"><option value="">...</option><option value="BCG">&#x9AC;&#x9BF;&#x9B8;&#x9BF;&#x99C;&#x9BF;</option><option value="OPV0">&#x993;&#x9AA;&#x9BF;&#x9AD;&#x9BF; &#x9E6;</option><option value="PCV1">&#x9AA;&#x9BF;&#x9B8;&#x9BF;&#x9AD;&#x9BF; &#x9E7;</option><option value="OPV1">&#x993;&#x9AA;&#x9BF;&#x9AD;&#x9BF; &#x9E7;</option><option value="Penta1">&#x9AA;&#x9C7;&#x9A3;&#x9CD;&#x99F;&#x9BE;&#x9AD;&#x9CD;&#x9AF;&#x9BE;&#x9B2;&#x9C7;&#x9A8;&#x9CD;&#x99F; &#x9E7;</option><option value="PCV2">&#x9AA;&#x9BF;&#x9B8;&#x9BF;&#x9AD;&#x9BF; &#x9E8;</option><option value="OPV2">&#x993;&#x9AA;&#x9BF;&#x9AD;&#x9BF; &#x9E8;</option><option value="Penta2">&#x9AA;&#x9C7;&#x9A3;&#x9CD;&#x99F;&#x9BE;&#x9AD;&#x9CD;&#x9AF;&#x9BE;&#x9B2;&#x9C7;&#x9A8;&#x9CD;&#x99F; &#x9E8;</option><option value="PCV3">&#x9AA;&#x9BF;&#x9B8;&#x9BF;&#x9AD;&#x9BF; &#x9E9;</option><option value="OPV3">&#x993;&#x9AA;&#x9BF;&#x9AD;&#x9BF; &#x9E9;</option><option value="Penta3">&#x9AA;&#x9C7;&#x9A3;&#x9CD;&#x99F;&#x9BE;&#x9AD;&#x9CD;&#x9AF;&#x9BE;&#x9B2;&#x9C7;&#x9A8;&#x9CD;&#x99F; &#x9E9;</option><option value="IPV">&#x986;&#x987; &#x9AA;&#x9BF; &#x9AD;&#x9BF;</option><option value="MR1">&#x98F;&#x9AE; &#x986;&#x9B0; &#x9E7;</option><option value="MR2">&#x98F;&#x9AE; &#x986;&#x9B0; &#x9E8;</option></select><span class="or-option-translations" style="display:none;"><span data-option-value="BCG" lang="bn">&#x9AC;&#x9BF;&#x9B8;&#x9BF;&#x99C;&#x9BF;</span><span data-option-value="BCG" lang="en">BCG</span><span data-option-value="OPV0" lang="bn">&#x993;&#x9AA;&#x9BF;&#x9AD;&#x9BF; &#x9E6;</span><span data-option-value="OPV0" lang="en">OPV0</span><span data-option-value="PCV1" lang="bn">&#x9AA;&#x9BF;&#x9B8;&#x9BF;&#x9AD;&#x9BF; &#x9E7;</span><span data-option-value="PCV1" lang="en">PCV1</span><span data-option-value="OPV1" lang="bn">&#x993;&#x9AA;&#x9BF;&#x9AD;&#x9BF; &#x9E7;</span><span data-option-value="OPV1" lang="en">OPV1</span><span data-option-value="Penta1" lang="bn">&#x9AA;&#x9C7;&#x9A3;&#x9CD;&#x99F;&#x9BE;&#x9AD;&#x9CD;&#x9AF;&#x9BE;&#x9B2;&#x9C7;&#x9A8;&#x9CD;&#x99F; &#x9E7;</span><span data-option-value="Penta1" lang="en">Pentavalent1</span><span data-option-value="PCV2" lang="bn">&#x9AA;&#x9BF;&#x9B8;&#x9BF;&#x9AD;&#x9BF; &#x9E8;</span><span data-option-value="PCV2" lang="en">PCV2</span><span data-option-value="OPV2" lang="bn">&#x993;&#x9AA;&#x9BF;&#x9AD;&#x9BF; &#x9E8;</span><span data-option-value="OPV2" lang="en">OPV2</span><span data-option-value="Penta2" lang="bn">&#x9AA;&#x9C7;&#x9A3;&#x9CD;&#x99F;&#x9BE;&#x9AD;&#x9CD;&#x9AF;&#x9BE;&#x9B2;&#x9C7;&#x9A8;&#x9CD;&#x99F; &#x9E8;</span><span data-option-value="Penta2" lang="en">Pentavalent2</span><span data-option-value="PCV3" lang="bn">&#x9AA;&#x9BF;&#x9B8;&#x9BF;&#x9AD;&#x9BF; &#x9E9;</span><span data-option-value="PCV3" lang="en">PCV3</span><span data-option-value="OPV3" lang="bn">&#x993;&#x9AA;&#x9BF;&#x9AD;&#x9BF; &#x9E9;</span><span data-option-value="OPV3" lang="en">OPV3</span><span data-option-value="Penta3" lang="bn">&#x9AA;&#x9C7;&#x9A3;&#x9CD;&#x99F;&#x9BE;&#x9AD;&#x9CD;&#x9AF;&#x9BE;&#x9B2;&#x9C7;&#x9A8;&#x9CD;&#x99F; &#x9E9;</span><span data-option-value="Penta3" lang="en">Pentavalent3</span><span data-option-value="IPV" lang="bn">&#x986;&#x987; &#x9AA;&#x9BF; &#x9AD;&#x9BF;</span><span data-option-value="IPV" lang="en">IPV</span><span data-option-value="MR1" lang="bn">&#x98F;&#x9AE; &#x986;&#x9B0; &#x9E7;</span><span data-option-value="MR1" lang="en">MR1</span><span data-option-value="MR2" lang="bn">&#x98F;&#x9AE; &#x986;&#x9B0; &#x9E8;</span><span data-option-value="MR2" lang="en">MR2</span>
    </span><span class="or-constraint-msg active" lang="" data-i18n="constraint.invalid">Value not allowed</span></label><label class="question or-branch pre-init non-select "><span lang="bn" class="question-label active" data-itext-id="/Child_0-5yr/Met/Child_Vaccination/BCG:label">&#x9AC;&#x9BF;&#x9B8;&#x9BF;&#x99C;&#x9BF;</span><span lang="en" class="question-label " data-itext-id="/Child_0-5yr/Met/Child_Vaccination/BCG:label">BCG</span><span class="required">*</span><input type="date" name="/Child_0-5yr/Met/Child_Vaccination/BCG" required="required" data-constraint=".&gt;=  /Child_0-5yr/existing_Member_Birth_Date  and .&lt;= /Child_0-5yr/today " data-relevant="selected( /Child_0-5yr/Met/Child_Vaccination/Vaccines ,'BCG')" data-type-xml="date"/><span class="or-constraint-msg active" lang="" data-i18n="constraint.invalid">Value not allowed</span><span class="or-required-msg active" lang="" data-i18n="constraint.required">This field is required</span></label><label class="question or-branch pre-init non-select "><span lang="bn" class="question-label active" data-itext-id="/Child_0-5yr/Met/Child_Vaccination/OPV0:label">&#x993;&#x9AA;&#x9BF;&#x9AD;&#x9BF; &#x9E6;</span><span lang="en" class="question-label " data-itext-id="/Child_0-5yr/Met/Child_Vaccination/OPV0:label">OPV 0</span><span class="required">*</span><input type="date" name="/Child_0-5yr/Met/Child_Vaccination/OPV0" required="required" data-constraint=".&gt;=  /Child_0-5yr/existing_Member_Birth_Date  and .&lt;= /Child_0-5yr/today " data-relevant="selected( /Child_0-5yr/Met/Child_Vaccination/Vaccines ,'OPV0')" data-type-xml="date"/><span class="or-constraint-msg active" lang="" data-i18n="constraint.invalid">Value not allowed</span><span class="or-required-msg active" lang="" data-i18n="constraint.required">This field is required</span></label><label class="question or-branch pre-init non-select "><span lang="bn" class="question-label active" data-itext-id="/Child_0-5yr/Met/Child_Vaccination/PCV1:label">&#x9AA;&#x9BF;&#x9B8;&#x9BF;&#x9AD;&#x9BF; &#x9E7;</span><span lang="en" class="question-label " data-itext-id="/Child_0-5yr/Met/Child_Vaccination/PCV1:label">PCV1</span><span class="required">*</span><input type="date" name="/Child_0-5yr/Met/Child_Vaccination/PCV1" required="required" data-constraint=".&lt; /Child_0-5yr/today  and .&gt;=( /Child_0-5yr/existing_Member_Birth_Date +(6*7))" data-relevant="selected( /Child_0-5yr/Met/Child_Vaccination/Vaccines ,'PCV1')" data-type-xml="date"/><span class="or-constraint-msg active" lang="" data-i18n="constraint.invalid">Value not allowed</span><span class="or-required-msg active" lang="" data-i18n="constraint.required">This field is required</span></label><label class="question or-branch pre-init non-select "><span lang="bn" class="question-label active" data-itext-id="/Child_0-5yr/Met/Child_Vaccination/OPV1:label">&#x993;&#x9AA;&#x9BF;&#x9AD;&#x9BF; &#x9E7;</span><span lang="en" class="question-label " data-itext-id="/Child_0-5yr/Met/Child_Vaccination/OPV1:label">OPV 1</span><span class="required">*</span><input type="date" name="/Child_0-5yr/Met/Child_Vaccination/OPV1" required="required" data-constraint=".&lt; /Child_0-5yr/today  and .&gt;=( /Child_0-5yr/Met/Child_Vaccination/OPV0 +(6*7))" data-relevant="selected( /Child_0-5yr/Met/Child_Vaccination/Vaccines ,'OPV1')" data-type-xml="date"/><span class="or-constraint-msg active" lang="" data-i18n="constraint.invalid">Value not allowed</span><span class="or-required-msg active" lang="" data-i18n="constraint.required">This field is required</span></label><label class="question or-branch pre-init non-select "><span lang="bn" class="question-label active" data-itext-id="/Child_0-5yr/Met/Child_Vaccination/Penta1:label">&#x9AA;&#x9C7;&#x9A3;&#x9CD;&#x99F;&#x9BE;&#x9AD;&#x9CD;&#x9AF;&#x9BE;&#x9B2;&#x9C7;&#x9A8;&#x9CD;&#x99F; &#x9E7;</span><span lang="en" class="question-label " data-itext-id="/Child_0-5yr/Met/Child_Vaccination/Penta1:label">Pentavalent 1</span><span class="required">*</span><input type="date" name="/Child_0-5yr/Met/Child_Vaccination/Penta1" required="required" data-constraint=".&lt; /Child_0-5yr/today  and .&gt;=( /Child_0-5yr/existing_Member_Birth_Date +(6*7))" data-relevant="selected( /Child_0-5yr/Met/Child_Vaccination/Vaccines ,'Penta1')" data-type-xml="date"/><span class="or-constraint-msg active" lang="" data-i18n="constraint.invalid">Value not allowed</span><span class="or-required-msg active" lang="" data-i18n="constraint.required">This field is required</span></label><label class="question or-branch pre-init non-select "><span lang="bn" class="question-label active" data-itext-id="/Child_0-5yr/Met/Child_Vaccination/PCV2:label">&#x9AA;&#x9BF;&#x9B8;&#x9BF;&#x9AD;&#x9BF; &#x9E8;</span><span lang="en" class="question-label " data-itext-id="/Child_0-5yr/Met/Child_Vaccination/PCV2:label">PCV2</span><span class="required">*</span><input type="date" name="/Child_0-5yr/Met/Child_Vaccination/PCV2" required="required" data-constraint=".&lt; /Child_0-5yr/today  and .&gt;=( /Child_0-5yr/Met/Child_Vaccination/PCV1 +(4*7))" data-relevant="selected( /Child_0-5yr/Met/Child_Vaccination/Vaccines ,'PCV2')" data-type-xml="date"/><span class="or-constraint-msg active" lang="" data-i18n="constraint.invalid">Value not allowed</span><span class="or-required-msg active" lang="" data-i18n="constraint.required">This field is required</span></label><label class="question or-branch pre-init non-select "><span lang="bn" class="question-label active" data-itext-id="/Child_0-5yr/Met/Child_Vaccination/OPV2:label">&#x993;&#x9AA;&#x9BF;&#x9AD;&#x9BF; &#x9E8;</span><span lang="en" class="question-label " data-itext-id="/Child_0-5yr/Met/Child_Vaccination/OPV2:label">OPV 2</span><span class="required">*</span><input type="date" name="/Child_0-5yr/Met/Child_Vaccination/OPV2" required="required" data-constraint=".&lt; /Child_0-5yr/today  and .&gt;=( /Child_0-5yr/Met/Child_Vaccination/OPV1 +(4*7))" data-relevant="selected( /Child_0-5yr/Met/Child_Vaccination/Vaccines ,'OPV2')" data-type-xml="date"/><span class="or-constraint-msg active" lang="" data-i18n="constraint.invalid">Value not allowed</span><span class="or-required-msg active" lang="" data-i18n="constraint.required">This field is required</span></label><label class="question or-branch pre-init non-select "><span lang="bn" class="question-label active" data-itext-id="/Child_0-5yr/Met/Child_Vaccination/Penta2:label">&#x9AA;&#x9C7;&#x9A3;&#x9CD;&#x99F;&#x9BE;&#x9AD;&#x9CD;&#x9AF;&#x9BE;&#x9B2;&#x9C7;&#x9A8;&#x9CD;&#x99F; &#x9E8;</span><span lang="en" class="question-label " data-itext-id="/Child_0-5yr/Met/Child_Vaccination/Penta2:label">Pentavalent 2</span><span class="required">*</span><input type="date" name="/Child_0-5yr/Met/Child_Vaccination/Penta2" required="required" data-constraint=".&lt; /Child_0-5yr/today  and .&gt;=( /Child_0-5yr/Met/Child_Vaccination/Penta1 +(4*7))" data-relevant="selected( /Child_0-5yr/Met/Child_Vaccination/Vaccines ,'Penta2')" data-type-xml="date"/><span class="or-constraint-msg active" lang="" data-i18n="constraint.invalid">Value not allowed</span><span class="or-required-msg active" lang="" data-i18n="constraint.required">This field is required</span></label><label class="question or-branch pre-init non-select "><span lang="bn" class="question-label active" data-itext-id="/Child_0-5yr/Met/Child_Vaccination/PCV3:label">&#x9AA;&#x9BF;&#x9B8;&#x9BF;&#x9AD;&#x9BF; &#x9E9;</span><span lang="en" class="question-label " data-itext-id="/Child_0-5yr/Met/Child_Vaccination/PCV3:label">PCV3</span><span class="required">*</span><input type="date" name="/Child_0-5yr/Met/Child_Vaccination/PCV3" required="required" data-constraint=".&lt; /Child_0-5yr/today  and .&gt;=( /Child_0-5yr/Met/Child_Vaccination/PCV2 +(4*7))" data-relevant="selected( /Child_0-5yr/Met/Child_Vaccination/Vaccines ,'PCV3')" data-type-xml="date"/><span class="or-constraint-msg active" lang="" data-i18n="constraint.invalid">Value not allowed</span><span class="or-required-msg active" lang="" data-i18n="constraint.required">This field is required</span></label><label class="question or-branch pre-init non-select "><span lang="bn" class="question-label active" data-itext-id="/Child_0-5yr/Met/Child_Vaccination/OPV3:label">&#x993;&#x9AA;&#x9BF;&#x9AD;&#x9BF; &#x9E9;</span><span lang="en" class="question-label " data-itext-id="/Child_0-5yr/Met/Child_Vaccination/OPV3:label">OPV 3</span><span class="required">*</span><input type="date" name="/Child_0-5yr/Met/Child_Vaccination/OPV3" required="required" data-constraint=".&lt; /Child_0-5yr/today  and .&gt;=( /Child_0-5yr/Met/Child_Vaccination/OPV2 +(4*7))" data-relevant="selected( /Child_0-5yr/Met/Child_Vaccination/Vaccines ,'OPV3')" data-type-xml="date"/><span class="or-constraint-msg active" lang="" data-i18n="constraint.invalid">Value not allowed</span><span class="or-required-msg active" lang="" data-i18n="constraint.required">This field is required</span></label><label class="question or-branch pre-init non-select "><span lang="bn" class="question-label active" data-itext-id="/Child_0-5yr/Met/Child_Vaccination/Penta3:label">&#x9AA;&#x9C7;&#x9A3;&#x9CD;&#x99F;&#x9BE;&#x9AD;&#x9CD;&#x9AF;&#x9BE;&#x9B2;&#x9C7;&#x9A8;&#x9CD;&#x99F; &#x9E9;</span><span lang="en" class="question-label " data-itext-id="/Child_0-5yr/Met/Child_Vaccination/Penta3:label">Pentavalent 3</span><span class="required">*</span><input type="date" name="/Child_0-5yr/Met/Child_Vaccination/Penta3" required="required" data-constraint=".&lt; /Child_0-5yr/today  and .&gt;=( /Child_0-5yr/Met/Child_Vaccination/Penta2 +(4*7))" data-relevant="selected( /Child_0-5yr/Met/Child_Vaccination/Vaccines ,'Penta3')" data-type-xml="date"/><span class="or-constraint-msg active" lang="" data-i18n="constraint.invalid">Value not allowed</span><span class="or-required-msg active" lang="" data-i18n="constraint.required">This field is required</span></label><label class="question or-branch pre-init non-select "><span lang="bn" class="question-label active" data-itext-id="/Child_0-5yr/Met/Child_Vaccination/IPV:label">&#x986;&#x987; &#x9AA;&#x9BF; &#x9AD;&#x9BF;</span><span lang="en" class="question-label " data-itext-id="/Child_0-5yr/Met/Child_Vaccination/IPV:label">IPV</span><span class="required">*</span><input type="date" name="/Child_0-5yr/Met/Child_Vaccination/IPV" required="required" data-constraint=".&lt; /Child_0-5yr/today  and .&gt;=( /Child_0-5yr/Met/Child_Vaccination/OPV2 +(4*7))" data-relevant="selected( /Child_0-5yr/Met/Child_Vaccination/Vaccines ,'IPV')" data-type-xml="date"/><span class="or-constraint-msg active" lang="" data-i18n="constraint.invalid">Value not allowed</span><span class="or-required-msg active" lang="" data-i18n="constraint.required">This field is required</span></label><label class="question or-branch pre-init non-select "><span lang="bn" class="question-label active" data-itext-id="/Child_0-5yr/Met/Child_Vaccination/Measles1:label">&#x98F;&#x9AE; &#x986;&#x9B0; &#x9E7;</span><span lang="en" class="question-label " data-itext-id="/Child_0-5yr/Met/Child_Vaccination/Measles1:label">Measles 1</span><span class="required">*</span><input type="date" name="/Child_0-5yr/Met/Child_Vaccination/Measles1" required="required" data-constraint=".&lt; /Child_0-5yr/today  and .&gt;=( /Child_0-5yr/existing_Member_Birth_Date +(39*7))" data-relevant="selected( /Child_0-5yr/Met/Child_Vaccination/Vaccines ,'Measles1')" data-type-xml="date"/><span class="or-constraint-msg active" lang="" data-i18n="constraint.invalid">Value not allowed</span><span class="or-required-msg active" lang="" data-i18n="constraint.required">This field is required</span></label><label class="question or-branch pre-init non-select "><span lang="bn" class="question-label active" data-itext-id="/Child_0-5yr/Met/Child_Vaccination/Measles2:label">&#x98F;&#x9AE; &#x986;&#x9B0; &#x9E8;</span><span lang="en" class="question-label " data-itext-id="/Child_0-5yr/Met/Child_Vaccination/Measles2:label">Measles2</span><span class="required">*</span><input type="date" name="/Child_0-5yr/Met/Child_Vaccination/Measles2" required="required" data-constraint=".&lt; /Child_0-5yr/today  and .&gt;=( /Child_0-5yr/Met/Child_Vaccination/Measles1 +(26*7))" data-relevant="selected( /Child_0-5yr/Met/Child_Vaccination/Vaccines ,'Measles2')" data-type-xml="date"/><span class="or-constraint-msg active" lang="" data-i18n="constraint.invalid">Value not allowed</span><span class="or-required-msg active" lang="" data-i18n="constraint.required">This field is required</span></label>
    </section><!--end of group --><fieldset class="question simple-select "><fieldset><legend><span lang="bn" class="question-label active" data-itext-id="/Child_0-5yr/Met/Diseases_Prob:label">&#x985;&#x9B8;&#x9C1;&#x9AC;&#x9BF;&#x9A7;&#x9BE;/&#x9B0;&#x9CB;&#x997;</span><span lang="en" class="question-label " data-itext-id="/Child_0-5yr/Met/Diseases_Prob:label">-</span>
    </legend><div class="option-wrapper"><label class=""><input type="checkbox" name="/Child_0-5yr/Met/Diseases_Prob" value="1" data-type-xml="select"/><span lang="bn" class="option-label active" data-itext-id="/Child_0-5yr/Met/Diseases_Prob/1:label">&#x996;&#x9C1;&#x9AC; &#x9AE;&#x9BE;&#x9B0;&#x9BE;&#x9A4;&#x9CD;&#x9A8;&#x995; &#x9B0;&#x9CB;&#x997;</span><span lang="en" class="option-label " data-itext-id="/Child_0-5yr/Met/Diseases_Prob/1:label">Deadly disease</span></label><label class=""><input type="checkbox" name="/Child_0-5yr/Met/Diseases_Prob" value="2" data-type-xml="select"/><span lang="bn" class="option-label active" data-itext-id="/Child_0-5yr/Met/Diseases_Prob/2:label">&#x9A8;&#x9BF;&#x989;&#x9AE;&#x9CB;&#x9A8;&#x9BF;&#x9DF;&#x9BE;</span><span lang="en" class="option-label " data-itext-id="/Child_0-5yr/Met/Diseases_Prob/2:label">Pneomonia</span></label><label class=""><input type="checkbox" name="/Child_0-5yr/Met/Diseases_Prob" value="3" data-type-xml="select"/><span lang="bn" class="option-label active" data-itext-id="/Child_0-5yr/Met/Diseases_Prob/3:label">&#x9A1;&#x9BE;&#x9DF;&#x9B0;&#x9BF;&#x9DF;&#x9BE;</span><span lang="en" class="option-label " data-itext-id="/Child_0-5yr/Met/Diseases_Prob/3:label">Diarrhoea</span></label><label class=""><input type="checkbox" name="/Child_0-5yr/Met/Diseases_Prob" value="4" data-type-xml="select"/><span lang="bn" class="option-label active" data-itext-id="/Child_0-5yr/Met/Diseases_Prob/4:label">&#x985;&#x9A8;&#x9CD;&#x9AF;&#x9BE;&#x9A8;&#x9CD;&#x9AF; &#x9B8;&#x9AE;&#x9B8;&#x9CD;&#x9AF;&#x9BE;</span><span lang="en" class="option-label " data-itext-id="/Child_0-5yr/Met/Diseases_Prob/4:label">Other</span></label></div></fieldset><span class="or-constraint-msg active" lang="" data-i18n="constraint.invalid">Value not allowed</span></fieldset><label class="question or-branch pre-init non-select "><span lang="bn" class="question-label active" data-itext-id="/Child_0-5yr/Met/Detail_Diseases_Prob:label">&#x995;&#x9BF; &#x985;&#x9B8;&#x9C1;&#x9AC;&#x9BF;&#x9A7;&#x9BE;/&#x9B0;&#x9CB;&#x997; &#x9B2;&#x9BF;&#x996;&#x9C1;&#x9A8;</span><span lang="en" class="question-label " data-itext-id="/Child_0-5yr/Met/Detail_Diseases_Prob:label">-</span><input type="text" name="/Child_0-5yr/Met/Detail_Diseases_Prob" data-relevant="selected( /Child_0-5yr/Met/Diseases_Prob ,'1') or selected( /Child_0-5yr/Met/Diseases_Prob ,'4')" data-type-xml="string"/><span class="or-constraint-msg active" lang="" data-i18n="constraint.invalid">Value not allowed</span></label><fieldset class="question simple-select "><fieldset><legend><span lang="bn" class="question-label active" data-itext-id="/Child_0-5yr/Met/Has_Referred:label">&#x9B0;&#x9CB;&#x997;&#x9C0;&#x995;&#x9C7; &#x9B0;&#x9C7;&#x9AB;&#x9BE;&#x9B0; &#x995;&#x9B0;&#x9BE; &#x9B9;&#x9DF;&#x9C7;&#x99B;&#x9C7; &#x995;&#x9BF;?</span><span lang="en" class="question-label " data-itext-id="/Child_0-5yr/Met/Has_Referred:label">-</span>
    </legend><div class="option-wrapper"><label class=""><input type="radio" name="/Child_0-5yr/Met/Has_Referred" data-name="/Child_0-5yr/Met/Has_Referred" value="0" data-type-xml="select1"/><span lang="bn" class="option-label active" data-itext-id="/Child_0-5yr/Met/Has_Referred/0:label">&#x9A8;&#x9BE;</span><span lang="en" class="option-label " data-itext-id="/Child_0-5yr/Met/Has_Referred/0:label">No</span></label><label class=""><input type="radio" name="/Child_0-5yr/Met/Has_Referred" data-name="/Child_0-5yr/Met/Has_Referred" value="1" data-type-xml="select1"/><span lang="bn" class="option-label active" data-itext-id="/Child_0-5yr/Met/Has_Referred/1:label">&#x9B9;&#x9CD;&#x9AF;&#x9BE;&#x981;</span><span lang="en" class="option-label " data-itext-id="/Child_0-5yr/Met/Has_Referred/1:label">Yes</span></label></div></fieldset><span class="or-constraint-msg active" lang="" data-i18n="constraint.invalid">Value not allowed</span></fieldset>
    </section><!--end of group -->

    <fieldset id="or-preload-items" style="display:none;"><label class="calculation non-select "><input type="hidden" name="/Child_0-5yr/today" data-preload="date" data-preload-params="today" data-type-xml="date"/></label><label class="calculation non-select "><input type="hidden" name="/Child_0-5yr/start" data-preload="timestamp" data-preload-params="start" data-type-xml="dateTime"/></label><label class="calculation non-select "><input type="hidden" name="/Child_0-5yr/end" data-preload="timestamp" data-preload-params="end" data-type-xml="dateTime"/></label></fieldset><fieldset id="or-calculated-items" style="display:none;"><label class="calculation non-select "><input type="hidden" name="/Child_0-5yr/Met/Child_Vaccination/DOO_35" data-calculate="format-date(date( /Child_0-5yr/existing_Member_Birth_Date +'35'), '%Y-%n-%e')" data-type-xml="string"/></label><label class="calculation non-select "><input type="hidden" name="/Child_0-5yr/Met/Child_Vaccination/DOO_56" data-calculate="format-date(date( /Child_0-5yr/existing_Member_Birth_Date +'56'), '%Y-%n-%e')" data-type-xml="string"/></label><label class="calculation non-select "><input type="hidden" name="/Child_0-5yr/Met/Child_Vaccination/DOO_266" data-calculate="format-date(date( /Child_0-5yr/existing_Member_Birth_Date +'266'), '%Y-%n-%e')" data-type-xml="string"/></label><label class="calculation non-select "><input type="hidden" name="/Child_0-5yr/Met/Child_Vaccination/DOO_441" data-calculate="format-date(date( /Child_0-5yr/existing_Member_Birth_Date +'441'), '%Y-%n-%e')" data-type-xml="string"/></label><label class="calculation non-select "><input type="hidden" name="/Child_0-5yr/meta/instanceID" data-calculate="concat('uuid:', uuid())" data-type-xml="string"/></label><label class="calculation non-select "><input type="hidden" name="/Child_0-5yr/formhub/uuid" data-calculate="'0b9e426263c54fe9adc62c414ed23291'" data-type-xml="string"/></label></fieldset></form><xsltmessages><message level="0">XML to HTML transformation for form took 0.06 seconds</message></xsltmessages><jrvalidationmessages><message level="1">This validation is yet not functional.</message></jrvalidationmessages><xmlerrors/><xslformerrors/><xsldataerrors/></root>
