<model>
    <instance>
        <Child_0-5yr encounter_type="Child 0-5 yr" id="Child_0-5yr" version="201612051247">
            <formhub>
                <uuid/>
            </formhub>
            <version/>
            <changes/>
            <existing_GoB_HHID/>
            <existing_Mem_F_Name/>
            <existing_Child_Mother/>
            <existing_Child_Father/>
            <existing_Final_Vill/>
            <existing_Mem_Mobile_Number/>
            <existing_Couple_No/>
            <existing_Member_Birth_Date/>
            <existing_Premature_Birth/>
            <existing_HR/>
            <existing_ELCO_NID/>
            <existing_ELCO_BRID/>
            <existing_Mem_BRID/>
            <existing_Mauzapara openmrs_entity="encounter" openmrs_entity_id="location_id"/>
            <today openmrs_entity="encounter" openmrs_entity_id="encounter_date"/>
            <start openmrs_entity="concept" openmrs_entity_id="163137AAAAAAAAAAAAAAAAAAAAAAAAAAAAAA"/>
            <end openmrs_entity="concept" openmrs_entity_id="163138AAAAAAAAAAAAAAAAAAAAAAAAAAAAAA"/>
            <Visit_Date openmrs_entity="concept" openmrs_entity_id="160753AAAAAAAAAAAAAAAAAAAAAAAAAAAAAA"/>
            <Visit_Status openmrs_entity="concept" openmrs_entity_id="163088AAAAAAAAAAAAAAAAAAAAAAAAAAAAAA"/>
            <Met>
                <Confirm_Info/>
                <Child_Vaccination>
                    <DOO_35/>
                    <DOO_56/>
                    <DOO_266/>
                    <DOO_441/>
                    <Note/>
                    <Vaccines/>
                    <BCG/>
                    <OPV0/>
                    <PCV1/>
                    <OPV1/>
                    <Penta1/>
                    <PCV2/>
                    <OPV2/>
                    <Penta2/>
                    <PCV3/>
                    <OPV3/>
                    <Penta3/>
                    <IPV/>
                    <Measles1/>
                    <Measles2/>
                </Child_Vaccination>
                <Diseases_Prob/>
                <Detail_Diseases_Prob/>
                <Has_Referred/>
            </Met>
            <child_current_form_status/>
            <meta>
                <instanceID/>
            </meta>
        </Child_0-5yr>
    </instance>
</model>