{
  "form_data_definition_version": "1",
  "form": {
    "default_bind_path": "/model/instance/BirthOutcome",
    "bind_type": "household",
    "fields": [
      {
        "name": "id",
        "shouldLoadValue": true
      },
      {
        "name": "today",
        "bind": "/model/instance/BirthOutcome/today"
      },
      {
        "name": "start",
        "bind": "/model/instance/BirthOutcome/start"
      },
      {
        "name": "end",
        "bind": "/model/instance/BirthOutcome/end"
      },
      {
        "name": "existing_location",
        "bind": "/model/instance/BirthOutcome/existing_location"
      },
      {
        "name": "existing_Country",
        "bind": "/model/instance/BirthOutcome/existing_COUNTRY",
        "shouldLoadValue": true
      },
      {
        "name": "existing_Division",
        "bind": "/model/instance/BirthOutcome/existing_DIVISION",
        "shouldLoadValue": true
      },
      {
        "name": "existing_District",
        "bind": "/model/instance/BirthOutcome/existing_DISTRICT",
        "shouldLoadValue": true
      },
      {
        "name": "existing_Upazilla",
        "bind": "/model/instance/BirthOutcome/existing_UPAZILLA",
        "shouldLoadValue": true
      },
      {
        "name": "existing_Paurasava",
        "bind": "/model/instance/BirthOutcome/existing_Paurasava",
        "shouldLoadValue": true
      },
      {
        "name": "existing_Union",
        "bind": "/model/instance/BirthOutcome/existing_UNION",
        "shouldLoadValue": true
      },
      {
        "name": "WARD",
        "bind": "/model/instance/BirthOutcome/existing_WARD",
        "shouldLoadValue": true
      },
      {
        "name": "ADDRESS_LINE",
        "bind": "/model/instance/BirthOutcome/existing_Address_line",
        "shouldLoadValue": true
      },
      {
        "name": "existing_HIE_facilities",
        "bind": "/model/instance/BirthOutcome/existing_HIE_facilities",
        "shouldLoadValue": true
      },
      {
        "name": "GPS",
        "bind": "/model/instance/BirthOutcome/existing_gps",
        "shouldLoadValue": true
      },
      {
        "name": "existing_doo",
        "bind": "/model/instance/BirthOutcome/existing_doo"
      },
      {
        "name": "HH_Address",
        "bind": "/model/instance/BirthOutcome/HH_Address"
      },
      {
        "name": "Interview_date",
        "bind": "/model/instance/BirthOutcome/Interview_date"
      },
      {
        "name": "outcome_current_formStatus",
        "bind": "/model/instance/BirthOutcome/outcome_current_formStatus"
      },
      {
        "name": "current_woman_id",
        "bind": "/model/instance/BirthOutcome/current_woman_id"
      }
    ],
    "sub_forms": [
      {
        "name": "member_registration",
        "bind_type": "members",
        "default_bind_path": "/model/instance/BirthOutcome/Child_Registration",
        "fields": [
          {
            "name": "id"
          },
          {
            "name": "relationalid"
          },
          {
            "name": "Member_COUNTRY",
            "bind": "/model/instance/BirthOutcome/Child_Registration/Member_COUNTRY"
          },
          {
            "name": "Member_DIVISION",
            "bind": "/model/instance/BirthOutcome/Child_Registration/Member_DIVISION"
          },
          {
            "name": "Member_DISTRICT",
            "bind": "/model/instance/BirthOutcome/Child_Registration/Member_DISTRICT"
          },
          {
            "name": "Member_UPAZILLA",
            "bind": "/model/instance/BirthOutcome/Child_Registration/Member_UPAZILLA"
          },
          {
            "name": "Member_Paurasava",
            "bind": "/model/instance/BirthOutcome/Child_Registration/Member_Paurasava"
          },
          {
            "name": "Member_UNION",
            "bind": "/model/instance/BirthOutcome/Child_Registration/Member_UNION"
          },
          {
            "name": "Member_WARD",
            "bind": "/model/instance/BirthOutcome/Child_Registration/Member_WARD"
          },
          {
            "name": "Member_BLOCK",
            "bind": "/model/instance/BirthOutcome/Child_Registration/Member_BLOCK"
          },
          {
            "name": "Member_Address_line",
            "bind": "/model/instance/BirthOutcome/Child_Registration/Member_Address_line"
          },
          {
            "name": "Member_HIE_facilities",
            "bind": "/model/instance/BirthOutcome/Child_Registration/Member_HIE_facilities"
          },
          {
            "name": "HH_Address",
            "bind": "/model/instance/BirthOutcome/Child_Registration/HH_Address"
          },
          {
            "name": "Reg_No",
            "bind": "/model/instance/BirthOutcome/Child_Registration/Reg_No"
          },
          {
            "name": "existing_Unique_ID",
            "bind": "/model/instance/BirthOutcome/Child_Registration/existing_Unique_ID"
          },
          {
            "name": "Child_dob",
            "bind": "/model/instance/BirthOutcome/Child_Registration/Child_dob"
          },
          {
            "name": "Child_age_days",
            "bind": "/model/instance/BirthOutcome/Child_Registration/Child_age_days"
          },
          {
            "name": "Child_birth_date_note",
            "bind": "/model/instance/BirthOutcome/Child_Registration/Child_birth_date_note"
          },
          {
            "name": "Birth_Weigtht",
            "bind": "/model/instance/BirthOutcome/Child_Registration/Birth_Weigtht"
          },
          {
            "name": "Newborn_Care_Received",
            "bind": "/model/instance/BirthOutcome/Child_Registration/Newborn_Care_Received"
          },
          {
            "name": "Child_gender",
            "bind": "/model/instance/BirthOutcome/Child_Registration/Child_gender"
          },
          {
            "name": "Child_vital_status",
            "bind": "/model/instance/BirthOutcome/Child_Registration/Child_vital_status"
          },
          {
            "name": "Child_name_check",
            "bind": "/model/instance/BirthOutcome/Child_Registration/Child_name_check"
          },
          {
            "name": "Child_name",
            "bind": "/model/instance/BirthOutcome/Child_Registration/Child_name"
          },
          {
            "name": "Child_last_name",
            "bind": "/model/instance/BirthOutcome/Child_Registration/Child_last_name"
          },
          {
            "name": "Member_Fname",
            "bind": "/model/instance/BirthOutcome/Child_Registration/Child_name_calc"
          },
          {
            "name": "Child_mother_name",
            "bind": "/model/instance/BirthOutcome/Child_Registration/Child_mother_name"
          },
          {
            "name": "Child_father_name",
            "bind": "/model/instance/BirthOutcome/Child_Registration/Child_father_name"
          },
          {
            "name": "Child_guardian_id",
            "bind": "/model/instance/BirthOutcome/Child_Registration/Child_guardian_id"
          },
          {
            "name": "Child_Mother_NID",
            "bind": "/model/instance/BirthOutcome/Child_Registration/Child_Mother_NID"
          },
          {
            "name": "Child_Mother_BRID",
            "bind": "/model/instance/BirthOutcome/Child_Registration/Child_Mother_BRID"
          },
          {
            "name": "Child_Father_NID",
            "bind": "/model/instance/BirthOutcome/Child_Registration/Child_Father_NID"
          },
          {
            "name": "Child_Father_BRID",
            "bind": "/model/instance/BirthOutcome/Child_Registration/Child_Father_BRID"
          },
          {
            "name": "Child_Other_Guardian_NID",
            "bind": "/model/instance/BirthOutcome/Child_Registration/Child_Other_Guardian_NID"
          },
          {
            "name": "Child_Other_Guardian_BRID",
            "bind": "/model/instance/BirthOutcome/Child_Registration/Child_Other_Guardian_BRID"
          },
          {
            "name": "epi_card_number",
            "bind": "/model/instance/BirthOutcome/Child_Registration/epi_card_number"
          },
          {
            "name": "child_was_suffering_from_a_disease_at_birth",
            "bind": "/model/instance/BirthOutcome/Child_Registration/child_was_suffering_from_a_disease_at_birth"
          },
          {
            "name": "contact_phone_number",
            "bind": "/model/instance/BirthOutcome/Child_Registration/contact_phone_number"
          },
          {
            "name": "child_vaccines",
            "bind": "/model/instance/BirthOutcome/Child_Registration/child_vaccines"
          },
          {
            "name": "bcg_retro",
            "bind": "/model/instance/BirthOutcome/Child_Registration/child_vaccines_group/bcg_retro"
          },
          {
            "name": "opv0_retro",
            "bind": "/model/instance/BirthOutcome/Child_Registration/child_vaccines_group/opv0_retro"
          },
          {
            "name": "opv0_dose",
            "bind": "/model/instance/BirthOutcome/Child_Registration/child_vaccines_group/opv0_dose"
          },
          {
            "name": "pcv1_retro",
            "bind": "/model/instance/BirthOutcome/Child_Registration/child_vaccines_group/pcv1_retro"
          },
          {
            "name": "pcv1_dose",
            "bind": "/model/instance/BirthOutcome/Child_Registration/child_vaccines_group/pcv1_dose"
          },
          {
            "name": "opv1_retro",
            "bind": "/model/instance/BirthOutcome/Child_Registration/child_vaccines_group/opv1_retro"
          },
          {
            "name": "opv1_dose",
            "bind": "/model/instance/BirthOutcome/Child_Registration/child_vaccines_group/opv1_dose"
          },
          {
            "name": "penta1_retro",
            "bind": "/model/instance/BirthOutcome/Child_Registration/child_vaccines_group/penta1_retro"
          },
          {
            "name": "penta1_dose",
            "bind": "/model/instance/BirthOutcome/Child_Registration/child_vaccines_group/penta1_dose"
          },
          {
            "name": "pcv2_retro",
            "bind": "/model/instance/BirthOutcome/Child_Registration/child_vaccines_group/pcv2_retro"
          },
          {
            "name": "pcv2_dose",
            "bind": "/model/instance/BirthOutcome/Child_Registration/child_vaccines_group/pcv2_dose"
          },
          {
            "name": "opv2_retro",
            "bind": "/model/instance/BirthOutcome/Child_Registration/child_vaccines_group/opv2_retro"
          },
          {
            "name": "opv2_dose",
            "bind": "/model/instance/BirthOutcome/Child_Registration/child_vaccines_group/opv2_dose"
          },
          {
            "name": "penta2_retro",
            "bind": "/model/instance/BirthOutcome/Child_Registration/child_vaccines_group/penta2_retro"
          },
          {
            "name": "penta2_dose",
            "bind": "/model/instance/BirthOutcome/Child_Registration/child_vaccines_group/penta2_dose"
          },
          {
            "name": "pcv3_retro",
            "bind": "/model/instance/BirthOutcome/Child_Registration/child_vaccines_group/pcv3_retro"
          },
          {
            "name": "pcv3_dose",
            "bind": "/model/instance/BirthOutcome/Child_Registration/child_vaccines_group/pcv3_dose"
          },
          {
            "name": "opv3_retro",
            "bind": "/model/instance/BirthOutcome/Child_Registration/child_vaccines_group/opv3_retro"
          },
          {
            "name": "opv3_dose",
            "bind": "/model/instance/BirthOutcome/Child_Registration/child_vaccines_group/opv3_dose"
          },
          {
            "name": "penta3_retro",
            "bind": "/model/instance/BirthOutcome/Child_Registration/child_vaccines_group/penta3_retro"
          },
          {
            "name": "penta3_dose",
            "bind": "/model/instance/BirthOutcome/Child_Registration/child_vaccines_group/penta3_dose"
          },
          {
            "name": "ipv_retro",
            "bind": "/model/instance/BirthOutcome/Child_Registration/child_vaccines_group/ipv_retro"
          },
          {
            "name": "measles1_retro",
            "bind": "/model/instance/BirthOutcome/Child_Registration/child_vaccines_group/child_vaccines_group/measles1_retro"
          },
          {
            "name": "measles1_dose",
            "bind": "/model/instance/BirthOutcome/Child_Registration/child_vaccines_group/measles1_dose"
          },
          {
            "name": "measles2_retro",
            "bind": "/model/instance/BirthOutcome/Child_Registration/child_vaccines_group/measles2_retro"
          },
          {
            "name": "measles2_dose",
            "bind": "/model/instance/BirthOutcome/Child_Registration/child_vaccines_group/measles2_dose"
          },
          {
            "name": "child_vaccines_2",
            "bind": "/model/instance/BirthOutcome/Child_Registration/child_vaccines_2"
          },
          {
            "name": "bcg",
            "bind": "/model/instance/BirthOutcome/Child_Registration/bcg"
          },
          {
            "name": "opv0",
            "bind": "/model/instance/BirthOutcome/Child_Registration/opv0"
          },
          {
            "name": "opv0_dose_today",
            "bind": "/model/instance/BirthOutcome/Child_Registration/opv0_dose_today"
          },
          {
            "name": "pcv1",
            "bind": "/model/instance/BirthOutcome/Child_Registration/pcv1"
          },
          {
            "name": "pcv1_dose_today",
            "bind": "/model/instance/BirthOutcome/Child_Registration/pcv1_dose_today"
          },
          {
            "name": "opv1",
            "bind": "/model/instance/BirthOutcome/Child_Registration/opv1"
          },
          {
            "name": "opv1_dose_today",
            "bind": "/model/instance/BirthOutcome/Child_Registration/opv1_dose_today"
          },
          {
            "name": "penta1",
            "bind": "/model/instance/BirthOutcome/Child_Registration/penta1"
          },
          {
            "name": "penta1_dose_today",
            "bind": "/model/instance/BirthOutcome/Child_Registration/penta1_dose_today"
          },
          {
            "name": "pcv2",
            "bind": "/model/instance/BirthOutcome/Child_Registration/pcv2"
          },
          {
            "name": "pcv2_dose_today",
            "bind": "/model/instance/BirthOutcome/Child_Registration/pcv2_dose_today"
          },
          {
            "name": "opv2",
            "bind": "/model/instance/BirthOutcome/Child_Registration/opv2"
          },
          {
            "name": "opv2_dose_today",
            "bind": "/model/instance/BirthOutcome/Child_Registration/opv2_dose_today"
          },
          {
            "name": "penta2",
            "bind": "/model/instance/BirthOutcome/Child_Registration/penta2"
          },
          {
            "name": "penta2_dose_today",
            "bind": "/model/instance/BirthOutcome/Child_Registration/penta2_dose_today"
          },
          {
            "name": "pcv3",
            "bind": "/model/instance/BirthOutcome/Child_Registration/pcv3"
          },
          {
            "name": "pcv3_dose_today",
            "bind": "/model/instance/BirthOutcome/Child_Registration/pcv3_dose_today"
          },
          {
            "name": "opv3",
            "bind": "/model/instance/BirthOutcome/Child_Registration/opv3"
          },
          {
            "name": "opv3_dose_today",
            "bind": "/model/instance/BirthOutcome/Child_Registration/opv3_dose_today"
          },
          {
            "name": "penta3",
            "bind": "/model/instance/BirthOutcome/Child_Registration/penta3"
          },
          {
            "name": "penta3_dose_today",
            "bind": "/model/instance/BirthOutcome/Child_Registration/penta3_dose_today"
          },
          {
            "name": "ipv",
            "bind": "/model/instance/BirthOutcome/Child_Registration/ipv"
          },
          {
            "name": "measles1",
            "bind": "/model/instance/BirthOutcome/Child_Registration/measles1"
          },
          {
            "name": "measles1_dose_today",
            "bind": "/model/instance/BirthOutcome/Child_Registration/measles1_dose_today"
          },
          {
            "name": "measles2",
            "bind": "/model/instance/BirthOutcome/Child_Registration/measles2"
          },
          {
            "name": "measles2_dose_today",
            "bind": "/model/instance/BirthOutcome/Child_Registration/measles2_dose_today"
          },
          {
            "name": "final_bcg",
            "bind": "/model/instance/BirthOutcome/Child_Registration/final_bcg"
          },
          {
            "name": "final_opv0",
            "bind": "/model/instance/BirthOutcome/Child_Registration/final_opv0"
          },
          {
            "name": "final_pcv1",
            "bind": "/model/instance/BirthOutcome/Child_Registration/final_pcv1"
          },
          {
            "name": "final_opv1",
            "bind": "/model/instance/BirthOutcome/Child_Registration/final_opv1"
          },
          {
            "name": "final_penta1",
            "bind": "/model/instance/BirthOutcome/Child_Registration/final_penta1"
          },
          {
            "name": "final_pcv2",
            "bind": "/model/instance/BirthOutcome/Child_Registration/final_pcv2"
          },
          {
            "name": "final_opv2",
            "bind": "/model/instance/BirthOutcome/Child_Registration/final_opv2"
          },
          {
            "name": "final_penta2",
            "bind": "/model/instance/BirthOutcome/Child_Registration/final_penta2"
          },
          {
            "name": "final_pcv3",
            "bind": "/model/instance/BirthOutcome/Child_Registration/final_pcv3"
          },
          {
            "name": "final_opv3",
            "bind": "/model/instance/BirthOutcome/Child_Registration/final_opv3"
          },
          {
            "name": "final_penta3",
            "bind": "/model/instance/BirthOutcome/Child_Registration/final_penta3"
          },
          {
            "name": "final_ipv",
            "bind": "/model/instance/BirthOutcome/Child_Registration/final_ipv"
          },
          {
            "name": "final_measles1",
            "bind": "/model/instance/BirthOutcome/Child_Registration/final_measles1"
          },
          {
            "name": "final_measles2",
            "bind": "/model/instance/BirthOutcome/Child_Registration/final_measles2"
          },
          {
            "name": "add_child",
            "bind": "/model/instance/BirthOutcome/Child_Registration/add_child"
          },
          {
            "name": "Is_child",
            "bind": "/model/instance/BirthOutcome/Child_Registration/Is_child"
          }
        ]
      }
    ]
  }
}