{
  "form_data_definition_version": "1",
  "form": {
    "default_bind_path": "/model/instance/ANCVisit3",
    "bind_type": "members",
    "fields": [
      {
        "name": "id",
        "shouldLoadValue": true
      },
      {
        "name": "version",
        "bind": "/model/instance/ANCVisit3/version"
      },
      {
        "name": "changes",
        "bind": "/model/instance/ANCVisit3/changes"
      },
      {
        "name": "Member_GoB_HHID",
        "bind": "/model/instance/ANCVisit3/existing_GoB_HHID",
        "shouldLoadValue": true
      },
      {
        "name": "ELCO_NID",
        "bind": "/model/instance/ANCVisit3/existing_ELCO_NID",
        "shouldLoadValue": true
      },
      {
        "name": "ELCO_BRID",
        "bind": "/model/instance/ANCVisit3/existing_ELCO_BRID",
        "shouldLoadValue": true
      },
      {
        "name": "Mem_F_Name",
        "bind": "/model/instance/ANCVisit3/existing_Mem_F_Name",
        "shouldLoadValue": true
      },
      {
        "name": "Mem_Marital_Status",
        "bind": "/model/instance/ANCVisit3/existing_Mem_Marital_Status",
        "shouldLoadValue": true
      },
      {
        "name": "Marriage_Life",
        "bind": "/model/instance/ANCVisit3/existing_Marriage_Life",
        "shouldLoadValue": true
      },
      {
        "name": "Spouse_Name",
        "bind": "/model/instance/ANCVisit3/existing_Spouse_Name",
        "shouldLoadValue": true
      },
      {
        "name": "Gestational_Age",
        "bind": "/model/instance/ANCVisit3/existing_Gestational_Age",
        "shouldLoadValue": true
      },
      {
        "name": "EDD",
        "bind": "/model/instance/ANCVisit3/existing_EDD",
        "shouldLoadValue": true
      },
      {
        "name": "ELCO",
        "bind": "/model/instance/ANCVisit3/existing_ELCO",
        "shouldLoadValue": true
      },
      {
        "name": "existing_HoH_F_Name",
        "bind": "/model/instance/ANCVisit3/existing_HoH_F_Name",
        "shouldLoadValue": true
      },
      {
        "name": "Couple_No",
        "bind": "/model/instance/ANCVisit3/existing_Couple_No",
        "shouldLoadValue": true
      },
      {
        "name": "Final_Vill",
        "bind": "/model/instance/ANCVisit3/existing_Final_Vill",
        "shouldLoadValue": true
      },
      {
        "name": "TT_Count",
        "bind": "/model/instance/ANCVisit3/existing_TT_Count",
        "shouldLoadValue": true
      },
      {
        "name": "ELCO_Mobile_Number",
        "bind": "/model/instance/ANCVisit3/existing_ELCO_Mobile_Number",
        "shouldLoadValue": true
      },
      {
        "name": "existing_Mauzapara",
        "bind": "/model/instance/ANCVisit3/existing_Mauzapara"
      },
      {
        "name": "Total_Child_Alive",
        "bind": "/model/instance/ANCVisit3/existing_Total_Child_Alive",
        "shouldLoadValue": true
      },
      {
        "name": "Age_Youngest_Child",
        "bind": "/model/instance/ANCVisit3/existing_Age_Youngest_Child",
        "shouldLoadValue": true
      },
      {
        "name": "Gravida",
        "bind": "/model/instance/ANCVisit3/existing_Gravida",
        "shouldLoadValue": true
      },
      {
        "name": "Bleeding",
        "bind": "/model/instance/ANCVisit3/existing_Bleeding",
        "shouldLoadValue": true
      },
      {
        "name": "Caesarean",
        "bind": "/model/instance/ANCVisit3/existing_Caesarean",
        "shouldLoadValue": true
      },
      {
        "name": "Heavy_Blood_Flow",
        "bind": "/model/instance/ANCVisit3/existing_Heavy_Blood_Flow",
        "shouldLoadValue": true
      },
      {
        "name": "Prolong_Delivery",
        "bind": "/model/instance/ANCVisit3/existing_Prolong_Delivery",
        "shouldLoadValue": true
      },
      {
        "name": "Birth_Outcome",
        "bind": "/model/instance/ANCVisit3/existing_Birth_Outcome",
        "shouldLoadValue": true
      },
      {
        "name": "Dead_Child",
        "bind": "/model/instance/ANCVisit3/existing_Dead_Child",
        "shouldLoadValue": true
      },
      {
        "name": "Risky_Preg",
        "bind": "/model/instance/ANCVisit3/existing_Risky_Preg",
        "shouldLoadValue": true
      },
      {
        "name": "Height",
        "bind": "/model/instance/ANCVisit3/existing_Height",
        "shouldLoadValue": true
      },
      {
        "name": "LMP",
        "bind": "/model/instance/ANCVisit3/existing_LMP",
        "shouldLoadValue": true
      },
      {
        "name": "today",
        "bind": "/model/instance/ANCVisit3/today"
      },
      {
        "name": "start",
        "bind": "/model/instance/ANCVisit3/start"
      },
      {
        "name": "end",
        "bind": "/model/instance/ANCVisit3/end"
      },
      {
        "name": "Visit_Status",
        "bind": "/model/instance/ANCVisit3/Visit_Status"
      },
      {
        "name": "Met",
        "bind": "/model/instance/ANCVisit3/Met"
      },
      {
        "name": "Confirm_Info",
        "bind": "/model/instance/ANCVisit3/Met/Confirm_Info"
      },
      {
        "name": "Visit_Date",
        "bind": "/model/instance/ANCVisit3/Met/Visit_Date"
      },
      {
        "name": "ANC3_Due_Date",
        "bind": "/model/instance/ANCVisit3/Met/ANC3_Due_Date"
      },
      {
        "name": "Is_On_Time",
        "bind": "/model/instance/ANCVisit3/Met/Is_On_Time"
      },
      {
        "name": "ANC3_Post_Due_Date",
        "bind": "/model/instance/ANCVisit3/Met/ANC3_Post_Due_Date"
      },
      {
        "name": "Is_Post_Due",
        "bind": "/model/instance/ANCVisit3/Met/Is_Post_Due"
      },
      {
        "name": "ANC3_Expired_Date",
        "bind": "/model/instance/ANCVisit3/Met/ANC3_Expired_Date"
      },
      {
        "name": "Is_Expired",
        "bind": "/model/instance/ANCVisit3/Met/Is_Expired"
      },
      {
        "name": "Preg_Status",
        "bind": "/model/instance/ANCVisit3/Met/Preg_Status"
      },
      {
        "name": "Symptoms",
        "bind": "/model/instance/ANCVisit3/Met/Symptoms"
      },
      {
        "name": "yn_dk_label",
        "bind": "/model/instance/ANCVisit3/Met/Symptoms/yn_dk_label"
      },
      {
        "name": "Menstruation",
        "bind": "/model/instance/ANCVisit3/Met/Symptoms/Menstruation"
      },
      {
        "name": "Headache_Blur_Vision",
        "bind": "/model/instance/ANCVisit3/Met/Symptoms/Headache_Blur_Vision"
      },
      {
        "name": "High_Fever",
        "bind": "/model/instance/ANCVisit3/Met/Symptoms/High_Fever"
      },
      {
        "name": "Prolonged_Delivery",
        "bind": "/model/instance/ANCVisit3/Met/Symptoms/Prolonged_Delivery"
      },
      {
        "name": "Position_Child_During_Delivery",
        "bind": "/model/instance/ANCVisit3/Met/Symptoms/Position_Child_During_Delivery"
      },
      {
        "name": "Convulsions",
        "bind": "/model/instance/ANCVisit3/Met/Symptoms/Convulsions"
      },
      {
        "name": "Is_Critical",
        "bind": "/model/instance/ANCVisit3/Met/Is_Critical"
      },
      {
        "name": "Is_Reffered",
        "bind": "/model/instance/ANCVisit3/Met/Is_Reffered"
      },
      {
        "name": "IFA_Received",
        "bind": "/model/instance/ANCVisit3/Met/IFA_Received"
      },
      {
        "name": "Not_Eligible",
        "bind": "/model/instance/ANCVisit3/Not_Eligible"
      },
      {
        "name": "ELCO",
        "bind": "/model/instance/ANCVisit3/ELCO"
      },
      {
        "name": "anc3_current_formStatus",
        "bind": "/model/instance/ANCVisit3/anc3_current_formStatus"
      },
      {
        "name": "relationalid",
        "bind": "/model/instance/ANCVisit3/relationalid"
      }
    ]
  }
}