{
  "form_data_definition_version": "1",
  "form": {
    "default_bind_path": "/model/instance/ELCOFollowUp",
    "bind_type": "members",
    "fields": [
      {
        "name": "id",
        "shouldLoadValue": true
      },
      {
        "name": "version",
        "bind": "/model/instance/ELCOFollowUp/version"
      },
      {
        "name": "changes",
        "bind": "/model/instance/ELCOFollowUp/changes"
      },
      {
        "name": "existing_Mauzapara",
        "bind": "/model/instance/ELCOFollowUp/existing_Mauzapara"
      },
      {
        "name": "existing_GoB_HHID",
        "bind": "/model/instance/ELCOFollowUp/existing_GoB_HHID"
      },
      {
        "name": "existing_Mem_F_Name",
        "bind": "/model/instance/ELCOFollowUp/existing_Mem_F_Name"
      },
      {
        "name": "existing_Spouse_Name",
        "bind": "/model/instance/ELCOFollowUp/existing_Spouse_Name"
      },
      {
        "name": "existing_ELCO_NID",
        "bind": "/model/instance/ELCOFollowUp/existing_ELCO_NID"
      },
      {
        "name": "existing_Mem_Marital_Status",
        "bind": "/model/instance/ELCOFollowUp/existing_Mem_Marital_Status"
      },
      {
        "name": "existing_ELCO_BRID",
        "bind": "/model/instance/ELCOFollowUp/existing_ELCO_BRID"
      },
      {
        "name": "existing_Calc_Age_Confirm",
        "bind": "/model/instance/ELCOFollowUp/existing_Calc_Age_Confirm"
      },
      {
        "name": "existing_ELCO",
        "bind": "/model/instance/ELCOFollowUp/existing_ELCO"
      },
      {
        "name": "existing_Couple_No",
        "bind": "/model/instance/ELCOFollowUp/existing_Couple_No"
      },
      {
        "name": "existing_ELCO_Mobile_Number",
        "bind": "/model/instance/ELCOFollowUp/existing_ELCO_Mobile_Number"
      },
      {
        "name": "existing_HoH_F_Name",
        "bind": "/model/instance/ELCOFollowUp/existing_HoH_F_Name"
      },
      {
        "name": "existing_Final_Dist",
        "bind": "/model/instance/ELCOFollowUp/existing_Final_Dist"
      },
      {
        "name": "existing_Final_Union",
        "bind": "/model/instance/ELCOFollowUp/existing_Final_Union"
      },
      {
        "name": "existing_Final_Vill",
        "bind": "/model/instance/ELCOFollowUp/existing_Final_Vill"
      },
      {
        "name": "existing_location",
        "bind": "/model/instance/ELCOFollowUp/existing_location"
      },
      {
        "name": "today",
        "bind": "/model/instance/ELCOFollowUp/today"
      },
      {
        "name": "start",
        "bind": "/model/instance/ELCOFollowUp/start"
      },
      {
        "name": "end",
        "bind": "/model/instance/ELCOFollowUp/end"
      },
      {
        "name": "ELCO_Date",
        "bind": "/model/instance/ELCOFollowUp/ELCO_Date"
      },
      {
        "name": "ELCO_Status",
        "bind": "/model/instance/ELCOFollowUp/ELCO_Status"
      },
      {
        "name": "Wom_Met",
        "bind": "/model/instance/ELCOFollowUp/Wom_Met"
      },
      {
        "name": "Confirm_Info",
        "bind": "/model/instance/ELCOFollowUp/Wom_Met/Confirm_Info"
      },
      {
        "name": "Marriage_Date",
        "bind": "/model/instance/ELCOFollowUp/Wom_Met/Marriage_Date"
      },
      {
        "name": "LMP",
        "bind": "/model/instance/ELCOFollowUp/Wom_Met/LMP"
      },
      {
        "name": "Preg_Status",
        "bind": "/model/instance/ELCOFollowUp/Wom_Met/Preg_Status"
      },
      {
        "name": "Using_FP",
        "bind": "/model/instance/ELCOFollowUp/Wom_Met/Using_FP"
      },
      {
        "name": "Birth_Control",
        "bind": "/model/instance/ELCOFollowUp/Wom_Met/Birth_Control"
      },
      {
        "name": "Type_Oral_Pill",
        "bind": "/model/instance/ELCOFollowUp/Wom_Met/Type_Oral_Pill"
      },
      {
        "name": "Pill_Given_No",
        "bind": "/model/instance/ELCOFollowUp/Wom_Met/Pill_Given_No"
      },
      {
        "name": "Pill_Given_Date",
        "bind": "/model/instance/ELCOFollowUp/Wom_Met/Pill_Given_Date"
      },
      {
        "name": "Format_Pill_Given_Date",
        "bind": "/model/instance/ELCOFollowUp/Wom_Met/Format_Pill_Given_Date"
      },
      {
        "name": "Cond_Given_No",
        "bind": "/model/instance/ELCOFollowUp/Wom_Met/Cond_Given_No"
      },
      {
        "name": "Cond_Given_Date",
        "bind": "/model/instance/ELCOFollowUp/Wom_Met/Cond_Given_Date"
      },
      {
        "name": "Format_Cond_Given_Date",
        "bind": "/model/instance/ELCOFollowUp/Wom_Met/Format_Cond_Given_Date"
      },
      {
        "name": "Injetable",
        "bind": "/model/instance/ELCOFollowUp/Wom_Met/Injetable"
      },
      {
        "name": "Injection_Date",
        "bind": "/model/instance/ELCOFollowUp/Wom_Met/Injection_Date"
      },
      {
        "name": "Format_Injection_Date",
        "bind": "/model/instance/ELCOFollowUp/Wom_Met/Format_Injection_Date"
      },
      {
        "name": "Format_Next_Injection_Date",
        "bind": "/model/instance/ELCOFollowUp/Wom_Met/Format_Next_Injection_Date"
      },
      {
        "name": "Next_Injection_Date",
        "bind": "/model/instance/ELCOFollowUp/Wom_Met/Next_Injection_Date"
      },
      {
        "name": "Type_Implant",
        "bind": "/model/instance/ELCOFollowUp/Wom_Met/Type_Implant"
      },
      {
        "name": "Permanent_M_Date",
        "bind": "/model/instance/ELCOFollowUp/Wom_Met/Permanent_M_Date"
      },
      {
        "name": "Format_Permanent_M_Date",
        "bind": "/model/instance/ELCOFollowUp/Wom_Met/Format_Permanent_M_Date"
      },
      {
        "name": "Source_BC_Product",
        "bind": "/model/instance/ELCOFollowUp/Wom_Met/Source_BC_Product"
      },
      {
        "name": "Want_Change",
        "bind": "/model/instance/ELCOFollowUp/Wom_Met/Want_Change"
      },
      {
        "name": "Want_To_Use",
        "bind": "/model/instance/ELCOFollowUp/Wom_Met/Want_To_Use"
      },
      {
        "name": "Counselling",
        "bind": "/model/instance/ELCOFollowUp/Wom_Met/Counselling"
      },
      {
        "name": "Discuss_With_Fam",
        "bind": "/model/instance/ELCOFollowUp/Wom_Met/Discuss_With_Fam"
      },
      {
        "name": "Select_FP_Method",
        "bind": "/model/instance/ELCOFollowUp/Wom_Met/Select_FP_Method"
      },
      {
        "name": "Has_Changed",
        "bind": "/model/instance/ELCOFollowUp/Wom_Met/Has_Changed"
      },
      {
        "name": "Want_FP_Commodities",
        "bind": "/model/instance/ELCOFollowUp/Wom_Met/Want_FP_Commodities"
      },
      {
        "name": "Eligible_Injectables",
        "bind": "/model/instance/ELCOFollowUp/Wom_Met/Eligible_Injectables"
      },
      {
        "name": "Provide_Pills_Condoms",
        "bind": "/model/instance/ELCOFollowUp/Wom_Met/Provide_Pills_Condoms"
      },
      {
        "name": "Refer",
        "bind": "/model/instance/ELCOFollowUp/Wom_Met/Refer"
      },
      {
        "name": "TT_Status",
        "bind": "/model/instance/ELCOFollowUp/Wom_Met/TT_Status"
      },
      {
        "name": "TT_Dose",
        "bind": "/model/instance/ELCOFollowUp/Wom_Met/TT_Dose"
      },
      {
        "name": "Not_Preg_Note",
        "bind": "/model/instance/ELCOFollowUp/Wom_Met/Not_Preg_Note"
      },
      {
        "name": "Pregnancy_Reg",
        "bind": "/model/instance/ELCOFollowUp/Wom_Met/Pregnancy_Reg"
      },
      {
        "name": "Preg_Note",
        "bind": "/model/instance/ELCOFollowUp/Wom_Met/Pregnancy_Reg/Preg_Note"
      },
      {
        "name": "Height",
        "bind": "/model/instance/ELCOFollowUp/Wom_Met/Pregnancy_Reg/Height"
      },
      {
        "name": "Gestational_Age",
        "bind": "/model/instance/ELCOFollowUp/Wom_Met/Pregnancy_Reg/Gestational_Age"
      },
      {
        "name": "Calc_EDD",
        "bind": "/model/instance/ELCOFollowUp/Wom_Met/Pregnancy_Reg/Calc_EDD"
      },
      {
        "name": "Gravida",
        "bind": "/model/instance/ELCOFollowUp/Wom_Met/Pregnancy_Reg/Gravida"
      },
      {
        "name": "Child_Alive_Boy",
        "bind": "/model/instance/ELCOFollowUp/Wom_Met/Pregnancy_Reg/Child_Alive_Boy"
      },
      {
        "name": "Child_Alive_Girl",
        "bind": "/model/instance/ELCOFollowUp/Wom_Met/Pregnancy_Reg/Child_Alive_Girl"
      },
      {
        "name": "Total_Child_Alive",
        "bind": "/model/instance/ELCOFollowUp/Wom_Met/Pregnancy_Reg/Total_Child_Alive"
      },
      {
        "name": "Live_Birth",
        "bind": "/model/instance/ELCOFollowUp/Wom_Met/Pregnancy_Reg/Live_Birth"
      },
      {
        "name": "Age_Youngest_Child",
        "bind": "/model/instance/ELCOFollowUp/Wom_Met/Pregnancy_Reg/Age_Youngest_Child"
      },
      {
        "name": "Bleeding",
        "bind": "/model/instance/ELCOFollowUp/Wom_Met/Pregnancy_Reg/Bleeding"
      },
      {
        "name": "Last_Pregnancy",
        "bind": "/model/instance/ELCOFollowUp/Wom_Met/Pregnancy_Reg/Last_Pregnancy"
      },
      {
        "name": "yn_dk_label",
        "bind": "/model/instance/ELCOFollowUp/Wom_Met/Pregnancy_Reg/Last_Pregnancy/yn_dk_label"
      },
      {
        "name": "Caesarean",
        "bind": "/model/instance/ELCOFollowUp/Wom_Met/Pregnancy_Reg/Last_Pregnancy/Caesarean"
      },
      {
        "name": "Heavy_Blood_Flow",
        "bind": "/model/instance/ELCOFollowUp/Wom_Met/Pregnancy_Reg/Last_Pregnancy/Heavy_Blood_Flow"
      },
      {
        "name": "Prolong_Delivery",
        "bind": "/model/instance/ELCOFollowUp/Wom_Met/Pregnancy_Reg/Last_Pregnancy/Prolong_Delivery"
      },
      {
        "name": "Birth_Outcome",
        "bind": "/model/instance/ELCOFollowUp/Wom_Met/Pregnancy_Reg/Last_Pregnancy/Birth_Outcome"
      },
      {
        "name": "Dead_Child",
        "bind": "/model/instance/ELCOFollowUp/Wom_Met/Pregnancy_Reg/Last_Pregnancy/Dead_Child"
      },
      {
        "name": "Risky_Preg",
        "bind": "/model/instance/ELCOFollowUp/Wom_Met/Pregnancy_Reg/Risky_Preg"
      },
      {
        "name": "Refer_FWV",
        "bind": "/model/instance/ELCOFollowUp/Wom_Met/Pregnancy_Reg/Refer_FWV"
      },
      {
        "name": "Mother_Mauzapara",
        "bind": "/model/instance/ELCOFollowUp/Wom_Met/Pregnancy_Reg/Mother_Mauzapara"
      },
      {
        "name": "Mother_GoB_HHID",
        "bind": "/model/instance/ELCOFollowUp/Wom_Met/Pregnancy_Reg/Mother_GoB_HHID"
      },
      {
        "name": "Mother_F_Name",
        "bind": "/model/instance/ELCOFollowUp/Wom_Met/Pregnancy_Reg/Mother_F_Name"
      },
      {
        "name": "Mother_Hus_Name",
        "bind": "/model/instance/ELCOFollowUp/Wom_Met/Pregnancy_Reg/Mother_Hus_Name"
      },
      {
        "name": "Mother_NID",
        "bind": "/model/instance/ELCOFollowUp/Wom_Met/Pregnancy_Reg/Mother_NID"
      },
      {
        "name": "Mother_BRID",
        "bind": "/model/instance/ELCOFollowUp/Wom_Met/Pregnancy_Reg/Mother_BRID"
      },
      {
        "name": "Mother_Age",
        "bind": "/model/instance/ELCOFollowUp/Wom_Met/Pregnancy_Reg/Mother_Age"
      },
      {
        "name": "Mother_LMP",
        "bind": "/model/instance/ELCOFollowUp/Wom_Met/Pregnancy_Reg/Mother_LMP"
      },
      {
        "name": "Mother_Valid",
        "bind": "/model/instance/ELCOFollowUp/Wom_Met/Pregnancy_Reg/Mother_Valid"
      },
      {
        "name": "Last_FP_Method",
        "bind": "/model/instance/ELCOFollowUp/Wom_Met/Pregnancy_Reg/Last_FP_Method"
      },
      {
        "name": "Changed_FP_Method",
        "bind": "/model/instance/ELCOFollowUp/Wom_Met/Pregnancy_Reg/Changed_FP_Method"
      },
      {
        "name": "Calc_FP_Given_Date",
        "bind": "/model/instance/ELCOFollowUp/Wom_Met/Pregnancy_Reg/Calc_FP_Given_Date"
      },
      {
        "name": "Is_Eligible_Injectables",
        "bind": "/model/instance/ELCOFollowUp/Wom_Met/Pregnancy_Reg/Is_Eligible_Injectables"
      },
      {
        "name": "Married_Life",
        "bind": "/model/instance/ELCOFollowUp/Married_Life"
      },
      {
        "name": "TT_Count",
        "bind": "/model/instance/ELCOFollowUp/TT_Count"
      },
      {
        "name": "ELCO_Followup_Logic",
        "bind": "/model/instance/ELCOFollowUp/ELCO_Followup_Logic"
      },
      {
        "name": "Not_ELCO",
        "bind": "/model/instance/ELCOFollowUp/Not_ELCO"
      },
      {
        "name": "ELCO",
        "bind": "/model/instance/ELCOFollowUp/ELCO"
      },
      {
        "name": "Eligible",
        "bind": "/model/instance/ELCOFollowUp/Eligible"
      },
      {
        "name": "PW",
        "bind": "/model/instance/ELCOFollowUp/PW"
      },
      {
        "name": "Current_Form_Status",
        "bind": "/model/instance/ELCOFollowUp/Current_Form_Status"
      }
    ]
  }
}