{
  "form_data_definition_version": "1",
  "form": {
    "default_bind_path": "/model/instance/PNCVisit2",
    "bind_type": "members",
    "fields": [
      {
        "name": "id",
        "shouldLoadValue": true
      },
      {
        "name": "version",
        "bind": "/model/instance/PNCVisit2/version"
      },
      {
        "name": "changes",
        "bind": "/model/instance/PNCVisit2/changes"
      },
      {
        "name": "Member_GoB_HHID",
        "bind": "/model/instance/PNCVisit2/existing_GoB_HHID",
        "shouldLoadValue": true
      },
      {
        "name": "ELCO_NID",
        "bind": "/model/instance/PNCVisit2/existing_ELCO_NID",
        "shouldLoadValue": true
      },
      {
        "name": "ELCO_BRID",
        "bind": "/model/instance/PNCVisit2/existing_ELCO_BRID",
        "shouldLoadValue": true
      },
      {
        "name": "Mem_F_Name",
        "bind": "/model/instance/PNCVisit2/existing_Mem_F_Name",
        "shouldLoadValue": true
      },
      {
        "name": "Spouse_Name",
        "bind": "/model/instance/PNCVisit2/existing_Spouse_Name",
        "shouldLoadValue": true
      },
      {
        "name": "LMP",
        "bind": "/model/instance/PNCVisit2/existing_LMP",
        "shouldLoadValue": true
      },
      {
        "name": "ELCO",
        "bind": "/model/instance/PNCVisit2/existing_ELCO",
        "shouldLoadValue": true
      },
      {
        "name": "existing_HoH_F_Name",
        "bind": "/model/instance/PNCVisit2/existing_HoH_F_Name",
        "shouldLoadValue": true
      },
      {
        "name": "Couple_No",
        "bind": "/model/instance/PNCVisit2/existing_Couple_No",
        "shouldLoadValue": true
      },
      {
        "name": "Final_Vill",
        "bind": "/model/instance/PNCVisit2/existing_Final_Vill",
        "shouldLoadValue": true
      },
      {
        "name": "exising_Union",
        "bind": "/model/instance/PNCVisit2/exising_Union",
        "shouldLoadValue": true
      },
      {
        "name": "exising_Upazilla",
        "bind": "/model/instance/PNCVisit2/exising_Upazilla",
        "shouldLoadValue": true
      },
      {
        "name": "TT_Count",
        "bind": "/model/instance/PNCVisit2/existing_TT_Count",
        "shouldLoadValue": true
      },
      {
        "name": "ELCO_Mobile_Number",
        "bind": "/model/instance/PNCVisit2/existing_ELCO_Mobile_Number",
        "shouldLoadValue": true
      },
      {
        "name": "DOO",
        "bind": "/model/instance/PNCVisit2/existing_DOO",
        "shouldLoadValue": true
      },
      {
        "name": "Total_Child_Alive",
        "bind": "/model/instance/PNCVisit2/existing_Total_Child_Alive",
        "shouldLoadValue": true
      },
      {
        "name": "Num_Live_Birth",
        "bind": "/model/instance/PNCVisit2/existing_Num_Live_Birth",
        "shouldLoadValue": true
      },
      {
        "name": "Premature_Birth",
        "bind": "/model/instance/PNCVisit2/existing_Premature_Birth",
        "shouldLoadValue": true
      },
      {
        "name": "Delivery_Type",
        "bind": "/model/instance/PNCVisit2/existing_Delivery_Type",
        "shouldLoadValue": true
      },
      {
        "name": "existing_Visit_Status",
        "bind": "/model/instance/PNCVisit2/existing_Visit_Status"
      },
      {
        "name": "Risky_Preg",
        "bind": "/model/instance/PNCVisit2/existing_Risky_Preg",
        "shouldLoadValue": true
      },
      {
        "name": "Where_Delivered",
        "bind": "/model/instance/PNCVisit2/existing_Where_Delivered",
        "shouldLoadValue": true
      },
      {
        "name": "existing_Mauzapara",
        "bind": "/model/instance/PNCVisit2/existing_Mauzapara",
        "shouldLoadValue": true
      },
      {
        "name": "today",
        "bind": "/model/instance/PNCVisit2/today"
      },
      {
        "name": "start",
        "bind": "/model/instance/PNCVisit2/start"
      },
      {
        "name": "end",
        "bind": "/model/instance/PNCVisit2/end"
      },
      {
        "name": "Visit_Status",
        "bind": "/model/instance/PNCVisit2/Visit_Status"
      },
      {
        "name": "Confirm_Info",
        "bind": "/model/instance/PNCVisit2/Met/Confirm_Info"
      },
      {
        "name": "Visit_Date",
        "bind": "/model/instance/PNCVisit2/Met/Visit_Date"
      },
      {
        "name": "PNC2_Due_Date",
        "bind": "/model/instance/PNCVisit2/Met/PNC2_Due_Date"
      },
      {
        "name": "Is_On_Time",
        "bind": "/model/instance/PNCVisit2/Met/Is_On_Time"
      },
      {
        "name": "PNC2_Post_Due_Date",
        "bind": "/model/instance/PNCVisit2/Met/PNC2_Post_Due_Date"
      },
      {
        "name": "Is_Post_Due",
        "bind": "/model/instance/PNCVisit2/Met/Is_Post_Due"
      },
      {
        "name": "PNC2_Expired_Date",
        "bind": "/model/instance/PNCVisit2/Met/PNC2_Expired_Date"
      },
      {
        "name": "Is_Expired",
        "bind": "/model/instance/PNCVisit2/Met/Is_Expired"
      },
      {
        "name": "Calc_On_Time",
        "bind": "/model/instance/PNCVisit2/Met/Calc_On_Time"
      },
      {
        "name": "Has_PNC_Given_On_Time",
        "bind": "/model/instance/PNCVisit2/Met/Has_PNC_Given_On_Time"
      },
      {
        "name": "symptoms_yn_dk_label",
        "bind": "/model/instance/PNCVisit2/Met/Symptoms/yn_dk_label"
      },
      {
        "name": "Menstruation",
        "bind": "/model/instance/PNCVisit2/Met/Symptoms/Menstruation"
      },
      {
        "name": "Headache_Blur_Vision",
        "bind": "/model/instance/PNCVisit2/Met/Symptoms/Headache_Blur_Vision"
      },
      {
        "name": "High_Fever",
        "bind": "/model/instance/PNCVisit2/Met/Symptoms/High_Fever"
      },
      {
        "name": "Convulsions",
        "bind": "/model/instance/PNCVisit2/Met/Symptoms/Convulsions"
      },
      {
        "name": "Is_Critical",
        "bind": "/model/instance/PNCVisit2/Met/Is_Critical"
      },
      {
        "name": "Is_Reffered",
        "bind": "/model/instance/PNCVisit2/Met/Is_Reffered"
      },
      {
        "name": "newborn_yn_dk_label",
        "bind": "/model/instance/PNCVisit2/Met/Newborn/yn_dk_label"
      },
      {
        "name": "Is_Cleaned",
        "bind": "/model/instance/PNCVisit2/Met/Newborn/Is_Cleaned"
      },
      {
        "name": "Chlorhexidin",
        "bind": "/model/instance/PNCVisit2/Met/Newborn/Chlorhexidin"
      },
      {
        "name": "Breasmilk_Fed",
        "bind": "/model/instance/PNCVisit2/Met/Newborn/Breasmilk_Fed"
      },
      {
        "name": "Not_Bathed",
        "bind": "/model/instance/PNCVisit2/Met/Newborn/Not_Bathed"
      },
      {
        "name": "Comment",
        "bind": "/model/instance/PNCVisit2/Met/Comment"
      },
      {
        "name": "Visit_No",
        "bind": "/model/instance/PNCVisit2/Visit_No"
      },
      {
        "name": "HR",
        "bind": "/model/instance/PNCVisit2/HR"
      },
      {
        "name": "PNC2_current_formStatus",
        "bind": "/model/instance/PNCVisit2/PNC2_current_formStatus"
      }
    ]
  }
}