<?xml version="1.0"?>
<root><form autocomplete="off" novalidate="novalidate" class="or clearfix" dir="ltr" id="child_vaccination_followup">
    <!--This form was created by transforming a OpenRosa-flavored (X)Form using an XSLT sheet created by Enketo LLC.--><section class="form-logo"> </section><h3 id="form-title">&#x9B6;&#x9BF;&#x9B6;&#x9C1;&#x9B0; &#x99F;&#x9BF;&#x995;&#x9BE;&#x9B0; &#x9AB;&#x9B2;&#x9CB;&#x986;&#x9AA;</h3><select id="form-languages" data-default-lang="bn"><option value="openmrs_code">openmrs_code</option> <option value="bn">Bengali</option> <option value="en">English</option> </select>


    <label class="note non-select "><span lang="openmrs_code" class="question-label " data-itext-id="/Child_Vaccination_Followup/provider_location_note:label">-</span><span lang="bn" class="question-label active" data-itext-id="/Child_Vaccination_Followup/provider_location_note:label">&#x993;&#x9DF;&#x9BE;&#x9B0;&#x9CD;&#x9A1;&#x983;<span class="or-output" data-value=" /Child_Vaccination_Followup/existing_Ward ">
    </span>, &#x9AC;&#x9CD;&#x9B2;&#x995; &#x9A8;&#x982;&#x983; <span class="or-output" data-value=" /Child_Vaccination_Followup/existing_Block ">
    </span></span><span lang="en" class="question-label " data-itext-id="/Child_Vaccination_Followup/provider_location_note:label">Ward: <span class="or-output" data-value=" /Child_Vaccination_Followup/existing_Ward ">
    </span>, Block: <span class="or-output" data-value=" /Child_Vaccination_Followup/existing_Block ">
    </span></span><input type="text" name="/Child_Vaccination_Followup/provider_location_note" data-type-xml="string" readonly="readonly"/></label>
    <label class="note non-select "><span lang="openmrs_code" class="question-label " data-itext-id="/Child_Vaccination_Followup/existing_client_reg_date_note:label">-</span><span lang="bn" class="question-label active" data-itext-id="/Child_Vaccination_Followup/existing_client_reg_date_note:label">&#x9B0;&#x9C7;&#x99C;&#x9BF;&#x9B8;&#x9CD;&#x99F;&#x9CD;&#x9B0;&#x9B6;&#x9A8;&#x9C7;&#x9B0; &#x9A4;&#x9BE;&#x9B0;&#x9BF;&#x996;&#x983; <span class="or-output" data-value=" /Child_Vaccination_Followup/existing_client_reg_date ">
    </span></span><span lang="en" class="question-label " data-itext-id="/Child_Vaccination_Followup/existing_client_reg_date_note:label">Registration date: <span class="or-output" data-value=" /Child_Vaccination_Followup/existing_client_reg_date ">
    </span></span><span lang="openmrs_code" class="or-hint " data-itext-id="/Child_Vaccination_Followup/existing_client_reg_date_note:hint">-</span><span lang="bn" class="or-hint active" data-itext-id="/Child_Vaccination_Followup/existing_client_reg_date_note:hint">(&#x9AF;&#x9C7; &#x9A4;&#x9BE;&#x9B0;&#x9BF;&#x996;&#x9C7; &#x9B6;&#x9BF;&#x9B6;&#x9C1;&#x995;&#x9C7; &#x99F;&#x9BF;&#x995;&#x9BE; &#x9A6;&#x9C7;&#x993;&#x9DF;&#x9BE; &#x9B9;&#x9DF;&#x9C7;&#x99B;&#x9C7;)</span><span lang="en" class="or-hint " data-itext-id="/Child_Vaccination_Followup/existing_client_reg_date_note:hint">(Date on which child was vaccinated)</span><input type="text" name="/Child_Vaccination_Followup/existing_client_reg_date_note" required="required" data-type-xml="string" readonly="readonly"/></label>
    <label class="note non-select "><span lang="openmrs_code" class="question-label " data-itext-id="/Child_Vaccination_Followup/epi_card_number_note:label">-</span><span lang="bn" class="question-label active" data-itext-id="/Child_Vaccination_Followup/epi_card_number_note:label">&#x987;&#x9AA;&#x9BF;&#x986;&#x987; &#x995;&#x9BE;&#x9B0;&#x9CD;&#x9A1; &#x9A8;&#x9AE;&#x9CD;&#x9AC;&#x9B0;&#x983; <span class="or-output" data-value=" /Child_Vaccination_Followup/existing_epi_card_number ">
    </span></span><span lang="en" class="question-label " data-itext-id="/Child_Vaccination_Followup/epi_card_number_note:label">EPI Card Number: <span class="or-output" data-value=" /Child_Vaccination_Followup/existing_epi_card_number ">
    </span></span><input type="text" name="/Child_Vaccination_Followup/epi_card_number_note" required="required" data-type-xml="string" readonly="readonly"/></label>
    <label class="note non-select "><span lang="openmrs_code" class="question-label " data-itext-id="/Child_Vaccination_Followup/first_name_note:label">-</span><span lang="bn" class="question-label active" data-itext-id="/Child_Vaccination_Followup/first_name_note:label">&#x9A8;&#x9BE;&#x9AE;&#x983; <span class="or-output" data-value=" /Child_Vaccination_Followup/existing_first_name ">
    </span></span><span lang="en" class="question-label " data-itext-id="/Child_Vaccination_Followup/first_name_note:label">Name: <span class="or-output" data-value=" /Child_Vaccination_Followup/existing_first_name ">
    </span></span><input type="text" name="/Child_Vaccination_Followup/first_name_note" required="required" data-type-xml="string" readonly="readonly"/></label>
    <label class="note non-select "><span lang="openmrs_code" class="question-label " data-itext-id="/Child_Vaccination_Followup/calc_dob_note:label">-</span><span lang="bn" class="question-label active" data-itext-id="/Child_Vaccination_Followup/calc_dob_note:label">&#x9B6;&#x9BF;&#x9B6;&#x9C1;&#x9B0; &#x99C;&#x9A8;&#x9CD;&#x9AE; &#x9A4;&#x9BE;&#x9B0;&#x9BF;&#x996;&#x983; <span class="or-output" data-value=" /Child_Vaccination_Followup/existing_birth_date ">
    </span> (<span class="or-output" data-value=" /Child_Vaccination_Followup/child_age ">
    </span>) &#x9AE;&#x9BE;&#x9B8;</span><span lang="en" class="question-label " data-itext-id="/Child_Vaccination_Followup/calc_dob_note:label">Child Date of Birth: <span class="or-output" data-value=" /Child_Vaccination_Followup/existing_birth_date ">
    </span> (<span class="or-output" data-value=" /Child_Vaccination_Followup/child_age ">
    </span>) months</span><input type="text" name="/Child_Vaccination_Followup/calc_dob_note" data-type-xml="string" readonly="readonly"/></label>
    <label class="note non-select "><span lang="openmrs_code" class="question-label " data-itext-id="/Child_Vaccination_Followup/gender_note:label">-</span><span lang="bn" class="question-label active" data-itext-id="/Child_Vaccination_Followup/gender_note:label">&#x9B2;&#x9BF;&#x999;&#x9CD;&#x997;&#x983; <span class="or-output" data-value=" /Child_Vaccination_Followup/existing_gender ">
    </span></span><span lang="en" class="question-label " data-itext-id="/Child_Vaccination_Followup/gender_note:label">Gender: <span class="or-output" data-value=" /Child_Vaccination_Followup/existing_gender ">
    </span></span><input type="text" name="/Child_Vaccination_Followup/gender_note" required="required" data-type-xml="string" readonly="readonly"/></label>
    <label class="note non-select "><span lang="openmrs_code" class="question-label " data-itext-id="/Child_Vaccination_Followup/mother_name_note:label">-</span><span lang="bn" class="question-label active" data-itext-id="/Child_Vaccination_Followup/mother_name_note:label">&#x9AE;&#x9BE;&#x9DF;&#x9C7;&#x9B0; &#x9A8;&#x9BE;&#x9AE;&#x983; <span class="or-output" data-value=" /Child_Vaccination_Followup/existing_mother_name ">
    </span></span><span lang="en" class="question-label " data-itext-id="/Child_Vaccination_Followup/mother_name_note:label">Mother's Name: <span class="or-output" data-value=" /Child_Vaccination_Followup/existing_mother_name ">
    </span></span><input type="text" name="/Child_Vaccination_Followup/mother_name_note" data-type-xml="string" readonly="readonly"/></label>
    <label class="note non-select "><span lang="openmrs_code" class="question-label " data-itext-id="/Child_Vaccination_Followup/address:label">-</span><span lang="bn" class="question-label active" data-itext-id="/Child_Vaccination_Followup/address:label">&#x9AC;&#x9B0;&#x9CD;&#x9A4;&#x9AE;&#x9BE;&#x9A8; &#x9A0;&#x9BF;&#x995;&#x9BE;&#x9A8;&#x9BE;&#x983; <span class="or-output" data-value=" /Child_Vaccination_Followup/existing_Address_line ">
    </span></span><span lang="en" class="question-label " data-itext-id="/Child_Vaccination_Followup/address:label">Current Address: <span class="or-output" data-value=" /Child_Vaccination_Followup/existing_Address_line ">
    </span></span><input type="text" name="/Child_Vaccination_Followup/address" data-type-xml="string" readonly="readonly"/></label>
    <fieldset class="question simple-select "><fieldset><legend><span lang="openmrs_code" class="question-label " data-itext-id="/Child_Vaccination_Followup/address_change:label">-</span><span lang="bn" class="question-label active" data-itext-id="/Child_Vaccination_Followup/address_change:label">&#x986;&#x9AA;&#x9A8;&#x9BE;&#x9B0; &#x9AC;&#x9BE;&#x9DC;&#x9C0;&#x9B0; &#x9A0;&#x9BF;&#x995;&#x9BE;&#x9A8;&#x9BE; &#x995;&#x9BF; &#x9AA;&#x9B0;&#x9BF;&#x9AC;&#x9B0;&#x9CD;&#x9A4;&#x9A8; &#x9B9;&#x9DF;&#x9C7;&#x99B;&#x9C7;?</span><span lang="en" class="question-label " data-itext-id="/Child_Vaccination_Followup/address_change:label">Has your home address changed?</span>
    </legend><div class="option-wrapper"><label class=""><input type="radio" name="/Child_Vaccination_Followup/address_change" data-name="/Child_Vaccination_Followup/address_change" value="yes" data-type-xml="select1"/><span lang="openmrs_code" class="option-label " data-itext-id="/Child_Vaccination_Followup/address_change/yes:label">-</span><span lang="bn" class="option-label active" data-itext-id="/Child_Vaccination_Followup/address_change/yes:label">&#x9B9;&#x9CD;&#x9AF;&#x9BE;&#x981;</span><span lang="en" class="option-label " data-itext-id="/Child_Vaccination_Followup/address_change/yes:label">Yes</span></label><label class=""><input type="radio" name="/Child_Vaccination_Followup/address_change" data-name="/Child_Vaccination_Followup/address_change" value="no" data-type-xml="select1"/><span lang="openmrs_code" class="option-label " data-itext-id="/Child_Vaccination_Followup/address_change/no:label">-</span><span lang="bn" class="option-label active" data-itext-id="/Child_Vaccination_Followup/address_change/no:label">&#x9A8;&#x9BE;</span><span lang="en" class="option-label " data-itext-id="/Child_Vaccination_Followup/address_change/no:label">No</span></label></div></fieldset><span class="or-constraint-msg active" lang="" data-i18n="constraint.invalid">Value not allowed</span></fieldset>
    <label class="question or-branch pre-init non-select "><span lang="openmrs_code" class="question-label " data-itext-id="/Child_Vaccination_Followup/address1:label">-</span><span lang="bn" class="question-label active" data-itext-id="/Child_Vaccination_Followup/address1:label">&#x9AC;&#x9BE;&#x9DC;&#x9C0;&#x9B0; &#x9A0;&#x9BF;&#x995;&#x9BE;&#x9A8;&#x9BE;</span><span lang="en" class="question-label " data-itext-id="/Child_Vaccination_Followup/address1:label">Home Address</span><span class="required">*</span><input type="text" name="/Child_Vaccination_Followup/address1" required="required" data-relevant="selected( /Child_Vaccination_Followup/address_change , 'yes')" data-type-xml="string"/><span class="or-constraint-msg active" lang="" data-i18n="constraint.invalid">Value not allowed</span><span class="or-required-msg active" lang="" data-i18n="constraint.required">This field is required</span></label>
    <label class="question or-branch pre-init non-select "><span lang="openmrs_code" class="question-label " data-itext-id="/Child_Vaccination_Followup/landmark:label">-</span><span lang="bn" class="question-label active" data-itext-id="/Child_Vaccination_Followup/landmark:label">&#x9B2;&#x9CD;&#x9AF;&#x9BE;&#x9A8;&#x9CD;&#x9A1;&#x9AE;&#x9BE;&#x9B0;&#x9CD;&#x995;</span><span lang="en" class="question-label " data-itext-id="/Child_Vaccination_Followup/landmark:label">Land Mark</span><input type="text" name="/Child_Vaccination_Followup/landmark" data-relevant="selected( /Child_Vaccination_Followup/address_change , 'yes')" data-type-xml="string"/><span class="or-constraint-msg active" lang="" data-i18n="constraint.invalid">Value not allowed</span></label>
    <label class="question non-select "><span lang="openmrs_code" class="question-label " data-itext-id="/Child_Vaccination_Followup/center_gps:label">-</span><span lang="bn" class="question-label active" data-itext-id="/Child_Vaccination_Followup/center_gps:label">&#x99C;&#x9BF; &#x9AA;&#x9BF; &#x98F;&#x9B8;</span><span lang="en" class="question-label " data-itext-id="/Child_Vaccination_Followup/center_gps:label">Collect GPS coordinates of data entry location:</span><span lang="" class="or-hint active">GPS coordinates can only be collected when outside.</span><input type="text" name="/Child_Vaccination_Followup/center_gps" data-type-xml="geopoint"/><span class="or-constraint-msg active" lang="" data-i18n="constraint.invalid">Value not allowed</span></label>
    <label class="note non-select "><span lang="openmrs_code" class="question-label " data-itext-id="/Child_Vaccination_Followup/child_was_suffering_from_a_disease_at_birth_note:label">-</span><span lang="bn" class="question-label active" data-itext-id="/Child_Vaccination_Followup/child_was_suffering_from_a_disease_at_birth_note:label">&#x9B6;&#x9BF;&#x9B6;&#x9C1; &#x99C;&#x99F;&#x9BF;&#x9B2; &#x995;&#x9CB;&#x9A8; &#x9B0;&#x9CB;&#x997;&#x9C7; &#x9AD;&#x9C1;&#x997;&#x99B;&#x9BF;&#x9B2;&#x9CB;&#x983; <span class="or-output" data-value=" /Child_Vaccination_Followup/existing_child_was_suffering_from_a_disease_at_birth ">
    </span></span><span lang="en" class="question-label " data-itext-id="/Child_Vaccination_Followup/child_was_suffering_from_a_disease_at_birth_note:label">Child was suffering from a disease at birth: <span class="or-output" data-value=" /Child_Vaccination_Followup/existing_child_was_suffering_from_a_disease_at_birth ">
    </span></span><input type="text" name="/Child_Vaccination_Followup/child_was_suffering_from_a_disease_at_birth_note" required="required" data-type-xml="string" readonly="readonly"/></label>
    <label class="question non-select "><span lang="openmrs_code" class="question-label " data-itext-id="/Child_Vaccination_Followup/side_effects:label">-</span><span lang="bn" class="question-label active" data-itext-id="/Child_Vaccination_Followup/side_effects:label">&#x99F;&#x9BF;&#x995;&#x9BE; &#x9A8;&#x9C7;&#x993;&#x9DF;&#x9BE;&#x9B0; &#x9AB;&#x9B2;&#x9C7; &#x985;&#x9B8;&#x9CD;&#x9A5;&#x9BE;&#x9DF;&#x9C0; &#x9AA;&#x9BE;&#x9B0;&#x9CD;&#x9B6;&#x9CD;&#x9AC;-&#x9AA;&#x9CD;&#x9B0;&#x9A4;&#x9BF;&#x995;&#x9CD;&#x9B0;&#x9BF;&#x9DF;&#x9BE;</span><span lang="en" class="question-label " data-itext-id="/Child_Vaccination_Followup/side_effects:label">Temporary side-effects of immunization shots</span><input type="text" name="/Child_Vaccination_Followup/side_effects" data-type-xml="string"/><span class="or-constraint-msg active" lang="" data-i18n="constraint.invalid">Value not allowed</span></label>
    <label class="question non-select "><span lang="openmrs_code" class="question-label " data-itext-id="/Child_Vaccination_Followup/contact_phone_number:label">-</span><span lang="bn" class="question-label active" data-itext-id="/Child_Vaccination_Followup/contact_phone_number:label">&#x9AE;&#x9CB;&#x9AC;&#x9BE;&#x987;&#x9B2; &#x9A8;&#x9AE;&#x9CD;&#x9AC;&#x9B0;&#x983; <span class="or-output" data-value=" /Child_Vaccination_Followup/existing_contact_phone_number ">
    </span></span><span lang="en" class="question-label " data-itext-id="/Child_Vaccination_Followup/contact_phone_number:label">Mobile Number: <span class="or-output" data-value=" /Child_Vaccination_Followup/existing_contact_phone_number ">
    </span></span><input type="text" name="/Child_Vaccination_Followup/contact_phone_number" data-constraint="regex(., '^[0-9]{11}$')" data-type-xml="string"/><span lang="openmrs_code" class="or-constraint-msg " data-itext-id="/Child_Vaccination_Followup/contact_phone_number:jr:constraintMsg">-</span><span lang="bn" class="or-constraint-msg active" data-itext-id="/Child_Vaccination_Followup/contact_phone_number:jr:constraintMsg">&#x985;&#x9A8;&#x9C1;&#x997;&#x9CD;&#x9B0;&#x9B9; &#x995;&#x9B0;&#x9C7; &#x9E7;&#x9E7; &#x9A1;&#x9BF;&#x99C;&#x9BF;&#x99F;&#x9C7;&#x9B0; &#x9AE;&#x9CB;&#x9AC;&#x9BE;&#x987;&#x9B2; &#x9A8;&#x9AE;&#x9CD;&#x9AC;&#x9B0; &#x99F;&#x9BE;&#x987;&#x9AA; &#x995;&#x9B0;&#x9C1;&#x9A8;</span><span lang="en" class="or-constraint-msg " data-itext-id="/Child_Vaccination_Followup/contact_phone_number:jr:constraintMsg">Phone number should be 11 digits</span></label>
    <label class="note or-branch pre-init non-select "><span lang="openmrs_code" class="question-label " data-itext-id="/Child_Vaccination_Followup/bcg_note:label">-</span><span lang="bn" class="question-label active" data-itext-id="/Child_Vaccination_Followup/bcg_note:label">
        <span class="or-output" data-value=" /Child_Vaccination_Followup/e_bcg ">
        </span></span><span lang="en" class="question-label " data-itext-id="/Child_Vaccination_Followup/bcg_note:label">
        <span class="or-output" data-value=" /Child_Vaccination_Followup/e_bcg ">
        </span></span><input type="text" name="/Child_Vaccination_Followup/bcg_note" data-relevant=" /Child_Vaccination_Followup/e_bcg  != ''" data-type-xml="string" readonly="readonly"/></label>
    <label class="note or-branch pre-init non-select "><span lang="openmrs_code" class="question-label " data-itext-id="/Child_Vaccination_Followup/opv0_note:label">-</span><span lang="bn" class="question-label active" data-itext-id="/Child_Vaccination_Followup/opv0_note:label">
        <span class="or-output" data-value=" /Child_Vaccination_Followup/e_opv0 ">
        </span></span><span lang="en" class="question-label " data-itext-id="/Child_Vaccination_Followup/opv0_note:label">
        <span class="or-output" data-value=" /Child_Vaccination_Followup/e_opv0 ">
        </span></span><input type="text" name="/Child_Vaccination_Followup/opv0_note" data-relevant=" /Child_Vaccination_Followup/e_opv0  != ''" data-type-xml="string" readonly="readonly"/></label>
    <label class="note or-branch pre-init non-select "><span lang="openmrs_code" class="question-label " data-itext-id="/Child_Vaccination_Followup/opv1_note:label">-</span><span lang="bn" class="question-label active" data-itext-id="/Child_Vaccination_Followup/opv1_note:label">
        <span class="or-output" data-value=" /Child_Vaccination_Followup/e_penta2 ">
        </span></span><span lang="en" class="question-label " data-itext-id="/Child_Vaccination_Followup/opv1_note:label">
        <span class="or-output" data-value=" /Child_Vaccination_Followup/e_penta2 ">
        </span></span><input type="text" name="/Child_Vaccination_Followup/opv1_note" data-relevant=" /Child_Vaccination_Followup/e_penta2  != ''" data-type-xml="string" readonly="readonly"/></label>
    <label class="note or-branch pre-init non-select "><span lang="openmrs_code" class="question-label " data-itext-id="/Child_Vaccination_Followup/pcv1_note:label">-</span><span lang="bn" class="question-label active" data-itext-id="/Child_Vaccination_Followup/pcv1_note:label">
        <span class="or-output" data-value=" /Child_Vaccination_Followup/e_penta1 ">
        </span></span><span lang="en" class="question-label " data-itext-id="/Child_Vaccination_Followup/pcv1_note:label">
        <span class="or-output" data-value=" /Child_Vaccination_Followup/e_penta1 ">
        </span></span><input type="text" name="/Child_Vaccination_Followup/pcv1_note" data-relevant=" /Child_Vaccination_Followup/e_penta1  != ''" data-type-xml="string" readonly="readonly"/></label>
    <label class="note or-branch pre-init non-select "><span lang="openmrs_code" class="question-label " data-itext-id="/Child_Vaccination_Followup/penta1_note:label">-</span><span lang="bn" class="question-label active" data-itext-id="/Child_Vaccination_Followup/penta1_note:label">
        <span class="or-output" data-value=" /Child_Vaccination_Followup/e_penta3 ">
        </span></span><span lang="en" class="question-label " data-itext-id="/Child_Vaccination_Followup/penta1_note:label">
        <span class="or-output" data-value=" /Child_Vaccination_Followup/e_penta3 ">
        </span></span><input type="text" name="/Child_Vaccination_Followup/penta1_note" data-relevant=" /Child_Vaccination_Followup/e_penta3  != ''" data-type-xml="string" readonly="readonly"/></label>
    <label class="note or-branch pre-init non-select "><span lang="openmrs_code" class="question-label " data-itext-id="/Child_Vaccination_Followup/opv2_note:label">-</span><span lang="bn" class="question-label active" data-itext-id="/Child_Vaccination_Followup/opv2_note:label">
        <span class="or-output" data-value=" /Child_Vaccination_Followup/e_opv1 ">
        </span></span><span lang="en" class="question-label " data-itext-id="/Child_Vaccination_Followup/opv2_note:label">
        <span class="or-output" data-value=" /Child_Vaccination_Followup/e_opv1 ">
        </span></span><input type="text" name="/Child_Vaccination_Followup/opv2_note" data-relevant=" /Child_Vaccination_Followup/e_opv1  != ''" data-type-xml="string" readonly="readonly"/></label>
    <label class="note or-branch pre-init non-select "><span lang="openmrs_code" class="question-label " data-itext-id="/Child_Vaccination_Followup/pcv2_note:label">-</span><span lang="bn" class="question-label active" data-itext-id="/Child_Vaccination_Followup/pcv2_note:label">
        <span class="or-output" data-value=" /Child_Vaccination_Followup/e_opv2 ">
        </span></span><span lang="en" class="question-label " data-itext-id="/Child_Vaccination_Followup/pcv2_note:label">
        <span class="or-output" data-value=" /Child_Vaccination_Followup/e_opv2 ">
        </span></span><input type="text" name="/Child_Vaccination_Followup/pcv2_note" data-relevant=" /Child_Vaccination_Followup/e_opv2  != ''" data-type-xml="string" readonly="readonly"/></label>
    <label class="note or-branch pre-init non-select "><span lang="openmrs_code" class="question-label " data-itext-id="/Child_Vaccination_Followup/penta2_note:label">-</span><span lang="bn" class="question-label active" data-itext-id="/Child_Vaccination_Followup/penta2_note:label">
        <span class="or-output" data-value=" /Child_Vaccination_Followup/e_opv3 ">
        </span></span><span lang="en" class="question-label " data-itext-id="/Child_Vaccination_Followup/penta2_note:label">
        <span class="or-output" data-value=" /Child_Vaccination_Followup/e_opv3 ">
        </span></span><input type="text" name="/Child_Vaccination_Followup/penta2_note" data-relevant=" /Child_Vaccination_Followup/e_opv3  != ''" data-type-xml="string" readonly="readonly"/></label>
    <label class="note or-branch pre-init non-select "><span lang="openmrs_code" class="question-label " data-itext-id="/Child_Vaccination_Followup/opv3_note:label">-</span><span lang="bn" class="question-label active" data-itext-id="/Child_Vaccination_Followup/opv3_note:label">
        <span class="or-output" data-value=" /Child_Vaccination_Followup/e_pcv1 ">
        </span></span><span lang="en" class="question-label " data-itext-id="/Child_Vaccination_Followup/opv3_note:label">
        <span class="or-output" data-value=" /Child_Vaccination_Followup/e_pcv1 ">
        </span></span><input type="text" name="/Child_Vaccination_Followup/opv3_note" data-relevant=" /Child_Vaccination_Followup/e_pcv1  != ''" data-type-xml="string" readonly="readonly"/></label>
    <label class="note or-branch pre-init non-select "><span lang="openmrs_code" class="question-label " data-itext-id="/Child_Vaccination_Followup/pcv3_note:label">-</span><span lang="bn" class="question-label active" data-itext-id="/Child_Vaccination_Followup/pcv3_note:label">
        <span class="or-output" data-value=" /Child_Vaccination_Followup/e_pcv2 ">
        </span></span><span lang="en" class="question-label " data-itext-id="/Child_Vaccination_Followup/pcv3_note:label">
        <span class="or-output" data-value=" /Child_Vaccination_Followup/e_pcv2 ">
        </span></span><input type="text" name="/Child_Vaccination_Followup/pcv3_note" data-relevant=" /Child_Vaccination_Followup/e_pcv2  != ''" data-type-xml="string" readonly="readonly"/></label>
    <label class="note or-branch pre-init non-select "><span lang="openmrs_code" class="question-label " data-itext-id="/Child_Vaccination_Followup/penta3_note:label">-</span><span lang="bn" class="question-label active" data-itext-id="/Child_Vaccination_Followup/penta3_note:label">
        <span class="or-output" data-value=" /Child_Vaccination_Followup/e_pcv3 ">
        </span></span><span lang="en" class="question-label " data-itext-id="/Child_Vaccination_Followup/penta3_note:label">
        <span class="or-output" data-value=" /Child_Vaccination_Followup/e_pcv3 ">
        </span></span><input type="text" name="/Child_Vaccination_Followup/penta3_note" data-relevant=" /Child_Vaccination_Followup/e_pcv3  != ''" data-type-xml="string" readonly="readonly"/></label>
    <label class="note or-branch pre-init non-select "><span lang="openmrs_code" class="question-label " data-itext-id="/Child_Vaccination_Followup/ipv_note:label">-</span><span lang="bn" class="question-label active" data-itext-id="/Child_Vaccination_Followup/ipv_note:label">
        <span class="or-output" data-value=" /Child_Vaccination_Followup/e_ipv ">
        </span></span><span lang="en" class="question-label " data-itext-id="/Child_Vaccination_Followup/ipv_note:label">
        <span class="or-output" data-value=" /Child_Vaccination_Followup/e_ipv ">
        </span></span><input type="text" name="/Child_Vaccination_Followup/ipv_note" data-relevant=" /Child_Vaccination_Followup/e_ipv  != ''" data-type-xml="string" readonly="readonly"/></label>
    <label class="note or-branch pre-init non-select "><span lang="openmrs_code" class="question-label " data-itext-id="/Child_Vaccination_Followup/measles1_note:label">-</span><span lang="bn" class="question-label active" data-itext-id="/Child_Vaccination_Followup/measles1_note:label">
        <span class="or-output" data-value=" /Child_Vaccination_Followup/e_measles1 ">
        </span></span><span lang="en" class="question-label " data-itext-id="/Child_Vaccination_Followup/measles1_note:label">
        <span class="or-output" data-value=" /Child_Vaccination_Followup/e_measles1 ">
        </span></span><input type="text" name="/Child_Vaccination_Followup/measles1_note" data-relevant=" /Child_Vaccination_Followup/e_measles1  != ''" data-type-xml="string" readonly="readonly"/></label>
    <label class="note or-branch pre-init non-select "><span lang="openmrs_code" class="question-label " data-itext-id="/Child_Vaccination_Followup/measles2_note:label">-</span><span lang="bn" class="question-label active" data-itext-id="/Child_Vaccination_Followup/measles2_note:label">
        <span class="or-output" data-value=" /Child_Vaccination_Followup/e_measles2 ">
        </span></span><span lang="en" class="question-label " data-itext-id="/Child_Vaccination_Followup/measles2_note:label">
        <span class="or-output" data-value=" /Child_Vaccination_Followup/e_measles2 ">
        </span></span><input type="text" name="/Child_Vaccination_Followup/measles2_note" data-relevant=" /Child_Vaccination_Followup/e_measles2  != ''" data-type-xml="string" readonly="readonly"/></label>
    <label class="question or-appearance-minimal "><span lang="openmrs_code" class="question-label " data-itext-id="/Child_Vaccination_Followup/vaccines:label">-</span><span lang="bn" class="question-label active" data-itext-id="/Child_Vaccination_Followup/vaccines:label">&#x9AA;&#x9C2;&#x9B0;&#x9CD;&#x9AC;&#x9C7; &#x9AF;&#x9C7;&#x9B8;&#x9AC; &#x99F;&#x9BF;&#x995;&#x9BE; &#x9A6;&#x9C7;&#x993;&#x9DF;&#x9BE; &#x9B9;&#x9DF;&#x9C7;&#x99B;&#x9C7;</span><span lang="en" class="question-label " data-itext-id="/Child_Vaccination_Followup/vaccines:label">Retro vaccines</span><select multiple="multiple" name="/Child_Vaccination_Followup/vaccines" data-type-xml="select"><option class="itemset-template" value="" data-items-path="instance('child_vaccines')/root/item[name != if(  /Child_Vaccination_Followup/e_bcg  != '', 'bcg' , '') and  name != if(  /Child_Vaccination_Followup/e_opv0  != '', 'opv0' , '') and  name != if(  /Child_Vaccination_Followup/e_penta1  != '', 'penta1' , '') and  name != if(  /Child_Vaccination_Followup/e_penta2  != '', 'penta2' , '') and  name != if(  /Child_Vaccination_Followup/e_penta3  != '', 'penta3' , '') and  name != if(  /Child_Vaccination_Followup/e_opv1  != '', 'opv1' , '') and  name != if(  /Child_Vaccination_Followup/e_opv2  != '', 'opv2' , '') and  name != if(  /Child_Vaccination_Followup/e_opv3  != '', 'opv3' , '') and  name != if(  /Child_Vaccination_Followup/e_pcv1  != '', 'pcv1' , '') and  name != if(  /Child_Vaccination_Followup/e_pcv2  != '', 'pcv2' , '') and  name != if(  /Child_Vaccination_Followup/e_pcv3  != '', 'pcv3' , '') and  name != if(  /Child_Vaccination_Followup/e_ipv  != '', 'ipv' , '') and  name != if(  /Child_Vaccination_Followup/e_measles1  != '', 'measles1' , '') and  name != if(  /Child_Vaccination_Followup/e_measles2  != '', 'measles2' , '')]">...</option></select><span class="or-option-translations" style="display:none;">
    </span><span class="itemset-labels" data-value-ref="name" data-label-type="itext" data-label-ref="itextId"><span lang="openmrs_code" class="option-label " data-itext-id="static_instance-child_vaccines-0">e4a96a86-72fb-44df-836f-96ffacb3b5dd</span><span lang="bn" class="option-label active" data-itext-id="static_instance-child_vaccines-0">&#x9AC;&#x9BF;&#x9B8;&#x9BF;&#x99C;&#x9BF;</span><span lang="en" class="option-label " data-itext-id="static_instance-child_vaccines-0">BCG</span><span lang="openmrs_code" class="option-label " data-itext-id="static_instance-child_vaccines-1">47e39fbb-03aa-4336-b5e4-14dbfeaa8990</span><span lang="bn" class="option-label active" data-itext-id="static_instance-child_vaccines-1">&#x993;&#x9AA;&#x9BF;&#x9AD;&#x9BF; &#x9E6;</span><span lang="en" class="option-label " data-itext-id="static_instance-child_vaccines-1">OPV 0</span><span lang="openmrs_code" class="option-label " data-itext-id="static_instance-child_vaccines-2">348096f0-9b2b-41be-a49a-cbab27526b1d</span><span lang="bn" class="option-label active" data-itext-id="static_instance-child_vaccines-2">&#x9AA;&#x9BF;&#x9B8;&#x9BF;&#x9AD;&#x9BF; &#x9E7;</span><span lang="en" class="option-label " data-itext-id="static_instance-child_vaccines-2">PCV 1</span><span lang="openmrs_code" class="option-label " data-itext-id="static_instance-child_vaccines-3">75bad104-c59a-4d27-95e9-0e6652cd5a59</span><span lang="bn" class="option-label active" data-itext-id="static_instance-child_vaccines-3">&#x993;&#x9AA;&#x9BF;&#x9AD;&#x9BF; &#x9E7;</span><span lang="en" class="option-label " data-itext-id="static_instance-child_vaccines-3">OPV 1</span><span lang="openmrs_code" class="option-label " data-itext-id="static_instance-child_vaccines-4">da61916a-0c52-44e7-922c-d6423e64ff84</span><span lang="bn" class="option-label active" data-itext-id="static_instance-child_vaccines-4">&#x9AA;&#x9C7;&#x9A3;&#x9CD;&#x99F;&#x9BE;&#x9AD;&#x9CD;&#x9AF;&#x9BE;&#x9B2;&#x9C7;&#x9A8;&#x9CD;&#x99F; &#x9E7;</span><span lang="en" class="option-label " data-itext-id="static_instance-child_vaccines-4">Pentavalent 1</span><span lang="openmrs_code" class="option-label " data-itext-id="static_instance-child_vaccines-5">d5966e13-58ff-40bf-b887-0d8266fd0cd8</span><span lang="bn" class="option-label active" data-itext-id="static_instance-child_vaccines-5">&#x9AA;&#x9BF;&#x9B8;&#x9BF;&#x9AD;&#x9BF; &#x9E8;</span><span lang="en" class="option-label " data-itext-id="static_instance-child_vaccines-5">PCV 2</span><span lang="openmrs_code" class="option-label " data-itext-id="static_instance-child_vaccines-6">d75b5a79-05be-426b-b287-0dd094e49a93</span><span lang="bn" class="option-label active" data-itext-id="static_instance-child_vaccines-6">&#x993;&#x9AA;&#x9BF;&#x9AD;&#x9BF; &#x9E8;</span><span lang="en" class="option-label " data-itext-id="static_instance-child_vaccines-6">OPV 2</span><span lang="openmrs_code" class="option-label " data-itext-id="static_instance-child_vaccines-7">eae65970-8c61-4d5f-8d3f-40d418975570</span><span lang="bn" class="option-label active" data-itext-id="static_instance-child_vaccines-7">&#x9AA;&#x9C7;&#x9A3;&#x9CD;&#x99F;&#x9BE;&#x9AD;&#x9CD;&#x9AF;&#x9BE;&#x9B2;&#x9C7;&#x9A8;&#x9CD;&#x99F; &#x9E8;</span><span lang="en" class="option-label " data-itext-id="static_instance-child_vaccines-7">Pentavalent 2</span><span lang="openmrs_code" class="option-label " data-itext-id="static_instance-child_vaccines-8">b0a0d629-8332-4158-a70f-97977e05a405</span><span lang="bn" class="option-label active" data-itext-id="static_instance-child_vaccines-8">&#x9AA;&#x9BF;&#x9B8;&#x9BF;&#x9AD;&#x9BF; &#x9E9;</span><span lang="en" class="option-label " data-itext-id="static_instance-child_vaccines-8">PCV 3</span><span lang="openmrs_code" class="option-label " data-itext-id="static_instance-child_vaccines-9">ced89703-50f1-4090-b305-d302e87511f4</span><span lang="bn" class="option-label active" data-itext-id="static_instance-child_vaccines-9">&#x993;&#x9AA;&#x9BF;&#x9AD;&#x9BF; &#x9E9;</span><span lang="en" class="option-label " data-itext-id="static_instance-child_vaccines-9">OPV 3</span><span lang="openmrs_code" class="option-label " data-itext-id="static_instance-child_vaccines-10">38842574-370d-4ca9-a452-c47f15df78eb</span><span lang="bn" class="option-label active" data-itext-id="static_instance-child_vaccines-10">&#x9AA;&#x9C7;&#x9A3;&#x9CD;&#x99F;&#x9BE;&#x9AD;&#x9CD;&#x9AF;&#x9BE;&#x9B2;&#x9C7;&#x9A8;&#x9CD;&#x99F; &#x9E9;</span><span lang="en" class="option-label " data-itext-id="static_instance-child_vaccines-10">Pentavalent 3</span><span lang="openmrs_code" class="option-label " data-itext-id="static_instance-child_vaccines-11">308c9fbf-4f0c-4ab4-9727-f8701b2fd253</span><span lang="bn" class="option-label active" data-itext-id="static_instance-child_vaccines-11">&#x986;&#x987; &#x9AA;&#x9BF; &#x9AD;&#x9BF;</span><span lang="en" class="option-label " data-itext-id="static_instance-child_vaccines-11">IPV</span><span lang="openmrs_code" class="option-label " data-itext-id="static_instance-child_vaccines-12">bcf27bd3-e0aa-471f-9fb0-aedd29da56c4</span><span lang="bn" class="option-label active" data-itext-id="static_instance-child_vaccines-12">&#x98F;&#x9AE; &#x986;&#x9B0; &#x9E7;</span><span lang="en" class="option-label " data-itext-id="static_instance-child_vaccines-12">Measles 1</span><span lang="openmrs_code" class="option-label " data-itext-id="static_instance-child_vaccines-13">6ea323d5-3138-4755-b545-b1f097711507</span><span lang="bn" class="option-label active" data-itext-id="static_instance-child_vaccines-13">&#x98F;&#x9AE; &#x986;&#x9B0; &#x9E8;</span><span lang="en" class="option-label " data-itext-id="static_instance-child_vaccines-13">Measles 2</span>
    </span><span class="or-constraint-msg active" lang="" data-i18n="constraint.invalid">Value not allowed</span></label>
    <section class="or-group-data " name="/Child_Vaccination_Followup/vaccines_group"><label class="question or-branch pre-init non-select "><span lang="openmrs_code" class="question-label " data-itext-id="/Child_Vaccination_Followup/vaccines_group/bcg_retro:label">-</span><span lang="bn" class="question-label active" data-itext-id="/Child_Vaccination_Followup/vaccines_group/bcg_retro:label">&#x9AC;&#x9BF;&#x9B8;&#x9BF;&#x99C;&#x9BF;</span><span lang="en" class="question-label " data-itext-id="/Child_Vaccination_Followup/vaccines_group/bcg_retro:label">BCG</span><input type="date" name="/Child_Vaccination_Followup/vaccines_group/bcg_retro" data-constraint=".&gt;=  /Child_Vaccination_Followup/existing_birth_date  and .&lt;= /Child_Vaccination_Followup/today " data-relevant="selected( /Child_Vaccination_Followup/vaccines , 'bcg')" data-type-xml="date"/><span lang="openmrs_code" class="or-constraint-msg " data-itext-id="/Child_Vaccination_Followup/vaccines_group/bcg_retro:jr:constraintMsg">-</span><span lang="bn" class="or-constraint-msg active" data-itext-id="/Child_Vaccination_Followup/vaccines_group/bcg_retro:jr:constraintMsg">&#x99F;&#x9BF;&#x995;&#x9BE;&#x9B0; &#x9A4;&#x9BE;&#x9B0;&#x9BF;&#x996; &#x985;&#x9AC;&#x9B6;&#x9CD;&#x9AF;&#x987; &#x99C;&#x9A8;&#x9CD;&#x9AE;&#x9A4;&#x9BE;&#x9B0;&#x9BF;&#x996;&#x9C7;&#x9B0; &#x9AA;&#x9B0; &#x98F;&#x9AC;&#x982; &#x9B0;&#x9C7;&#x99C;&#x9BF;&#x9B8;&#x9CD;&#x99F;&#x9CD;&#x9B0;&#x9C7;&#x9B6;&#x9A8;&#x9C7;&#x9B0; &#x986;&#x997;&#x9C7; &#x9B9;&#x9AC;&#x9C7;</span><span lang="en" class="or-constraint-msg " data-itext-id="/Child_Vaccination_Followup/vaccines_group/bcg_retro:jr:constraintMsg">The date of vaccination must be greater than the child's birthdate and less than today.</span></label><label class="question or-branch pre-init non-select "><span lang="openmrs_code" class="question-label " data-itext-id="/Child_Vaccination_Followup/vaccines_group/opv0_retro:label">-</span><span lang="bn" class="question-label active" data-itext-id="/Child_Vaccination_Followup/vaccines_group/opv0_retro:label">&#x993;&#x9AA;&#x9BF;&#x9AD;&#x9BF; &#x9E6;</span><span lang="en" class="question-label " data-itext-id="/Child_Vaccination_Followup/vaccines_group/opv0_retro:label">OPV 0</span><input type="date" name="/Child_Vaccination_Followup/vaccines_group/opv0_retro" data-constraint=".&gt;=  /Child_Vaccination_Followup/existing_birth_date  and .&lt;= /Child_Vaccination_Followup/today " data-relevant="selected( /Child_Vaccination_Followup/vaccines , 'opv0')" data-type-xml="date"/><span lang="openmrs_code" class="or-constraint-msg " data-itext-id="/Child_Vaccination_Followup/vaccines_group/opv0_retro:jr:constraintMsg">-</span><span lang="bn" class="or-constraint-msg active" data-itext-id="/Child_Vaccination_Followup/vaccines_group/opv0_retro:jr:constraintMsg">&#x99F;&#x9BF;&#x995;&#x9BE;&#x9B0; &#x9A4;&#x9BE;&#x9B0;&#x9BF;&#x996; &#x985;&#x9AC;&#x9B6;&#x9CD;&#x9AF;&#x987; &#x99C;&#x9A8;&#x9CD;&#x9AE;&#x9A4;&#x9BE;&#x9B0;&#x9BF;&#x996;&#x9C7;&#x9B0; &#x9AA;&#x9B0; &#x98F;&#x9AC;&#x982; &#x9B0;&#x9C7;&#x99C;&#x9BF;&#x9B8;&#x9CD;&#x99F;&#x9CD;&#x9B0;&#x9C7;&#x9B6;&#x9A8;&#x9C7;&#x9B0; &#x986;&#x997;&#x9C7; &#x9B9;&#x9AC;&#x9C7;</span><span lang="en" class="or-constraint-msg " data-itext-id="/Child_Vaccination_Followup/vaccines_group/opv0_retro:jr:constraintMsg">The date of vaccination must be greater than the child's birthdate and less than today.</span></label><label class="question or-branch pre-init non-select "><span lang="openmrs_code" class="question-label " data-itext-id="/Child_Vaccination_Followup/vaccines_group/pcv1_retro:label">-</span><span lang="bn" class="question-label active" data-itext-id="/Child_Vaccination_Followup/vaccines_group/pcv1_retro:label">&#x9AA;&#x9BF;&#x9B8;&#x9BF;&#x9AD;&#x9BF; &#x9E7;</span><span lang="en" class="question-label " data-itext-id="/Child_Vaccination_Followup/vaccines_group/pcv1_retro:label">PCV1</span><input type="date" name="/Child_Vaccination_Followup/vaccines_group/pcv1_retro" data-constraint=".&gt;=  /Child_Vaccination_Followup/existing_birth_date  and .&lt;= /Child_Vaccination_Followup/today " data-relevant="selected( /Child_Vaccination_Followup/vaccines , 'pcv1')" data-type-xml="date"/><span lang="openmrs_code" class="or-constraint-msg " data-itext-id="/Child_Vaccination_Followup/vaccines_group/pcv1_retro:jr:constraintMsg">-</span><span lang="bn" class="or-constraint-msg active" data-itext-id="/Child_Vaccination_Followup/vaccines_group/pcv1_retro:jr:constraintMsg">&#x99F;&#x9BF;&#x995;&#x9BE;&#x9B0; &#x9A4;&#x9BE;&#x9B0;&#x9BF;&#x996; &#x985;&#x9AC;&#x9B6;&#x9CD;&#x9AF;&#x987; &#x99C;&#x9A8;&#x9CD;&#x9AE;&#x9A4;&#x9BE;&#x9B0;&#x9BF;&#x996;&#x9C7;&#x9B0; &#x9AA;&#x9B0; &#x98F;&#x9AC;&#x982; &#x9B0;&#x9C7;&#x99C;&#x9BF;&#x9B8;&#x9CD;&#x99F;&#x9CD;&#x9B0;&#x9C7;&#x9B6;&#x9A8;&#x9C7;&#x9B0; &#x986;&#x997;&#x9C7; &#x9B9;&#x9AC;&#x9C7;</span><span lang="en" class="or-constraint-msg " data-itext-id="/Child_Vaccination_Followup/vaccines_group/pcv1_retro:jr:constraintMsg">The date of vaccination must be greater than the child's birthdate and less than today.</span></label><label class="question or-branch pre-init non-select "><span lang="openmrs_code" class="question-label " data-itext-id="/Child_Vaccination_Followup/vaccines_group/opv1_retro:label">-</span><span lang="bn" class="question-label active" data-itext-id="/Child_Vaccination_Followup/vaccines_group/opv1_retro:label">&#x993;&#x9AA;&#x9BF;&#x9AD;&#x9BF; &#x9E7;</span><span lang="en" class="question-label " data-itext-id="/Child_Vaccination_Followup/vaccines_group/opv1_retro:label">OPV 1</span><input type="date" name="/Child_Vaccination_Followup/vaccines_group/opv1_retro" data-constraint=".&gt;=  /Child_Vaccination_Followup/existing_birth_date  and .&lt;= /Child_Vaccination_Followup/today " data-relevant="selected( /Child_Vaccination_Followup/vaccines , 'opv1')" data-type-xml="date"/><span lang="openmrs_code" class="or-constraint-msg " data-itext-id="/Child_Vaccination_Followup/vaccines_group/opv1_retro:jr:constraintMsg">-</span><span lang="bn" class="or-constraint-msg active" data-itext-id="/Child_Vaccination_Followup/vaccines_group/opv1_retro:jr:constraintMsg">&#x99F;&#x9BF;&#x995;&#x9BE;&#x9B0; &#x9A4;&#x9BE;&#x9B0;&#x9BF;&#x996; &#x985;&#x9AC;&#x9B6;&#x9CD;&#x9AF;&#x987; &#x99C;&#x9A8;&#x9CD;&#x9AE;&#x9A4;&#x9BE;&#x9B0;&#x9BF;&#x996;&#x9C7;&#x9B0; &#x9AA;&#x9B0; &#x98F;&#x9AC;&#x982; &#x9B0;&#x9C7;&#x99C;&#x9BF;&#x9B8;&#x9CD;&#x99F;&#x9CD;&#x9B0;&#x9C7;&#x9B6;&#x9A8;&#x9C7;&#x9B0; &#x986;&#x997;&#x9C7; &#x9B9;&#x9AC;&#x9C7;</span><span lang="en" class="or-constraint-msg " data-itext-id="/Child_Vaccination_Followup/vaccines_group/opv1_retro:jr:constraintMsg">The date of vaccination must be greater than the child's birthdate and less than today.</span></label><label class="question or-branch pre-init non-select "><span lang="openmrs_code" class="question-label " data-itext-id="/Child_Vaccination_Followup/vaccines_group/penta1_retro:label">-</span><span lang="bn" class="question-label active" data-itext-id="/Child_Vaccination_Followup/vaccines_group/penta1_retro:label">&#x9AA;&#x9C7;&#x9A3;&#x9CD;&#x99F;&#x9BE;&#x9AD;&#x9CD;&#x9AF;&#x9BE;&#x9B2;&#x9C7;&#x9A8;&#x9CD;&#x99F; &#x9E7;</span><span lang="en" class="question-label " data-itext-id="/Child_Vaccination_Followup/vaccines_group/penta1_retro:label">Pentavalent 1</span><input type="date" name="/Child_Vaccination_Followup/vaccines_group/penta1_retro" data-constraint=".&gt;=  /Child_Vaccination_Followup/existing_birth_date  and .&lt;= /Child_Vaccination_Followup/today " data-relevant="selected( /Child_Vaccination_Followup/vaccines , 'penta1')" data-type-xml="date"/><span lang="openmrs_code" class="or-constraint-msg " data-itext-id="/Child_Vaccination_Followup/vaccines_group/penta1_retro:jr:constraintMsg">-</span><span lang="bn" class="or-constraint-msg active" data-itext-id="/Child_Vaccination_Followup/vaccines_group/penta1_retro:jr:constraintMsg">&#x99F;&#x9BF;&#x995;&#x9BE;&#x9B0; &#x9A4;&#x9BE;&#x9B0;&#x9BF;&#x996; &#x985;&#x9AC;&#x9B6;&#x9CD;&#x9AF;&#x987; &#x99C;&#x9A8;&#x9CD;&#x9AE;&#x9A4;&#x9BE;&#x9B0;&#x9BF;&#x996;&#x9C7;&#x9B0; &#x9AA;&#x9B0; &#x98F;&#x9AC;&#x982; &#x9B0;&#x9C7;&#x99C;&#x9BF;&#x9B8;&#x9CD;&#x99F;&#x9CD;&#x9B0;&#x9C7;&#x9B6;&#x9A8;&#x9C7;&#x9B0; &#x986;&#x997;&#x9C7; &#x9B9;&#x9AC;&#x9C7;</span><span lang="en" class="or-constraint-msg " data-itext-id="/Child_Vaccination_Followup/vaccines_group/penta1_retro:jr:constraintMsg">The date of vaccination must be greater than the child's birthdate and less than today.</span></label><label class="question or-branch pre-init non-select "><span lang="openmrs_code" class="question-label " data-itext-id="/Child_Vaccination_Followup/vaccines_group/pcv2_retro:label">-</span><span lang="bn" class="question-label active" data-itext-id="/Child_Vaccination_Followup/vaccines_group/pcv2_retro:label">&#x9AA;&#x9BF;&#x9B8;&#x9BF;&#x9AD;&#x9BF; &#x9E8;</span><span lang="en" class="question-label " data-itext-id="/Child_Vaccination_Followup/vaccines_group/pcv2_retro:label">PCV2</span><input type="date" name="/Child_Vaccination_Followup/vaccines_group/pcv2_retro" data-constraint=".&gt;=  /Child_Vaccination_Followup/existing_birth_date  and .&lt;= /Child_Vaccination_Followup/today " data-relevant="selected( /Child_Vaccination_Followup/vaccines , 'pcv2')" data-type-xml="date"/><span lang="openmrs_code" class="or-constraint-msg " data-itext-id="/Child_Vaccination_Followup/vaccines_group/pcv2_retro:jr:constraintMsg">-</span><span lang="bn" class="or-constraint-msg active" data-itext-id="/Child_Vaccination_Followup/vaccines_group/pcv2_retro:jr:constraintMsg">&#x99F;&#x9BF;&#x995;&#x9BE;&#x9B0; &#x9A4;&#x9BE;&#x9B0;&#x9BF;&#x996; &#x985;&#x9AC;&#x9B6;&#x9CD;&#x9AF;&#x987; &#x99C;&#x9A8;&#x9CD;&#x9AE;&#x9A4;&#x9BE;&#x9B0;&#x9BF;&#x996;&#x9C7;&#x9B0; &#x9AA;&#x9B0; &#x98F;&#x9AC;&#x982; &#x9B0;&#x9C7;&#x99C;&#x9BF;&#x9B8;&#x9CD;&#x99F;&#x9CD;&#x9B0;&#x9C7;&#x9B6;&#x9A8;&#x9C7;&#x9B0; &#x986;&#x997;&#x9C7; &#x9B9;&#x9AC;&#x9C7;</span><span lang="en" class="or-constraint-msg " data-itext-id="/Child_Vaccination_Followup/vaccines_group/pcv2_retro:jr:constraintMsg">The date of vaccination must be greater than the child's birthdate and less than today.</span></label><label class="question or-branch pre-init non-select "><span lang="openmrs_code" class="question-label " data-itext-id="/Child_Vaccination_Followup/vaccines_group/opv2_retro:label">-</span><span lang="bn" class="question-label active" data-itext-id="/Child_Vaccination_Followup/vaccines_group/opv2_retro:label">&#x993;&#x9AA;&#x9BF;&#x9AD;&#x9BF; &#x9E8;</span><span lang="en" class="question-label " data-itext-id="/Child_Vaccination_Followup/vaccines_group/opv2_retro:label">OPV 2</span><input type="date" name="/Child_Vaccination_Followup/vaccines_group/opv2_retro" data-constraint=".&gt;=  /Child_Vaccination_Followup/existing_birth_date  and .&lt;= /Child_Vaccination_Followup/today " data-relevant="selected( /Child_Vaccination_Followup/vaccines , 'opv2')" data-type-xml="date"/><span lang="openmrs_code" class="or-constraint-msg " data-itext-id="/Child_Vaccination_Followup/vaccines_group/opv2_retro:jr:constraintMsg">-</span><span lang="bn" class="or-constraint-msg active" data-itext-id="/Child_Vaccination_Followup/vaccines_group/opv2_retro:jr:constraintMsg">&#x99F;&#x9BF;&#x995;&#x9BE;&#x9B0; &#x9A4;&#x9BE;&#x9B0;&#x9BF;&#x996; &#x985;&#x9AC;&#x9B6;&#x9CD;&#x9AF;&#x987; &#x99C;&#x9A8;&#x9CD;&#x9AE;&#x9A4;&#x9BE;&#x9B0;&#x9BF;&#x996;&#x9C7;&#x9B0; &#x9AA;&#x9B0; &#x98F;&#x9AC;&#x982; &#x9B0;&#x9C7;&#x99C;&#x9BF;&#x9B8;&#x9CD;&#x99F;&#x9CD;&#x9B0;&#x9C7;&#x9B6;&#x9A8;&#x9C7;&#x9B0; &#x986;&#x997;&#x9C7; &#x9B9;&#x9AC;&#x9C7;</span><span lang="en" class="or-constraint-msg " data-itext-id="/Child_Vaccination_Followup/vaccines_group/opv2_retro:jr:constraintMsg">The date of vaccination must be greater than the child's birthdate and less than today.</span></label><label class="question or-branch pre-init non-select "><span lang="openmrs_code" class="question-label " data-itext-id="/Child_Vaccination_Followup/vaccines_group/penta2_retro:label">-</span><span lang="bn" class="question-label active" data-itext-id="/Child_Vaccination_Followup/vaccines_group/penta2_retro:label">&#x9AA;&#x9C7;&#x9A3;&#x9CD;&#x99F;&#x9BE;&#x9AD;&#x9CD;&#x9AF;&#x9BE;&#x9B2;&#x9C7;&#x9A8;&#x9CD;&#x99F; &#x9E8;</span><span lang="en" class="question-label " data-itext-id="/Child_Vaccination_Followup/vaccines_group/penta2_retro:label">Pentavalent 2</span><input type="date" name="/Child_Vaccination_Followup/vaccines_group/penta2_retro" data-constraint=".&gt;=  /Child_Vaccination_Followup/existing_birth_date  and .&lt;= /Child_Vaccination_Followup/today " data-relevant="selected( /Child_Vaccination_Followup/vaccines , 'penta2')" data-type-xml="date"/><span lang="openmrs_code" class="or-constraint-msg " data-itext-id="/Child_Vaccination_Followup/vaccines_group/penta2_retro:jr:constraintMsg">-</span><span lang="bn" class="or-constraint-msg active" data-itext-id="/Child_Vaccination_Followup/vaccines_group/penta2_retro:jr:constraintMsg">&#x99F;&#x9BF;&#x995;&#x9BE;&#x9B0; &#x9A4;&#x9BE;&#x9B0;&#x9BF;&#x996; &#x985;&#x9AC;&#x9B6;&#x9CD;&#x9AF;&#x987; &#x99C;&#x9A8;&#x9CD;&#x9AE;&#x9A4;&#x9BE;&#x9B0;&#x9BF;&#x996;&#x9C7;&#x9B0; &#x9AA;&#x9B0; &#x98F;&#x9AC;&#x982; &#x9B0;&#x9C7;&#x99C;&#x9BF;&#x9B8;&#x9CD;&#x99F;&#x9CD;&#x9B0;&#x9C7;&#x9B6;&#x9A8;&#x9C7;&#x9B0; &#x986;&#x997;&#x9C7; &#x9B9;&#x9AC;&#x9C7;</span><span lang="en" class="or-constraint-msg " data-itext-id="/Child_Vaccination_Followup/vaccines_group/penta2_retro:jr:constraintMsg">The date of vaccination must be greater than the child's birthdate and less than today.</span></label><label class="question or-branch pre-init non-select "><span lang="openmrs_code" class="question-label " data-itext-id="/Child_Vaccination_Followup/vaccines_group/pcv3_retro:label">-</span><span lang="bn" class="question-label active" data-itext-id="/Child_Vaccination_Followup/vaccines_group/pcv3_retro:label">&#x9AA;&#x9BF;&#x9B8;&#x9BF;&#x9AD;&#x9BF; &#x9E9;</span><span lang="en" class="question-label " data-itext-id="/Child_Vaccination_Followup/vaccines_group/pcv3_retro:label">PCV3</span><input type="date" name="/Child_Vaccination_Followup/vaccines_group/pcv3_retro" data-constraint=".&gt;=  /Child_Vaccination_Followup/existing_birth_date  and .&lt;= /Child_Vaccination_Followup/today " data-relevant="selected( /Child_Vaccination_Followup/vaccines , 'pcv3')" data-type-xml="date"/><span lang="openmrs_code" class="or-constraint-msg " data-itext-id="/Child_Vaccination_Followup/vaccines_group/pcv3_retro:jr:constraintMsg">-</span><span lang="bn" class="or-constraint-msg active" data-itext-id="/Child_Vaccination_Followup/vaccines_group/pcv3_retro:jr:constraintMsg">&#x99F;&#x9BF;&#x995;&#x9BE;&#x9B0; &#x9A4;&#x9BE;&#x9B0;&#x9BF;&#x996; &#x985;&#x9AC;&#x9B6;&#x9CD;&#x9AF;&#x987; &#x99C;&#x9A8;&#x9CD;&#x9AE;&#x9A4;&#x9BE;&#x9B0;&#x9BF;&#x996;&#x9C7;&#x9B0; &#x9AA;&#x9B0; &#x98F;&#x9AC;&#x982; &#x9B0;&#x9C7;&#x99C;&#x9BF;&#x9B8;&#x9CD;&#x99F;&#x9CD;&#x9B0;&#x9C7;&#x9B6;&#x9A8;&#x9C7;&#x9B0; &#x986;&#x997;&#x9C7; &#x9B9;&#x9AC;&#x9C7;</span><span lang="en" class="or-constraint-msg " data-itext-id="/Child_Vaccination_Followup/vaccines_group/pcv3_retro:jr:constraintMsg">The date of vaccination must be greater than the child's birthdate and less than today.</span></label><label class="question or-branch pre-init non-select "><span lang="openmrs_code" class="question-label " data-itext-id="/Child_Vaccination_Followup/vaccines_group/opv3_retro:label">-</span><span lang="bn" class="question-label active" data-itext-id="/Child_Vaccination_Followup/vaccines_group/opv3_retro:label">&#x993;&#x9AA;&#x9BF;&#x9AD;&#x9BF; &#x9E9;</span><span lang="en" class="question-label " data-itext-id="/Child_Vaccination_Followup/vaccines_group/opv3_retro:label">OPV 3</span><input type="date" name="/Child_Vaccination_Followup/vaccines_group/opv3_retro" data-constraint=".&gt;=  /Child_Vaccination_Followup/existing_birth_date  and .&lt;= /Child_Vaccination_Followup/today " data-relevant="selected( /Child_Vaccination_Followup/vaccines , 'opv3')" data-type-xml="date"/><span lang="openmrs_code" class="or-constraint-msg " data-itext-id="/Child_Vaccination_Followup/vaccines_group/opv3_retro:jr:constraintMsg">-</span><span lang="bn" class="or-constraint-msg active" data-itext-id="/Child_Vaccination_Followup/vaccines_group/opv3_retro:jr:constraintMsg">&#x99F;&#x9BF;&#x995;&#x9BE;&#x9B0; &#x9A4;&#x9BE;&#x9B0;&#x9BF;&#x996; &#x985;&#x9AC;&#x9B6;&#x9CD;&#x9AF;&#x987; &#x99C;&#x9A8;&#x9CD;&#x9AE;&#x9A4;&#x9BE;&#x9B0;&#x9BF;&#x996;&#x9C7;&#x9B0; &#x9AA;&#x9B0; &#x98F;&#x9AC;&#x982; &#x9B0;&#x9C7;&#x99C;&#x9BF;&#x9B8;&#x9CD;&#x99F;&#x9CD;&#x9B0;&#x9C7;&#x9B6;&#x9A8;&#x9C7;&#x9B0; &#x986;&#x997;&#x9C7; &#x9B9;&#x9AC;&#x9C7;</span><span lang="en" class="or-constraint-msg " data-itext-id="/Child_Vaccination_Followup/vaccines_group/opv3_retro:jr:constraintMsg">The date of vaccination must be greater than the child's birthdate and less than today.</span></label><label class="question or-branch pre-init non-select "><span lang="openmrs_code" class="question-label " data-itext-id="/Child_Vaccination_Followup/vaccines_group/penta3_retro:label">-</span><span lang="bn" class="question-label active" data-itext-id="/Child_Vaccination_Followup/vaccines_group/penta3_retro:label">&#x9AA;&#x9C7;&#x9A3;&#x9CD;&#x99F;&#x9BE;&#x9AD;&#x9CD;&#x9AF;&#x9BE;&#x9B2;&#x9C7;&#x9A8;&#x9CD;&#x99F; &#x9E9;</span><span lang="en" class="question-label " data-itext-id="/Child_Vaccination_Followup/vaccines_group/penta3_retro:label">Pentavalent 3</span><input type="date" name="/Child_Vaccination_Followup/vaccines_group/penta3_retro" data-constraint=".&gt;=  /Child_Vaccination_Followup/existing_birth_date  and .&lt;= /Child_Vaccination_Followup/today " data-relevant="selected( /Child_Vaccination_Followup/vaccines , 'penta3')" data-type-xml="date"/><span lang="openmrs_code" class="or-constraint-msg " data-itext-id="/Child_Vaccination_Followup/vaccines_group/penta3_retro:jr:constraintMsg">-</span><span lang="bn" class="or-constraint-msg active" data-itext-id="/Child_Vaccination_Followup/vaccines_group/penta3_retro:jr:constraintMsg">&#x99F;&#x9BF;&#x995;&#x9BE;&#x9B0; &#x9A4;&#x9BE;&#x9B0;&#x9BF;&#x996; &#x985;&#x9AC;&#x9B6;&#x9CD;&#x9AF;&#x987; &#x99C;&#x9A8;&#x9CD;&#x9AE;&#x9A4;&#x9BE;&#x9B0;&#x9BF;&#x996;&#x9C7;&#x9B0; &#x9AA;&#x9B0; &#x98F;&#x9AC;&#x982; &#x9B0;&#x9C7;&#x99C;&#x9BF;&#x9B8;&#x9CD;&#x99F;&#x9CD;&#x9B0;&#x9C7;&#x9B6;&#x9A8;&#x9C7;&#x9B0; &#x986;&#x997;&#x9C7; &#x9B9;&#x9AC;&#x9C7;</span><span lang="en" class="or-constraint-msg " data-itext-id="/Child_Vaccination_Followup/vaccines_group/penta3_retro:jr:constraintMsg">The date of vaccination must be greater than the child's birthdate and less than today.</span></label><label class="question or-branch pre-init non-select "><span lang="openmrs_code" class="question-label " data-itext-id="/Child_Vaccination_Followup/vaccines_group/ipv_retro:label">-</span><span lang="bn" class="question-label active" data-itext-id="/Child_Vaccination_Followup/vaccines_group/ipv_retro:label">&#x986;&#x987; &#x9AA;&#x9BF; &#x9AD;&#x9BF;</span><span lang="en" class="question-label " data-itext-id="/Child_Vaccination_Followup/vaccines_group/ipv_retro:label">IPV</span><input type="date" name="/Child_Vaccination_Followup/vaccines_group/ipv_retro" data-constraint=".&gt;=  /Child_Vaccination_Followup/existing_birth_date  and .&lt;= /Child_Vaccination_Followup/today " data-relevant="selected( /Child_Vaccination_Followup/vaccines , 'ipv')" data-type-xml="date"/><span lang="openmrs_code" class="or-constraint-msg " data-itext-id="/Child_Vaccination_Followup/vaccines_group/ipv_retro:jr:constraintMsg">-</span><span lang="bn" class="or-constraint-msg active" data-itext-id="/Child_Vaccination_Followup/vaccines_group/ipv_retro:jr:constraintMsg">&#x99F;&#x9BF;&#x995;&#x9BE;&#x9B0; &#x9A4;&#x9BE;&#x9B0;&#x9BF;&#x996; &#x985;&#x9AC;&#x9B6;&#x9CD;&#x9AF;&#x987; &#x99C;&#x9A8;&#x9CD;&#x9AE;&#x9A4;&#x9BE;&#x9B0;&#x9BF;&#x996;&#x9C7;&#x9B0; &#x9AA;&#x9B0; &#x98F;&#x9AC;&#x982; &#x9B0;&#x9C7;&#x99C;&#x9BF;&#x9B8;&#x9CD;&#x99F;&#x9CD;&#x9B0;&#x9C7;&#x9B6;&#x9A8;&#x9C7;&#x9B0; &#x986;&#x997;&#x9C7; &#x9B9;&#x9AC;&#x9C7;</span><span lang="en" class="or-constraint-msg " data-itext-id="/Child_Vaccination_Followup/vaccines_group/ipv_retro:jr:constraintMsg">The date of vaccination must be greater than the child's birthdate and less than today.</span></label><label class="question or-branch pre-init non-select "><span lang="openmrs_code" class="question-label " data-itext-id="/Child_Vaccination_Followup/vaccines_group/measles1_retro:label">-</span><span lang="bn" class="question-label active" data-itext-id="/Child_Vaccination_Followup/vaccines_group/measles1_retro:label">&#x98F;&#x9AE; &#x986;&#x9B0; &#x9E7;</span><span lang="en" class="question-label " data-itext-id="/Child_Vaccination_Followup/vaccines_group/measles1_retro:label">Measles 1</span><input type="date" name="/Child_Vaccination_Followup/vaccines_group/measles1_retro" data-constraint=".&gt;=  /Child_Vaccination_Followup/existing_birth_date  and .&lt;= /Child_Vaccination_Followup/today " data-relevant="selected( /Child_Vaccination_Followup/vaccines , 'measles1')" data-type-xml="date"/><span lang="openmrs_code" class="or-constraint-msg " data-itext-id="/Child_Vaccination_Followup/vaccines_group/measles1_retro:jr:constraintMsg">-</span><span lang="bn" class="or-constraint-msg active" data-itext-id="/Child_Vaccination_Followup/vaccines_group/measles1_retro:jr:constraintMsg">&#x99F;&#x9BF;&#x995;&#x9BE;&#x9B0; &#x9A4;&#x9BE;&#x9B0;&#x9BF;&#x996; &#x985;&#x9AC;&#x9B6;&#x9CD;&#x9AF;&#x987; &#x99C;&#x9A8;&#x9CD;&#x9AE;&#x9A4;&#x9BE;&#x9B0;&#x9BF;&#x996;&#x9C7;&#x9B0; &#x9AA;&#x9B0; &#x98F;&#x9AC;&#x982; &#x9B0;&#x9C7;&#x99C;&#x9BF;&#x9B8;&#x9CD;&#x99F;&#x9CD;&#x9B0;&#x9C7;&#x9B6;&#x9A8;&#x9C7;&#x9B0; &#x986;&#x997;&#x9C7; &#x9B9;&#x9AC;&#x9C7;</span><span lang="en" class="or-constraint-msg " data-itext-id="/Child_Vaccination_Followup/vaccines_group/measles1_retro:jr:constraintMsg">The date of vaccination must be greater than the child's birthdate and less than today.</span></label><label class="question or-branch pre-init non-select "><span lang="openmrs_code" class="question-label " data-itext-id="/Child_Vaccination_Followup/vaccines_group/measles2_retro:label">-</span><span lang="bn" class="question-label active" data-itext-id="/Child_Vaccination_Followup/vaccines_group/measles2_retro:label">&#x98F;&#x9AE; &#x986;&#x9B0; &#x9E8;</span><span lang="en" class="question-label " data-itext-id="/Child_Vaccination_Followup/vaccines_group/measles2_retro:label">Measles2</span><input type="date" name="/Child_Vaccination_Followup/vaccines_group/measles2_retro" data-constraint=".&gt;=  /Child_Vaccination_Followup/existing_birth_date  and .&lt;= /Child_Vaccination_Followup/today " data-relevant="selected( /Child_Vaccination_Followup/vaccines , 'measles2')" data-type-xml="date"/><span lang="openmrs_code" class="or-constraint-msg " data-itext-id="/Child_Vaccination_Followup/vaccines_group/measles2_retro:jr:constraintMsg">-</span><span lang="bn" class="or-constraint-msg active" data-itext-id="/Child_Vaccination_Followup/vaccines_group/measles2_retro:jr:constraintMsg">&#x99F;&#x9BF;&#x995;&#x9BE;&#x9B0; &#x9A4;&#x9BE;&#x9B0;&#x9BF;&#x996; &#x985;&#x9AC;&#x9B6;&#x9CD;&#x9AF;&#x987; &#x99C;&#x9A8;&#x9CD;&#x9AE;&#x9A4;&#x9BE;&#x9B0;&#x9BF;&#x996;&#x9C7;&#x9B0; &#x9AA;&#x9B0; &#x98F;&#x9AC;&#x982; &#x9B0;&#x9C7;&#x99C;&#x9BF;&#x9B8;&#x9CD;&#x99F;&#x9CD;&#x9B0;&#x9C7;&#x9B6;&#x9A8;&#x9C7;&#x9B0; &#x986;&#x997;&#x9C7; &#x9B9;&#x9AC;&#x9C7;</span><span lang="en" class="or-constraint-msg " data-itext-id="/Child_Vaccination_Followup/vaccines_group/measles2_retro:jr:constraintMsg">The date of vaccination must be greater than the child's birthdate and less than today.</span></label>
    </section><!--end of group -->
    <label class="question or-appearance-minimal "><span lang="openmrs_code" class="question-label " data-itext-id="/Child_Vaccination_Followup/vaccines_2:label">-</span><span lang="bn" class="question-label active" data-itext-id="/Child_Vaccination_Followup/vaccines_2:label">&#x9AF;&#x9C7;&#x9B8;&#x9AC; &#x99F;&#x9BF;&#x995;&#x9BE; &#x9A6;&#x9C7;&#x993;&#x9DF;&#x9BE; &#x9B9;&#x9DF;&#x9C7;&#x99B;&#x9C7;</span><span lang="en" class="question-label " data-itext-id="/Child_Vaccination_Followup/vaccines_2:label">Vaccines administered</span><span class="required">*</span><select multiple="multiple" name="/Child_Vaccination_Followup/vaccines_2" required="required" data-constraint="if(selected( /Child_Vaccination_Followup/vaccines_2 , 'bcg') or selected( /Child_Vaccination_Followup/vaccines_2 , 'opv0') , .&gt;=  /Child_Vaccination_Followup/existing_birth_date  and .&lt;= /Child_Vaccination_Followup/today , if(selected( /Child_Vaccination_Followup/vaccines_2 , 'opv1') or selected( /Child_Vaccination_Followup/vaccines_2 , 'penta1'), .&gt;=  /Child_Vaccination_Followup/six_weeks  and .&lt;= /Child_Vaccination_Followup/today , if(selected( /Child_Vaccination_Followup/vaccines_2 , 'opv2') or selected( /Child_Vaccination_Followup/vaccines_2 , 'penta2'), .&gt;= /Child_Vaccination_Followup/ten_weeks  and .&lt;= /Child_Vaccination_Followup/today , if(selected( /Child_Vaccination_Followup/vaccines_2 , 'opv3') or selected( /Child_Vaccination_Followup/vaccines_2 , 'penta3'), .&gt;= /Child_Vaccination_Followup/forteen_weeks  and .&lt;= /Child_Vaccination_Followup/today , if(selected( /Child_Vaccination_Followup/vaccines_2 , 'measles1'), .&gt;= /Child_Vaccination_Followup/nine_months  and .&lt;= /Child_Vaccination_Followup/today , if(selected( /Child_Vaccination_Followup/vaccines_2 , 'measles2'), .&gt;=  /Child_Vaccination_Followup/fifteen_months  and .&lt;= /Child_Vaccination_Followup/today ))))))" data-type-xml="select"><option class="itemset-template" value="" data-items-path="instance('child_vaccines')/root/item[name != if(  /Child_Vaccination_Followup/e_bcg  != '', 'bcg' , '') and  name != if(  /Child_Vaccination_Followup/e_opv0  != '', 'opv0' , '') and  name != if(  /Child_Vaccination_Followup/e_penta2  != '', 'penta2' , '') and  name != if(  /Child_Vaccination_Followup/e_penta1  != '', 'penta1' , '') and  name != if(  /Child_Vaccination_Followup/e_penta3  != '', 'penta3' , '') and  name != if(  /Child_Vaccination_Followup/e_opv1  != '', 'opv1' , '') and  name != if(  /Child_Vaccination_Followup/e_opv2  != '', 'opv2' , '') and  name != if(  /Child_Vaccination_Followup/e_opv3  != '', 'opv3' , '') and  name != if(  /Child_Vaccination_Followup/e_pcv1  != '', 'pcv1' , '') and  name != if(  /Child_Vaccination_Followup/e_pcv2  != '', 'pcv2' , '') and  name != if(  /Child_Vaccination_Followup/e_pcv3  != '', 'pcv3' , '') and  name != if(  /Child_Vaccination_Followup/e_measles1  != '', 'measles1' , '') and  name != if(  /Child_Vaccination_Followup/e_measles2  != '', 'measles2' , '') and  name != if(selected( /Child_Vaccination_Followup/vaccines , 'bcg'), 'bcg', '') and  name != if(selected( /Child_Vaccination_Followup/vaccines , 'opv0'), 'opv0', '') and  name != if(selected( /Child_Vaccination_Followup/vaccines , 'penta1'), 'penta1', '') and  name != if(selected( /Child_Vaccination_Followup/vaccines , 'opv1'), 'opv1', '') and  name != if(selected( /Child_Vaccination_Followup/vaccines , 'pcv1'), 'pcv1', '') and  name != if(selected( /Child_Vaccination_Followup/vaccines , 'penta2'), 'penta2', '') and  name != if(selected( /Child_Vaccination_Followup/vaccines , 'opv2'), 'opv2', '') and  name != if(selected( /Child_Vaccination_Followup/vaccines , 'pcv2'), 'pcv2', '') and  name != if(selected( /Child_Vaccination_Followup/vaccines , 'penta3'), 'penta3', '') and  name != if(selected( /Child_Vaccination_Followup/vaccines , 'opv3'), 'opv3', '') and  name != if(selected( /Child_Vaccination_Followup/vaccines , 'pcv3'), 'pcv3', '') and name != if(selected( /Child_Vaccination_Followup/vaccines , 'ipv'), 'ipv', '') and  name != if(selected( /Child_Vaccination_Followup/vaccines , 'measles1'), 'measles1', '') and  name != if(selected( /Child_Vaccination_Followup/vaccines , 'measles2'), 'measles2', '')]">...</option></select><span class="or-option-translations" style="display:none;">
    </span><span class="itemset-labels" data-value-ref="name" data-label-type="itext" data-label-ref="itextId"><span lang="openmrs_code" class="option-label " data-itext-id="static_instance-child_vaccines-0">e4a96a86-72fb-44df-836f-96ffacb3b5dd</span><span lang="bn" class="option-label active" data-itext-id="static_instance-child_vaccines-0">&#x9AC;&#x9BF;&#x9B8;&#x9BF;&#x99C;&#x9BF;</span><span lang="en" class="option-label " data-itext-id="static_instance-child_vaccines-0">BCG</span><span lang="openmrs_code" class="option-label " data-itext-id="static_instance-child_vaccines-1">47e39fbb-03aa-4336-b5e4-14dbfeaa8990</span><span lang="bn" class="option-label active" data-itext-id="static_instance-child_vaccines-1">&#x993;&#x9AA;&#x9BF;&#x9AD;&#x9BF; &#x9E6;</span><span lang="en" class="option-label " data-itext-id="static_instance-child_vaccines-1">OPV 0</span><span lang="openmrs_code" class="option-label " data-itext-id="static_instance-child_vaccines-2">348096f0-9b2b-41be-a49a-cbab27526b1d</span><span lang="bn" class="option-label active" data-itext-id="static_instance-child_vaccines-2">&#x9AA;&#x9BF;&#x9B8;&#x9BF;&#x9AD;&#x9BF; &#x9E7;</span><span lang="en" class="option-label " data-itext-id="static_instance-child_vaccines-2">PCV 1</span><span lang="openmrs_code" class="option-label " data-itext-id="static_instance-child_vaccines-3">75bad104-c59a-4d27-95e9-0e6652cd5a59</span><span lang="bn" class="option-label active" data-itext-id="static_instance-child_vaccines-3">&#x993;&#x9AA;&#x9BF;&#x9AD;&#x9BF; &#x9E7;</span><span lang="en" class="option-label " data-itext-id="static_instance-child_vaccines-3">OPV 1</span><span lang="openmrs_code" class="option-label " data-itext-id="static_instance-child_vaccines-4">da61916a-0c52-44e7-922c-d6423e64ff84</span><span lang="bn" class="option-label active" data-itext-id="static_instance-child_vaccines-4">&#x9AA;&#x9C7;&#x9A3;&#x9CD;&#x99F;&#x9BE;&#x9AD;&#x9CD;&#x9AF;&#x9BE;&#x9B2;&#x9C7;&#x9A8;&#x9CD;&#x99F; &#x9E7;</span><span lang="en" class="option-label " data-itext-id="static_instance-child_vaccines-4">Pentavalent 1</span><span lang="openmrs_code" class="option-label " data-itext-id="static_instance-child_vaccines-5">d5966e13-58ff-40bf-b887-0d8266fd0cd8</span><span lang="bn" class="option-label active" data-itext-id="static_instance-child_vaccines-5">&#x9AA;&#x9BF;&#x9B8;&#x9BF;&#x9AD;&#x9BF; &#x9E8;</span><span lang="en" class="option-label " data-itext-id="static_instance-child_vaccines-5">PCV 2</span><span lang="openmrs_code" class="option-label " data-itext-id="static_instance-child_vaccines-6">d75b5a79-05be-426b-b287-0dd094e49a93</span><span lang="bn" class="option-label active" data-itext-id="static_instance-child_vaccines-6">&#x993;&#x9AA;&#x9BF;&#x9AD;&#x9BF; &#x9E8;</span><span lang="en" class="option-label " data-itext-id="static_instance-child_vaccines-6">OPV 2</span><span lang="openmrs_code" class="option-label " data-itext-id="static_instance-child_vaccines-7">eae65970-8c61-4d5f-8d3f-40d418975570</span><span lang="bn" class="option-label active" data-itext-id="static_instance-child_vaccines-7">&#x9AA;&#x9C7;&#x9A3;&#x9CD;&#x99F;&#x9BE;&#x9AD;&#x9CD;&#x9AF;&#x9BE;&#x9B2;&#x9C7;&#x9A8;&#x9CD;&#x99F; &#x9E8;</span><span lang="en" class="option-label " data-itext-id="static_instance-child_vaccines-7">Pentavalent 2</span><span lang="openmrs_code" class="option-label " data-itext-id="static_instance-child_vaccines-8">b0a0d629-8332-4158-a70f-97977e05a405</span><span lang="bn" class="option-label active" data-itext-id="static_instance-child_vaccines-8">&#x9AA;&#x9BF;&#x9B8;&#x9BF;&#x9AD;&#x9BF; &#x9E9;</span><span lang="en" class="option-label " data-itext-id="static_instance-child_vaccines-8">PCV 3</span><span lang="openmrs_code" class="option-label " data-itext-id="static_instance-child_vaccines-9">ced89703-50f1-4090-b305-d302e87511f4</span><span lang="bn" class="option-label active" data-itext-id="static_instance-child_vaccines-9">&#x993;&#x9AA;&#x9BF;&#x9AD;&#x9BF; &#x9E9;</span><span lang="en" class="option-label " data-itext-id="static_instance-child_vaccines-9">OPV 3</span><span lang="openmrs_code" class="option-label " data-itext-id="static_instance-child_vaccines-10">38842574-370d-4ca9-a452-c47f15df78eb</span><span lang="bn" class="option-label active" data-itext-id="static_instance-child_vaccines-10">&#x9AA;&#x9C7;&#x9A3;&#x9CD;&#x99F;&#x9BE;&#x9AD;&#x9CD;&#x9AF;&#x9BE;&#x9B2;&#x9C7;&#x9A8;&#x9CD;&#x99F; &#x9E9;</span><span lang="en" class="option-label " data-itext-id="static_instance-child_vaccines-10">Pentavalent 3</span><span lang="openmrs_code" class="option-label " data-itext-id="static_instance-child_vaccines-11">308c9fbf-4f0c-4ab4-9727-f8701b2fd253</span><span lang="bn" class="option-label active" data-itext-id="static_instance-child_vaccines-11">&#x986;&#x987; &#x9AA;&#x9BF; &#x9AD;&#x9BF;</span><span lang="en" class="option-label " data-itext-id="static_instance-child_vaccines-11">IPV</span><span lang="openmrs_code" class="option-label " data-itext-id="static_instance-child_vaccines-12">bcf27bd3-e0aa-471f-9fb0-aedd29da56c4</span><span lang="bn" class="option-label active" data-itext-id="static_instance-child_vaccines-12">&#x98F;&#x9AE; &#x986;&#x9B0; &#x9E7;</span><span lang="en" class="option-label " data-itext-id="static_instance-child_vaccines-12">Measles 1</span><span lang="openmrs_code" class="option-label " data-itext-id="static_instance-child_vaccines-13">6ea323d5-3138-4755-b545-b1f097711507</span><span lang="bn" class="option-label active" data-itext-id="static_instance-child_vaccines-13">&#x98F;&#x9AE; &#x986;&#x9B0; &#x9E8;</span><span lang="en" class="option-label " data-itext-id="static_instance-child_vaccines-13">Measles 2</span>
    </span><span class="or-constraint-msg active" lang="" data-i18n="constraint.invalid">Value not allowed</span><span class="or-required-msg active" lang="" data-i18n="constraint.required">This field is required</span></label>
    <label class="question non-select "><span lang="openmrs_code" class="question-label " data-itext-id="/Child_Vaccination_Followup/vaccination_date:label">-</span><span lang="bn" class="question-label active" data-itext-id="/Child_Vaccination_Followup/vaccination_date:label">&#x99F;&#x9BF;&#x995;&#x9BE; &#x9A6;&#x9C7;&#x993;&#x9DF;&#x9BE;&#x9B0; &#x9A4;&#x9BE;&#x9B0;&#x9BF;&#x996;</span><span lang="en" class="question-label " data-itext-id="/Child_Vaccination_Followup/vaccination_date:label">Vaccination date</span><span class="required">*</span><input type="date" name="/Child_Vaccination_Followup/vaccination_date" required="required" data-constraint="if(selected( /Child_Vaccination_Followup/vaccines_2 , 'bcg') or selected( /Child_Vaccination_Followup/vaccines_2 , 'opv0') , .&gt;=  /Child_Vaccination_Followup/existing_birth_date  and .&lt;= /Child_Vaccination_Followup/today , if(selected( /Child_Vaccination_Followup/vaccines_2 , 'opv1') or selected( /Child_Vaccination_Followup/vaccines_2 , 'penta1'), .&gt;=  /Child_Vaccination_Followup/six_weeks  and .&lt;= /Child_Vaccination_Followup/today , if(selected( /Child_Vaccination_Followup/vaccines_2 , 'opv2') or selected( /Child_Vaccination_Followup/vaccines_2 , 'penta2'), .&gt;= /Child_Vaccination_Followup/ten_weeks  and .&lt;= /Child_Vaccination_Followup/today , if(selected( /Child_Vaccination_Followup/vaccines_2 , 'opv3') or selected( /Child_Vaccination_Followup/vaccines_2 , 'penta3'), .&gt;= /Child_Vaccination_Followup/forteen_weeks  and .&lt;= /Child_Vaccination_Followup/today , if(selected( /Child_Vaccination_Followup/vaccines_2 , 'measles1'), .&gt;= /Child_Vaccination_Followup/nine_months  and .&lt;= /Child_Vaccination_Followup/today , if(selected( /Child_Vaccination_Followup/vaccines_2 , 'measles2'), .&gt;=  /Child_Vaccination_Followup/fifteen_months  and .&lt;= /Child_Vaccination_Followup/today ))))))" data-type-xml="date"/><span class="or-constraint-msg active" lang="" data-i18n="constraint.invalid">Value not allowed</span><span class="or-required-msg active" lang="" data-i18n="constraint.required">This field is required</span></label>

    <fieldset id="or-preload-items" style="display:none;"><label class="calculation non-select "><input type="hidden" name="/Child_Vaccination_Followup/start" data-preload="timestamp" data-preload-params="start" data-type-xml="dateTime"/></label><label class="calculation non-select "><input type="hidden" name="/Child_Vaccination_Followup/end" data-preload="timestamp" data-preload-params="end" data-type-xml="dateTime"/></label><label class="calculation non-select "><input type="hidden" name="/Child_Vaccination_Followup/today" data-preload="date" data-preload-params="today" data-type-xml="date"/></label></fieldset><fieldset id="or-calculated-items" style="display:none;"><label class="calculation non-select "><input type="hidden" name="/Child_Vaccination_Followup/child_age" data-calculate="int(( /Child_Vaccination_Followup/today  -  /Child_Vaccination_Followup/existing_birth_date ) div 30.42)" data-type-xml="string"/></label><label class="calculation non-select "><input type="hidden" name="/Child_Vaccination_Followup/six_weeks" data-calculate=" /Child_Vaccination_Followup/existing_birth_date  + 42" data-type-xml="string"/></label><label class="calculation non-select "><input type="hidden" name="/Child_Vaccination_Followup/ten_weeks" data-calculate=" /Child_Vaccination_Followup/existing_birth_date  + 70" data-type-xml="string"/></label><label class="calculation non-select "><input type="hidden" name="/Child_Vaccination_Followup/forteen_weeks" data-calculate=" /Child_Vaccination_Followup/existing_birth_date  + 98" data-type-xml="string"/></label><label class="calculation non-select "><input type="hidden" name="/Child_Vaccination_Followup/nine_months" data-calculate=" /Child_Vaccination_Followup/existing_birth_date  + 245" data-type-xml="string"/></label><label class="calculation non-select "><input type="hidden" name="/Child_Vaccination_Followup/fifteen_months" data-calculate=" /Child_Vaccination_Followup/existing_birth_date  + 458" data-type-xml="string"/></label><label class="calculation non-select "><input type="hidden" name="/Child_Vaccination_Followup/vaccines_group/opv0_dose" data-relevant="selected( /Child_Vaccination_Followup/vaccines , 'opv0')" data-calculate="0" data-type-xml="string"/></label><label class="calculation non-select "><input type="hidden" name="/Child_Vaccination_Followup/vaccines_group/pcv1_dose" data-relevant="selected( /Child_Vaccination_Followup/vaccines , 'pcv1')" data-calculate="1" data-type-xml="string"/></label><label class="calculation non-select "><input type="hidden" name="/Child_Vaccination_Followup/vaccines_group/opv1_dose" data-relevant="selected( /Child_Vaccination_Followup/vaccines , 'opv1')" data-calculate="1" data-type-xml="string"/></label><label class="calculation non-select "><input type="hidden" name="/Child_Vaccination_Followup/vaccines_group/penta1_dose" data-relevant="selected( /Child_Vaccination_Followup/vaccines , 'penta1')" data-calculate="1" data-type-xml="string"/></label><label class="calculation non-select "><input type="hidden" name="/Child_Vaccination_Followup/vaccines_group/pcv2_dose" data-relevant="selected( /Child_Vaccination_Followup/vaccines , 'pcv2')" data-calculate="2" data-type-xml="string"/></label><label class="calculation non-select "><input type="hidden" name="/Child_Vaccination_Followup/vaccines_group/opv2_dose" data-relevant="selected( /Child_Vaccination_Followup/vaccines , 'opv2')" data-calculate="2" data-type-xml="string"/></label><label class="calculation non-select "><input type="hidden" name="/Child_Vaccination_Followup/vaccines_group/penta2_dose" data-relevant="selected( /Child_Vaccination_Followup/vaccines , 'penta2')" data-calculate="2" data-type-xml="string"/></label><label class="calculation non-select "><input type="hidden" name="/Child_Vaccination_Followup/vaccines_group/pcv3_dose" data-relevant="selected( /Child_Vaccination_Followup/vaccines , 'penta2')" data-calculate="3" data-type-xml="string"/></label><label class="calculation non-select "><input type="hidden" name="/Child_Vaccination_Followup/vaccines_group/opv3_dose" data-relevant="selected( /Child_Vaccination_Followup/vaccines , 'opv3')" data-calculate="3" data-type-xml="string"/></label><label class="calculation non-select "><input type="hidden" name="/Child_Vaccination_Followup/vaccines_group/penta3_dose" data-relevant="selected( /Child_Vaccination_Followup/vaccines , 'penta3')" data-calculate="3" data-type-xml="string"/></label><label class="calculation non-select "><input type="hidden" name="/Child_Vaccination_Followup/vaccines_group/measles1_dose" data-relevant="selected( /Child_Vaccination_Followup/vaccines , 'measles1')" data-calculate="1" data-type-xml="string"/></label><label class="calculation non-select "><input type="hidden" name="/Child_Vaccination_Followup/vaccines_group/measles2_dose" data-relevant="selected( /Child_Vaccination_Followup/vaccines , 'measles2')" data-calculate="2" data-type-xml="string"/></label><label class="calculation non-select "><input type="hidden" name="/Child_Vaccination_Followup/bcg" data-calculate="if(selected( /Child_Vaccination_Followup/vaccines_2 , 'bcg'), /Child_Vaccination_Followup/vaccination_date ,'')" data-type-xml="string"/></label><label class="calculation non-select "><input type="hidden" name="/Child_Vaccination_Followup/opv0" data-calculate="if(selected( /Child_Vaccination_Followup/vaccines_2 , 'opv0'), /Child_Vaccination_Followup/vaccination_date ,'')" data-type-xml="string"/></label><label class="calculation non-select "><input type="hidden" name="/Child_Vaccination_Followup/opv0_dose_today" data-relevant="selected( /Child_Vaccination_Followup/vaccines_2 , 'opv0')" data-calculate="0" data-type-xml="string"/></label><label class="calculation non-select "><input type="hidden" name="/Child_Vaccination_Followup/pcv1" data-calculate="if(selected( /Child_Vaccination_Followup/vaccines_2 , 'pcv1'), /Child_Vaccination_Followup/vaccination_date ,'')" data-type-xml="string"/></label><label class="calculation non-select "><input type="hidden" name="/Child_Vaccination_Followup/pcv1_dose_today" data-relevant="selected( /Child_Vaccination_Followup/vaccines_2 , 'pcv1')" data-calculate="1" data-type-xml="string"/></label><label class="calculation non-select "><input type="hidden" name="/Child_Vaccination_Followup/opv1" data-calculate="if(selected( /Child_Vaccination_Followup/vaccines_2 , 'opv1'), /Child_Vaccination_Followup/vaccination_date ,'')" data-type-xml="string"/></label><label class="calculation non-select "><input type="hidden" name="/Child_Vaccination_Followup/opv1_dose_today" data-relevant="selected( /Child_Vaccination_Followup/vaccines_2 , 'opv1')" data-calculate="1" data-type-xml="string"/></label><label class="calculation non-select "><input type="hidden" name="/Child_Vaccination_Followup/penta1" data-calculate="if(selected( /Child_Vaccination_Followup/vaccines_2 , 'penta1'), /Child_Vaccination_Followup/vaccination_date ,'')" data-type-xml="string"/></label><label class="calculation non-select "><input type="hidden" name="/Child_Vaccination_Followup/penta1_dose_today" data-relevant="selected( /Child_Vaccination_Followup/vaccines_2 , 'penta1')" data-calculate="1" data-type-xml="string"/></label><label class="calculation non-select "><input type="hidden" name="/Child_Vaccination_Followup/pcv2" data-calculate="if(selected( /Child_Vaccination_Followup/vaccines_2 , 'pcv2'), /Child_Vaccination_Followup/vaccination_date ,'')" data-type-xml="string"/></label><label class="calculation non-select "><input type="hidden" name="/Child_Vaccination_Followup/pcv2_dose_today" data-relevant="selected( /Child_Vaccination_Followup/vaccines_2 , 'pcv2')" data-calculate="2" data-type-xml="string"/></label><label class="calculation non-select "><input type="hidden" name="/Child_Vaccination_Followup/opv2" data-calculate="if(selected( /Child_Vaccination_Followup/vaccines_2 , 'opv2'), /Child_Vaccination_Followup/vaccination_date ,'')" data-type-xml="string"/></label><label class="calculation non-select "><input type="hidden" name="/Child_Vaccination_Followup/opv2_dose_today" data-relevant="selected( /Child_Vaccination_Followup/vaccines_2 , 'opv2')" data-calculate="2" data-type-xml="string"/></label><label class="calculation non-select "><input type="hidden" name="/Child_Vaccination_Followup/penta2" data-calculate="if(selected( /Child_Vaccination_Followup/vaccines_2 , 'penta2'), /Child_Vaccination_Followup/vaccination_date ,'')" data-type-xml="string"/></label><label class="calculation non-select "><input type="hidden" name="/Child_Vaccination_Followup/penta2_dose_today" data-relevant="selected( /Child_Vaccination_Followup/vaccines_2 , 'penta2')" data-calculate="2" data-type-xml="string"/></label><label class="calculation non-select "><input type="hidden" name="/Child_Vaccination_Followup/pcv3" data-calculate="if(selected( /Child_Vaccination_Followup/vaccines_2 , 'pcv3'), /Child_Vaccination_Followup/vaccination_date ,'')" data-type-xml="string"/></label><label class="calculation non-select "><input type="hidden" name="/Child_Vaccination_Followup/pcv3_dose_today" data-relevant="selected( /Child_Vaccination_Followup/vaccines_2 , 'pcv3')" data-calculate="3" data-type-xml="string"/></label><label class="calculation non-select "><input type="hidden" name="/Child_Vaccination_Followup/opv3" data-calculate="if(selected( /Child_Vaccination_Followup/vaccines_2 , 'opv3'), /Child_Vaccination_Followup/vaccination_date ,'')" data-type-xml="string"/></label><label class="calculation non-select "><input type="hidden" name="/Child_Vaccination_Followup/opv3_dose_today" data-relevant="selected( /Child_Vaccination_Followup/vaccines_2 , 'opv3')" data-calculate="3" data-type-xml="string"/></label><label class="calculation non-select "><input type="hidden" name="/Child_Vaccination_Followup/penta3" data-calculate="if(selected( /Child_Vaccination_Followup/vaccines_2 , 'penta3'), /Child_Vaccination_Followup/vaccination_date ,'')" data-type-xml="string"/></label><label class="calculation non-select "><input type="hidden" name="/Child_Vaccination_Followup/penta3_dose_today" data-relevant="selected( /Child_Vaccination_Followup/vaccines_2 , 'penta3')" data-calculate="3" data-type-xml="string"/></label><label class="calculation non-select "><input type="hidden" name="/Child_Vaccination_Followup/ipv" data-relevant="selected( /Child_Vaccination_Followup/vaccines , 'ipv')" data-calculate="if(selected( /Child_Vaccination_Followup/vaccines_2 , 'ipv'), /Child_Vaccination_Followup/vaccination_date ,'')" data-type-xml="string"/></label><label class="calculation non-select "><input type="hidden" name="/Child_Vaccination_Followup/measles1" data-calculate="if(selected( /Child_Vaccination_Followup/vaccines_2 , 'measles1'), /Child_Vaccination_Followup/vaccination_date ,'')" data-type-xml="string"/></label><label class="calculation non-select "><input type="hidden" name="/Child_Vaccination_Followup/measles1_dose_today" data-relevant="selected( /Child_Vaccination_Followup/vaccines_2 , 'measles1')" data-calculate="1" data-type-xml="string"/></label><label class="calculation non-select "><input type="hidden" name="/Child_Vaccination_Followup/measles2" data-calculate="if(selected( /Child_Vaccination_Followup/vaccines_2 , 'measles2'), /Child_Vaccination_Followup/vaccination_date ,'')" data-type-xml="string"/></label><label class="calculation non-select "><input type="hidden" name="/Child_Vaccination_Followup/measles2_dose_today" data-relevant="selected( /Child_Vaccination_Followup/vaccines_2 , 'measles2')" data-calculate="2" data-type-xml="string"/></label><label class="calculation non-select "><input type="hidden" name="/Child_Vaccination_Followup/final_bcg" data-calculate="if( /Child_Vaccination_Followup/vaccines_group/bcg_retro  != '',  /Child_Vaccination_Followup/vaccines_group/bcg_retro ,  /Child_Vaccination_Followup/bcg )" data-type-xml="string"/></label><label class="calculation non-select "><input type="hidden" name="/Child_Vaccination_Followup/final_opv0" data-calculate="if( /Child_Vaccination_Followup/vaccines_group/opv0_retro  != '',  /Child_Vaccination_Followup/vaccines_group/opv0_retro ,  /Child_Vaccination_Followup/opv0 )" data-type-xml="string"/></label><label class="calculation non-select "><input type="hidden" name="/Child_Vaccination_Followup/final_pcv1" data-calculate="if( /Child_Vaccination_Followup/vaccines_group/pcv1_retro  != '',  /Child_Vaccination_Followup/vaccines_group/pcv1_retro ,  /Child_Vaccination_Followup/pcv1 )" data-type-xml="string"/></label><label class="calculation non-select "><input type="hidden" name="/Child_Vaccination_Followup/final_opv1" data-calculate="if( /Child_Vaccination_Followup/vaccines_group/opv1_retro  != '',  /Child_Vaccination_Followup/vaccines_group/opv1_retro ,  /Child_Vaccination_Followup/opv1 )" data-type-xml="string"/></label><label class="calculation non-select "><input type="hidden" name="/Child_Vaccination_Followup/final_penta1" data-calculate="if( /Child_Vaccination_Followup/vaccines_group/penta1_retro  != '',  /Child_Vaccination_Followup/vaccines_group/penta1_retro ,  /Child_Vaccination_Followup/penta1 )" data-type-xml="string"/></label><label class="calculation non-select "><input type="hidden" name="/Child_Vaccination_Followup/final_pcv2" data-calculate="if( /Child_Vaccination_Followup/vaccines_group/pcv2_retro  != '',  /Child_Vaccination_Followup/vaccines_group/pcv2_retro ,  /Child_Vaccination_Followup/pcv2 )" data-type-xml="string"/></label><label class="calculation non-select "><input type="hidden" name="/Child_Vaccination_Followup/final_opv2" data-calculate="if( /Child_Vaccination_Followup/vaccines_group/opv2_retro  != '',  /Child_Vaccination_Followup/vaccines_group/opv2_retro ,  /Child_Vaccination_Followup/opv2 )" data-type-xml="string"/></label><label class="calculation non-select "><input type="hidden" name="/Child_Vaccination_Followup/final_penta2" data-calculate="if( /Child_Vaccination_Followup/vaccines_group/penta2_retro  != '',  /Child_Vaccination_Followup/vaccines_group/penta2_retro ,  /Child_Vaccination_Followup/penta2 )" data-type-xml="string"/></label><label class="calculation non-select "><input type="hidden" name="/Child_Vaccination_Followup/final_pcv3" data-calculate="if( /Child_Vaccination_Followup/vaccines_group/pcv3_retro  != '',  /Child_Vaccination_Followup/vaccines_group/pcv3_retro ,  /Child_Vaccination_Followup/pcv3 )" data-type-xml="string"/></label><label class="calculation non-select "><input type="hidden" name="/Child_Vaccination_Followup/final_opv3" data-calculate="if( /Child_Vaccination_Followup/vaccines_group/opv3_retro  != '',  /Child_Vaccination_Followup/vaccines_group/opv3_retro ,  /Child_Vaccination_Followup/opv3 )" data-type-xml="string"/></label><label class="calculation non-select "><input type="hidden" name="/Child_Vaccination_Followup/final_penta3" data-calculate="if( /Child_Vaccination_Followup/vaccines_group/penta3_retro  != '',  /Child_Vaccination_Followup/vaccines_group/penta3_retro ,  /Child_Vaccination_Followup/penta3 )" data-type-xml="string"/></label><label class="calculation non-select "><input type="hidden" name="/Child_Vaccination_Followup/final_ipv" data-calculate="if( /Child_Vaccination_Followup/vaccines_group/ipv_retro  != '',  /Child_Vaccination_Followup/vaccines_group/ipv_retro ,  /Child_Vaccination_Followup/ipv )" data-type-xml="string"/></label><label class="calculation non-select "><input type="hidden" name="/Child_Vaccination_Followup/final_measles1" data-calculate="if( /Child_Vaccination_Followup/vaccines_group/measles1_retro  != '',  /Child_Vaccination_Followup/vaccines_group/measles1_retro ,  /Child_Vaccination_Followup/measles1 )" data-type-xml="string"/></label><label class="calculation non-select "><input type="hidden" name="/Child_Vaccination_Followup/final_measles2" data-calculate="if( /Child_Vaccination_Followup/vaccines_group/measles2_retro  != '',  /Child_Vaccination_Followup/vaccines_group/measles2_retro ,  /Child_Vaccination_Followup/measles2 )" data-type-xml="string"/></label><label class="calculation non-select "><input type="hidden" name="/Child_Vaccination_Followup/meta/instanceID" data-calculate="concat('uuid:', uuid())" data-type-xml="string"/></label><label class="calculation non-select "><input type="hidden" name="/Child_Vaccination_Followup/formhub/uuid" data-calculate="'fc12b247e89240ffab42d2295004aeee'" data-type-xml="string"/></label></fieldset></form><xsltmessages><message level="1" code="1">Itemset support is experimental. Make sure to test whether they do what you want.</message><message level="1">XML to HTML transformation for form took 0.23 seconds</message></xsltmessages><jrvalidationmessages><message level="1">This validation is yet not functional.</message></jrvalidationmessages><xmlerrors/><xslformerrors/><xsldataerrors/></root>
