{
  "form_data_definition_version": "1",
  "form": {
    "default_bind_path": "/model/instance/BirthNotification",
    "bind_type": "members",
    "fields": [
      {
        "name": "id",
        "shouldLoadValue": true
      },
      {
        "name": "version",
        "bind": "/model/instance/BirthNotification/version"
      },
      {
        "name": "changes",
        "bind": "/model/instance/BirthNotification/changes"
      },
      {
        "name": "existing_Country",
        "bind": "/model/instance/BirthNotification/existing_Country",
        "shouldLoadValue": true
      },
      {
        "name": "existing_Division",
        "bind": "/model/instance/BirthNotification/existing_Division",
        "shouldLoadValue": true
      },
      {
        "name": "existing_District",
        "bind": "/model/instance/BirthNotification/existing_District",
        "shouldLoadValue": true
      },
      {
        "name": "existing_Upazilla",
        "bind": "/model/instance/BirthNotification/existing_Upazilla",
        "shouldLoadValue": true
      },
      {
        "name": "existing_Union",
        "bind": "/model/instance/BirthNotification/existing_Union",
        "shouldLoadValue": true
      },
      {
        "name": "existing_Ward",
        "bind": "/model/instance/BirthNotification/existing_Ward",
        "shouldLoadValue": true
      },
      {
        "name": "existing_Subunit",
        "bind": "/model/instance/BirthNotification/existing_Subunit",
        "shouldLoadValue": true
      },
      {
        "name": "existing_Mauzapara",
        "bind": "/model/instance/BirthNotification/existing_Mauzapara",
        "shouldLoadValue": true
      },
      {
        "name": "Final_Vill",
        "bind": "/model/instance/BirthNotification/existing_Final_Vill",
        "shouldLoadValue": true
      },
      {
        "name": "GPS",
        "bind": "/model/instance/BirthNotification/existing_GPS",
        "shouldLoadValue": true
      },
      {
        "name": "existing_location",
        "bind": "/model/instance/BirthNotification/existing_location"
      },
      {
        "name": "Mem_F_Name",
        "bind": "/model/instance/BirthNotification/existing_Mem_F_Name",
        "shouldLoadValue": true
      },
      {
        "name": "Member_GoB_HHID",
        "bind": "/model/instance/BirthNotification/existing_GoB_HHID",
        "shouldLoadValue": true
      },
      {
        "name": "existing_HoH_F_Name",
        "bind": "/model/instance/BirthNotification/existing_HoH_F_Name",
        "shouldLoadValue": true
      },
      {
        "name": "Spouse_Name",
        "bind": "/model/instance/BirthNotification/existing_Spouse_Name",
        "shouldLoadValue": true
      },
      {
        "name": "Couple_No",
        "bind": "/model/instance/BirthNotification/existing_Couple_No",
        "shouldLoadValue": true
      },
      {
        "name": "TT_Count",
        "bind": "/model/instance/BirthNotification/existing_TT_Count",
        "shouldLoadValue": true
      },
      {
        "name": "ELCO_Mobile_Number",
        "bind": "/model/instance/BirthNotification/existing_ELCO_Mobile_Number"      ,
        "shouldLoadValue": true
      },
      {
        "name": "EDD",
        "bind": "/model/instance/BirthNotification/existing_EDD",
        "shouldLoadValue": true
      },
      {
        "name": "Height",
        "bind": "/model/instance/BirthNotification/existing_Height",
        "shouldLoadValue": true
      },
      {
        "name": "Today",
        "bind": "/model/instance/BirthNotification/Today"
      },
      {
        "name": "start",
        "bind": "/model/instance/BirthNotification/start"
      },
      {
        "name": "end",
        "bind": "/model/instance/BirthNotification/end"
      },
      {
        "name": "Visit_Date",
        "bind": "/model/instance/BirthNotification/Visit_Date"
      },
      {
        "name": "Confirm_Info",
        "bind": "/model/instance/BirthNotification/Confirm_Info"
      },
      {
        "name": "Visit_Status",
        "bind": "/model/instance/BirthNotification/Visit_Status"
      },
      {
        "name": "Mother_Status",
        "bind": "/model/instance/BirthNotification/Mother_Status"
      },
      {
        "name": "note",
        "bind": "/model/instance/BirthNotification/note"
      },
      {
        "name": "Outcome_Occured",
        "bind": "/model/instance/BirthNotification/Outcome_Occured"
      },
      {
        "name": "Where_Delivered",
        "bind": "/model/instance/BirthNotification/Outcome_Occured/Where_Delivered"
      },
      {
        "name": "Who_Delivered",
        "bind": "/model/instance/BirthNotification/Outcome_Occured/Who_Delivered"
      },
      {
        "name": "Delivery_Type",
        "bind": "/model/instance/BirthNotification/Outcome_Occured/Delivery_Type"
      },
      {
        "name": "Misoprostol_Given",
        "bind": "/model/instance/BirthNotification/Outcome_Occured/Misoprostol_Given"
      },
      {
        "name": "Misoprostol_Received",
        "bind": "/model/instance/BirthNotification/Outcome_Occured/Misoprostol_Received"
      },
      {
        "name": "Count_Misorpostol",
        "bind": "/model/instance/BirthNotification/Outcome_Occured/Count_Misorpostol"
      },
      {
        "name": "DOO",
        "bind": "/model/instance/BirthNotification/Outcome_Occured/DOO"
      },
      {
        "name": "Num_Live_Birth",
        "bind": "/model/instance/BirthNotification/Outcome_Occured/Num_Live_Birth"
      },
      {
        "name": "Is_PNC",
        "bind": "/model/instance/BirthNotification/Is_PNC"
      },
      {
        "name": "Eligible",
        "bind": "/model/instance/BirthNotification/Eligible"
      },
      {
        "name": "Calc_Age_Newmom",
        "bind": "/model/instance/BirthNotification/Calc_Age_Newmom"
      },
      {
        "name": "Nutrition",
        "bind": "/model/instance/BirthNotification/Nutrition"
      },
      {
        "name": "Preg_Status",
        "bind": "/model/instance/BirthNotification/Preg_Status"
      },
      {
        "name": "womanrelationalid",
        "bind": "/model/instance/BirthNotification/relationalid"
      },
      {
        "name": "bnf_current_formStatus",
        "bind": "/model/instance/BirthNotification/bnf_current_formStatus"
      }
    ]
  }
}