<?xml version="1.0"?>
<root><form autocomplete="off" novalidate="novalidate" class="or clearfix" dir="ltr" id="ANCVisit3">
<!--This form was created by transforming a OpenRosa-flavored (X)Form using an XSLT sheet created by Enketo LLC.--><section class="form-logo"> </section><h3 id="form-title">&#x997;&#x9B0;&#x9CD;&#x9AD;&#x995;&#x9BE;&#x9B2;&#x9C0;&#x9A8; &#x9B8;&#x9C7;&#x9AC;&#x9BE;&#x9B0; &#x9A4;&#x9A5;&#x9CD;&#x9AF; (ANC-3)</h3><select id="form-languages" data-default-lang="bn"><option value="bn">Bengali</option> <option value="en">English</option> </select>
  
  
    <fieldset class="question simple-select "><fieldset><legend><span lang="bn" class="question-label active" data-itext-id="/ANCVisit3/Visit_Status:label">&#x9AD;&#x9BF;&#x99C;&#x9BF;&#x99F; &#x9B8;&#x9CD;&#x99F;&#x9CD;&#x9AF;&#x9BE;&#x99F;&#x9BE;&#x9B8;</span><span lang="en" class="question-label " data-itext-id="/ANCVisit3/Visit_Status:label">Visit Status</span><span class="required">*</span>
                    </legend><div class="option-wrapper"><label class=""><input type="radio" name="/ANCVisit3/Visit_Status" data-name="/ANCVisit3/Visit_Status" value="1" required="required" data-type-xml="select1"/><span lang="bn" class="option-label active" data-itext-id="/ANCVisit3/Visit_Status/1:label">&#x9AE;&#x9B9;&#x9BF;&#x9B2;&#x9BE;&#x9B0; &#x9B8;&#x9BE;&#x9A5;&#x9C7; &#x9A6;&#x9C7;&#x996;&#x9BE; &#x9B9;&#x9DF;&#x9C7;&#x99B;&#x9C7;</span><span lang="en" class="option-label " data-itext-id="/ANCVisit3/Visit_Status/1:label">Met with woman</span></label><label class=""><input type="radio" name="/ANCVisit3/Visit_Status" data-name="/ANCVisit3/Visit_Status" value="2" required="required" data-type-xml="select1"/><span lang="bn" class="option-label active" data-itext-id="/ANCVisit3/Visit_Status/2:label">&#x989;&#x9A4;&#x9CD;&#x9A4;&#x9B0; &#x9A6;&#x9BF;&#x9A4;&#x9C7; &#x9B0;&#x9BE;&#x99C;&#x9C0; &#x9B9;&#x9A8; &#x9A8;&#x9BF;</span><span lang="en" class="option-label " data-itext-id="/ANCVisit3/Visit_Status/2:label">Refused</span></label><label class=""><input type="radio" name="/ANCVisit3/Visit_Status" data-name="/ANCVisit3/Visit_Status" value="8" required="required" data-type-xml="select1"/><span lang="bn" class="option-label active" data-itext-id="/ANCVisit3/Visit_Status/8:label">&#x9B8;&#x9CD;&#x9A5;&#x9BE;&#x9DF;&#x9C0; &#x9AD;&#x9BE;&#x9AC;&#x9C7; &#x985;&#x9A8;&#x9CD;&#x9AF;&#x9A4;&#x9CD;&#x9B0; &#x99A;&#x9B2;&#x9C7; &#x997;&#x9C7;&#x99B;&#x9C7;&#x9A8;</span><span lang="en" class="option-label " data-itext-id="/ANCVisit3/Visit_Status/8:label">Permanently Moved</span></label><label class=""><input type="radio" name="/ANCVisit3/Visit_Status" data-name="/ANCVisit3/Visit_Status" value="10" required="required" data-type-xml="select1"/><span lang="bn" class="option-label active" data-itext-id="/ANCVisit3/Visit_Status/10:label">&#x9AE;&#x9B9;&#x9BF;&#x9B2;&#x9BE; &#x9AE;&#x9BE;&#x9B0;&#x9BE; &#x997;&#x9C7;&#x99B;&#x9C7;&#x9A8;</span><span lang="en" class="option-label " data-itext-id="/ANCVisit3/Visit_Status/10:label">Woman Died</span></label></div></fieldset><span class="or-constraint-msg active" lang="" data-i18n="constraint.invalid">Value not allowed</span><span class="or-required-msg active" lang="" data-i18n="constraint.required">This field is required</span></fieldset>
    <section class="or-group-data or-branch pre-init " name="/ANCVisit3/Met" data-relevant=" /ANCVisit3/Visit_Status ='1'"><label class="note non-select "><span lang="bn" class="question-label active" data-itext-id="/ANCVisit3/Met/Confirm_Info:label">&#x9AE;&#x9B9;&#x9BF;&#x9B2;&#x9BE;&#x9B0; &#x9A4;&#x9A5;&#x9CD;&#x9AF;&#x997;&#x9C1;&#x9B2;&#x9CB; &#x9B8;&#x9A0;&#x9BF;&#x995; &#x995;&#x9BF;&#x9A8;&#x9BE; &#x9A4;&#x9BE; &#x9A8;&#x9BF;&#x9B6;&#x9CD;&#x99A;&#x9BF;&#x9A4; &#x995;&#x9B0;&#x9C1;&#x9A8;&#x983;
&#x9A8;&#x9BE;&#x9AE;: <span class="or-output" data-value=" /ANCVisit3/existing_Mem_F_Name ">
            </span>
&#x996;&#x9BE;&#x9A8;&#x9BE; &#x9A8;&#x9AE;&#x9CD;&#x9AC;&#x9B0;: <span class="or-output" data-value=" /ANCVisit3/existing_GoB_HHID ">
            </span> 
&#x996;&#x9BE;&#x9A8;&#x9BE; &#x9AA;&#x9CD;&#x9B0;&#x9A7;&#x9BE;&#x9A8;&#x983; <span class="or-output" data-value=" /ANCVisit3/existing_HoH_F_Name ">
            </span>
&#x9B8;&#x9CD;&#x9AC;&#x9BE;&#x9AE;&#x9C0;&#x9B0; &#x9A8;&#x9BE;&#x9AE;&#x983; <span class="or-output" data-value=" /ANCVisit3/existing_Spouse_Name ">
            </span>
&#x9A6;&#x9AE;&#x9CD;&#x9AA;&#x9A4;&#x9BF; &#x9A8;&#x982;&#x983;<span class="or-output" data-value=" /ANCVisit3/existing_Couple_No ">
            </span>
&#x99F;&#x9BF;&#x99F;&#x9BF; &#x99F;&#x9BF;&#x995;&#x9BE; &#x9A6;&#x9C7;&#x993;&#x9DF;&#x9BE; &#x9B9;&#x9DF;&#x9C7;&#x99B;&#x9C7;&#x983; <span class="or-output" data-value=" /ANCVisit3/existing_TT_Count ">
            </span> &#x99F;&#x9BF;
&#x9AE;&#x9CB;&#x9AC;&#x9BE;&#x987;&#x9B2; &#x9A8;&#x9AE;&#x9CD;&#x9AC;&#x9B0;&#x983; <span class="or-output" data-value=" /ANCVisit3/existing_ELCO_Mobile_Number ">
            </span>
&#x997;&#x9CD;&#x9B0;&#x9BE;&#x9AE;&#x9C7;&#x9B0; &#x9A8;&#x9BE;&#x9AE;&#x983; <span class="or-output" data-value=" /ANCVisit3/existing_Final_Vill ">
            </span>
&#x9AA;&#x9CD;&#x9B0;&#x9B8;&#x9AC;&#x9C7;&#x9B0; &#x9B8;&#x9AE;&#x9CD;&#x9AD;&#x9BE;&#x9AC;&#x9CD;&#x9AF; &#x9A4;&#x9BE;&#x9B0;&#x9BF;&#x996;&#x983; <span class="or-output" data-value=" /ANCVisit3/existing_EDD ">
            </span>
&#x989;&#x99A;&#x9CD;&#x99A;&#x9A4;&#x9BE;&#x983; <span class="or-output" data-value=" /ANCVisit3/existing_Height ">
            </span></span><span lang="en" class="question-label " data-itext-id="/ANCVisit3/Met/Confirm_Info:label">Confirm woman&#x2019;s infromation are correct:
Name: <span class="or-output" data-value=" /ANCVisit3/existing_Mem_F_Name ">
            </span>
GoB HHID: <span class="or-output" data-value=" /ANCVisit3/existing_GoB_HHID ">
            </span>
HoH: <span class="or-output" data-value=" /ANCVisit3/existing_HoH_F_Name ">
            </span>
Spouse Name: <span class="or-output" data-value=" /ANCVisit3/existing_Spouse_Name ">
            </span>
Couple No: <span class="or-output" data-value=" /ANCVisit3/existing_Couple_No ">
            </span>
TT Dose No: <span class="or-output" data-value=" /ANCVisit3/existing_TT_Count ">
            </span> 
Mobile Number: <span class="or-output" data-value=" /ANCVisit3/existing_ELCO_Mobile_Number ">
            </span>
Village Name: <span class="or-output" data-value=" /ANCVisit3/existing_Final_Vill ">
            </span>
EDD: <span class="or-output" data-value=" /ANCVisit3/existing_EDD ">
            </span>
Height: <span class="or-output" data-value=" /ANCVisit3/existing_Height ">
            </span></span><input type="text" name="/ANCVisit3/Met/Confirm_Info" data-type-xml="string" readonly="readonly"/></label><label class="question non-select "><span lang="bn" class="question-label active" data-itext-id="/ANCVisit3/Met/Visit_Date:label">&#x9AA;&#x9B0;&#x9BF;&#x9A6;&#x9B0;&#x9CD;&#x9B6;&#x9A8;-&#x9E9; (&#x9A4;&#x9BE;&#x9B0;&#x9BF;&#x996;)</span><span lang="en" class="question-label " data-itext-id="/ANCVisit3/Met/Visit_Date:label">Visit-3 (Date)</span><span class="required">*</span><input type="date" name="/ANCVisit3/Met/Visit_Date" required="required" data-constraint=".&lt;= /ANCVisit3/today " data-type-xml="date"/><span class="or-constraint-msg active" lang="" data-i18n="constraint.invalid">Value not allowed</span><span class="or-required-msg active" lang="" data-i18n="constraint.required">This field is required</span></label><fieldset class="question simple-select "><fieldset><legend><span lang="bn" class="question-label active" data-itext-id="/ANCVisit3/Met/Preg_Status:label">&#x997;&#x9B0;&#x9CD;&#x9AD;&#x9C7;&#x9B0; &#x985;&#x9AC;&#x9B8;&#x9CD;&#x9A5;&#x9BE;</span><span lang="en" class="question-label " data-itext-id="/ANCVisit3/Met/Preg_Status:label">Pregnancy status</span><span class="required">*</span>
                    </legend><div class="option-wrapper"><label class=""><input type="radio" name="/ANCVisit3/Met/Preg_Status" data-name="/ANCVisit3/Met/Preg_Status" value="1" required="required" data-type-xml="select1"/><span lang="bn" class="option-label active" data-itext-id="/ANCVisit3/Met/Preg_Status/1:label">&#x9AA;&#x9CD;&#x9B0;&#x9B8;&#x9AC; &#x9B9;&#x9DF;&#x9C7;&#x99B;&#x9C7;</span><span lang="en" class="option-label " data-itext-id="/ANCVisit3/Met/Preg_Status/1:label">Delivery occurred</span></label><label class=""><input type="radio" name="/ANCVisit3/Met/Preg_Status" data-name="/ANCVisit3/Met/Preg_Status" value="2" required="required" data-type-xml="select1"/><span lang="bn" class="option-label active" data-itext-id="/ANCVisit3/Met/Preg_Status/2:label">&#x997;&#x9B0;&#x9CD;&#x9AD;&#x9AA;&#x9BE;&#x9A4; &#x9B9;&#x9DF;&#x9C7;&#x99B;&#x9C7;</span><span lang="en" class="option-label " data-itext-id="/ANCVisit3/Met/Preg_Status/2:label">Miscarriage</span></label><label class=""><input type="radio" name="/ANCVisit3/Met/Preg_Status" data-name="/ANCVisit3/Met/Preg_Status" value="3" required="required" data-type-xml="select1"/><span lang="bn" class="option-label active" data-itext-id="/ANCVisit3/Met/Preg_Status/3:label">&#x98F;&#x996;&#x9A8;&#x993; &#x997;&#x9B0;&#x9CD;&#x9AD;&#x9AC;&#x9A4;&#x9C0;</span><span lang="en" class="option-label " data-itext-id="/ANCVisit3/Met/Preg_Status/3:label">Still Pregnant</span></label></div></fieldset><span class="or-constraint-msg active" lang="" data-i18n="constraint.invalid">Value not allowed</span><span class="or-required-msg active" lang="" data-i18n="constraint.required">This field is required</span></fieldset><section class="or-group or-appearance-field-list " name="/ANCVisit3/Met/Symptoms"><h4><span lang="bn" class="question-label active" data-itext-id="/ANCVisit3/Met/Symptoms:label">&#x99D;&#x9C1;&#x995;&#x9BF;&#x9AA;&#x9C2;&#x9B0;&#x9CD;&#x9A3;/&#x99C;&#x99F;&#x9BF;&#x9B2; &#x985;&#x9AC;&#x9B8;&#x9CD;&#x9A5;&#x9BE;&#x9B0; &#x9B2;&#x995;&#x9CD;&#x9B7;&#x9A3;</span><span lang="en" class="question-label " data-itext-id="/ANCVisit3/Met/Symptoms:label">Symptoms for Critical/Risky conditions</span></h4><fieldset class="question or-appearance-label "><fieldset><legend><span lang="bn" class="question-label active" data-itext-id="/ANCVisit3/Met/Symptoms/yn_dk_label:label">&#x9AA;&#x9CD;&#x9B0;&#x9A4;&#x9CD;&#x9AF;&#x9C7;&#x995; &#x985;&#x9AC;&#x9B8;&#x9CD;&#x9A5;&#x9BE;&#x9B0; &#x99C;&#x9A8;&#x9CD;&#x9AF; &#x98F;&#x995;&#x99F;&#x9BF; &#x995;&#x9B0;&#x9C7; &#x989;&#x9A4;&#x9CD;&#x9A4;&#x9B0; &#x9A8;&#x9BF;&#x9B0;&#x9CD;&#x9AC;&#x9BE;&#x99A;&#x9A8; &#x995;&#x9B0;&#x9C1;&#x9A8;-</span><span lang="en" class="question-label " data-itext-id="/ANCVisit3/Met/Symptoms/yn_dk_label:label">Select one response for each condition:</span>
                    </legend><div class="option-wrapper"><label class=""><input type="radio" name="/ANCVisit3/Met/Symptoms/yn_dk_label" data-name="/ANCVisit3/Met/Symptoms/yn_dk_label" value="0" data-type-xml="select1"/><span lang="bn" class="option-label active" data-itext-id="/ANCVisit3/Met/Symptoms/yn_dk_label/0:label">&#x9A8;&#x9BE;</span><span lang="en" class="option-label " data-itext-id="/ANCVisit3/Met/Symptoms/yn_dk_label/0:label">No</span></label><label class=""><input type="radio" name="/ANCVisit3/Met/Symptoms/yn_dk_label" data-name="/ANCVisit3/Met/Symptoms/yn_dk_label" value="1" data-type-xml="select1"/><span lang="bn" class="option-label active" data-itext-id="/ANCVisit3/Met/Symptoms/yn_dk_label/1:label">&#x9B9;&#x9CD;&#x9AF;&#x9BE;&#x981;</span><span lang="en" class="option-label " data-itext-id="/ANCVisit3/Met/Symptoms/yn_dk_label/1:label">Yes</span></label></div></fieldset><span class="or-constraint-msg active" lang="" data-i18n="constraint.invalid">Value not allowed</span></fieldset><fieldset class="question or-branch pre-init or-appearance-list-nolabel "><fieldset><legend><span lang="bn" class="question-label active" data-itext-id="/ANCVisit3/Met/Symptoms/Menstruation:label">&#x997;&#x9B0;&#x9CD;&#x9AD;&#x9BE;&#x9AC;&#x9B8;&#x9CD;&#x9A5;&#x9BE;&#x9DF; &#x9B0;&#x995;&#x9CD;&#x9A4;&#x9B8;&#x9CD;&#x9B0;&#x9BE;&#x9AC;</span><span lang="en" class="question-label " data-itext-id="/ANCVisit3/Met/Symptoms/Menstruation:label">Menstruation during pregnancy</span>
                    </legend><div class="option-wrapper"><label class=""><input type="radio" name="/ANCVisit3/Met/Symptoms/Menstruation" data-name="/ANCVisit3/Met/Symptoms/Menstruation" value="0" data-relevant="not(selected( /ANCVisit3/Met/Preg_Status ,'1'))" data-type-xml="select1"/><span lang="bn" class="option-label active" data-itext-id="/ANCVisit3/Met/Symptoms/Menstruation/0:label">&#x9A8;&#x9BE;</span><span lang="en" class="option-label " data-itext-id="/ANCVisit3/Met/Symptoms/Menstruation/0:label">No</span></label><label class=""><input type="radio" name="/ANCVisit3/Met/Symptoms/Menstruation" data-name="/ANCVisit3/Met/Symptoms/Menstruation" value="1" data-relevant="not(selected( /ANCVisit3/Met/Preg_Status ,'1'))" data-type-xml="select1"/><span lang="bn" class="option-label active" data-itext-id="/ANCVisit3/Met/Symptoms/Menstruation/1:label">&#x9B9;&#x9CD;&#x9AF;&#x9BE;&#x981;</span><span lang="en" class="option-label " data-itext-id="/ANCVisit3/Met/Symptoms/Menstruation/1:label">Yes</span></label></div></fieldset><span class="or-constraint-msg active" lang="" data-i18n="constraint.invalid">Value not allowed</span></fieldset><fieldset class="question or-appearance-list-nolabel "><fieldset><legend><span lang="bn" class="question-label active" data-itext-id="/ANCVisit3/Met/Symptoms/Headache_Blur_Vision:label">&#x9B6;&#x9B0;&#x9C0;&#x9B0;&#x9C7; &#x9AA;&#x9BE;&#x9A8;&#x9BF; &#x986;&#x9B8;&#x9BE;, &#x996;&#x9C1;&#x9AC; &#x9AC;&#x9C7;&#x9B6;&#x9BF; &#x9AE;&#x9BE;&#x9A5;&#x9BE;&#x9AC;&#x9CD;&#x9AF;&#x9A5;&#x9BE;, &#x99A;&#x9CB;&#x996;&#x9C7; &#x99D;&#x9BE;&#x9AA;&#x9B8;&#x9BE; &#x9A6;&#x9C7;&#x996;&#x9BE;</span><span lang="en" class="question-label " data-itext-id="/ANCVisit3/Met/Symptoms/Headache_Blur_Vision:label">Swelling, bad headache, blurr vision</span>
                    </legend><div class="option-wrapper"><label class=""><input type="radio" name="/ANCVisit3/Met/Symptoms/Headache_Blur_Vision" data-name="/ANCVisit3/Met/Symptoms/Headache_Blur_Vision" value="0" data-type-xml="select1"/><span lang="bn" class="option-label active" data-itext-id="/ANCVisit3/Met/Symptoms/Headache_Blur_Vision/0:label">&#x9A8;&#x9BE;</span><span lang="en" class="option-label " data-itext-id="/ANCVisit3/Met/Symptoms/Headache_Blur_Vision/0:label">No</span></label><label class=""><input type="radio" name="/ANCVisit3/Met/Symptoms/Headache_Blur_Vision" data-name="/ANCVisit3/Met/Symptoms/Headache_Blur_Vision" value="1" data-type-xml="select1"/><span lang="bn" class="option-label active" data-itext-id="/ANCVisit3/Met/Symptoms/Headache_Blur_Vision/1:label">&#x9B9;&#x9CD;&#x9AF;&#x9BE;&#x981;</span><span lang="en" class="option-label " data-itext-id="/ANCVisit3/Met/Symptoms/Headache_Blur_Vision/1:label">Yes</span></label></div></fieldset><span class="or-constraint-msg active" lang="" data-i18n="constraint.invalid">Value not allowed</span></fieldset><fieldset class="question or-appearance-list-nolabel "><fieldset><legend><span lang="bn" class="question-label active" data-itext-id="/ANCVisit3/Met/Symptoms/High_Fever:label">&#x9A4;&#x9BF;&#x9A8; &#x9A6;&#x9BF;&#x9A8;&#x9C7;&#x9B0; &#x9AC;&#x9C7;&#x9B6;&#x9C0; &#x99C;&#x9CD;&#x9AC;&#x9B0;/&#x9A6;&#x9C1;&#x9B0;&#x9CD;&#x997;&#x9A8;&#x9CD;&#x9A7;&#x9AF;&#x9C1;&#x995;&#x9CD;&#x9A4; &#x9B8;&#x9CD;&#x9B0;&#x9BE;&#x9AC;</span><span lang="en" class="question-label " data-itext-id="/ANCVisit3/Met/Symptoms/High_Fever:label">High fever/Smelly discharge for more than 3 days</span>
                    </legend><div class="option-wrapper"><label class=""><input type="radio" name="/ANCVisit3/Met/Symptoms/High_Fever" data-name="/ANCVisit3/Met/Symptoms/High_Fever" value="0" data-type-xml="select1"/><span lang="bn" class="option-label active" data-itext-id="/ANCVisit3/Met/Symptoms/High_Fever/0:label">&#x9A8;&#x9BE;</span><span lang="en" class="option-label " data-itext-id="/ANCVisit3/Met/Symptoms/High_Fever/0:label">No</span></label><label class=""><input type="radio" name="/ANCVisit3/Met/Symptoms/High_Fever" data-name="/ANCVisit3/Met/Symptoms/High_Fever" value="1" data-type-xml="select1"/><span lang="bn" class="option-label active" data-itext-id="/ANCVisit3/Met/Symptoms/High_Fever/1:label">&#x9B9;&#x9CD;&#x9AF;&#x9BE;&#x981;</span><span lang="en" class="option-label " data-itext-id="/ANCVisit3/Met/Symptoms/High_Fever/1:label">Yes</span></label></div></fieldset><span class="or-constraint-msg active" lang="" data-i18n="constraint.invalid">Value not allowed</span></fieldset><fieldset class="question or-branch pre-init or-appearance-list-nolabel "><fieldset><legend><span lang="bn" class="question-label active" data-itext-id="/ANCVisit3/Met/Symptoms/Prolonged_Delivery:label">&#x9AA;&#x9CD;&#x9B0;&#x9B8;&#x9AC; &#x9AC;&#x9CD;&#x9AF;&#x9A5;&#x9BE; &#x9E7;&#x9E8; &#x998;&#x9A3;&#x9CD;&#x99F;&#x9BE;&#x9B0; &#x9AC;&#x9C7;&#x9B6;&#x9C0; &#x9A5;&#x9BE;&#x995;&#x9BE;</span><span lang="en" class="question-label " data-itext-id="/ANCVisit3/Met/Symptoms/Prolonged_Delivery:label">Labor pain for more than 12 hours</span>
                    </legend><div class="option-wrapper"><label class=""><input type="radio" name="/ANCVisit3/Met/Symptoms/Prolonged_Delivery" data-name="/ANCVisit3/Met/Symptoms/Prolonged_Delivery" value="0" data-relevant="selected( /ANCVisit3/Met/Preg_Status ,'1')" data-type-xml="select1"/><span lang="bn" class="option-label active" data-itext-id="/ANCVisit3/Met/Symptoms/Prolonged_Delivery/0:label">&#x9A8;&#x9BE;</span><span lang="en" class="option-label " data-itext-id="/ANCVisit3/Met/Symptoms/Prolonged_Delivery/0:label">No</span></label><label class=""><input type="radio" name="/ANCVisit3/Met/Symptoms/Prolonged_Delivery" data-name="/ANCVisit3/Met/Symptoms/Prolonged_Delivery" value="1" data-relevant="selected( /ANCVisit3/Met/Preg_Status ,'1')" data-type-xml="select1"/><span lang="bn" class="option-label active" data-itext-id="/ANCVisit3/Met/Symptoms/Prolonged_Delivery/1:label">&#x9B9;&#x9CD;&#x9AF;&#x9BE;&#x981;</span><span lang="en" class="option-label " data-itext-id="/ANCVisit3/Met/Symptoms/Prolonged_Delivery/1:label">Yes</span></label></div></fieldset><span class="or-constraint-msg active" lang="" data-i18n="constraint.invalid">Value not allowed</span></fieldset><fieldset class="question or-branch pre-init or-appearance-list-nolabel "><fieldset><legend><span lang="bn" class="question-label active" data-itext-id="/ANCVisit3/Met/Symptoms/Position_Child_During_Delivery:label">&#x9AA;&#x9CD;&#x9B0;&#x9B8;&#x9AC;&#x9C7;&#x9B0; &#x9B8;&#x9AE;&#x9DF; &#x9AC;&#x9BE;&#x99A;&#x9CD;&#x99A;&#x9BE;&#x9B0; &#x9AE;&#x9BE;&#x9A5;&#x9BE; &#x99B;&#x9BE;&#x9DC;&#x9BE; &#x985;&#x9A8;&#x9CD;&#x9AF; &#x995;&#x9CB;&#x9A8; &#x985;&#x999;&#x9CD;&#x997; &#x9AA;&#x9CD;&#x9B0;&#x9A5;&#x9AE;&#x9C7; &#x9AC;&#x9C7;&#x9B0; &#x9B9;&#x993;&#x9DF;&#x9BE;</span><span lang="en" class="question-label " data-itext-id="/ANCVisit3/Met/Symptoms/Position_Child_During_Delivery:label">During delivery if any body part other than head comes out first</span>
                    </legend><div class="option-wrapper"><label class=""><input type="radio" name="/ANCVisit3/Met/Symptoms/Position_Child_During_Delivery" data-name="/ANCVisit3/Met/Symptoms/Position_Child_During_Delivery" value="0" data-relevant="selected( /ANCVisit3/Met/Preg_Status ,'1')" data-type-xml="select1"/><span lang="bn" class="option-label active" data-itext-id="/ANCVisit3/Met/Symptoms/Position_Child_During_Delivery/0:label">&#x9A8;&#x9BE;</span><span lang="en" class="option-label " data-itext-id="/ANCVisit3/Met/Symptoms/Position_Child_During_Delivery/0:label">No</span></label><label class=""><input type="radio" name="/ANCVisit3/Met/Symptoms/Position_Child_During_Delivery" data-name="/ANCVisit3/Met/Symptoms/Position_Child_During_Delivery" value="1" data-relevant="selected( /ANCVisit3/Met/Preg_Status ,'1')" data-type-xml="select1"/><span lang="bn" class="option-label active" data-itext-id="/ANCVisit3/Met/Symptoms/Position_Child_During_Delivery/1:label">&#x9B9;&#x9CD;&#x9AF;&#x9BE;&#x981;</span><span lang="en" class="option-label " data-itext-id="/ANCVisit3/Met/Symptoms/Position_Child_During_Delivery/1:label">Yes</span></label></div></fieldset><span class="or-constraint-msg active" lang="" data-i18n="constraint.invalid">Value not allowed</span></fieldset><fieldset class="question or-appearance-list-nolabel "><fieldset><legend><span lang="bn" class="question-label active" data-itext-id="/ANCVisit3/Met/Symptoms/Convulsions:label">&#x996;&#x9BF;&#x981;&#x99A;&#x9C1;&#x9A8;&#x9BF;</span><span lang="en" class="question-label " data-itext-id="/ANCVisit3/Met/Symptoms/Convulsions:label">Convulasions</span>
                    </legend><div class="option-wrapper"><label class=""><input type="radio" name="/ANCVisit3/Met/Symptoms/Convulsions" data-name="/ANCVisit3/Met/Symptoms/Convulsions" value="0" data-type-xml="select1"/><span lang="bn" class="option-label active" data-itext-id="/ANCVisit3/Met/Symptoms/Convulsions/0:label">&#x9A8;&#x9BE;</span><span lang="en" class="option-label " data-itext-id="/ANCVisit3/Met/Symptoms/Convulsions/0:label">No</span></label><label class=""><input type="radio" name="/ANCVisit3/Met/Symptoms/Convulsions" data-name="/ANCVisit3/Met/Symptoms/Convulsions" value="1" data-type-xml="select1"/><span lang="bn" class="option-label active" data-itext-id="/ANCVisit3/Met/Symptoms/Convulsions/1:label">&#x9B9;&#x9CD;&#x9AF;&#x9BE;&#x981;</span><span lang="en" class="option-label " data-itext-id="/ANCVisit3/Met/Symptoms/Convulsions/1:label">Yes</span></label></div></fieldset><span class="or-constraint-msg active" lang="" data-i18n="constraint.invalid">Value not allowed</span></fieldset>
            </section><!--end of group --><fieldset class="question simple-select "><fieldset><legend><span lang="bn" class="question-label active" data-itext-id="/ANCVisit3/Met/Is_Critical:label">&#x9AE;&#x9BE;&#x9DF;&#x9C7;&#x9B0; &#x985;&#x9AC;&#x9B8;&#x9CD;&#x9A5;&#x9BE; &#x995;&#x9BF; &#x99D;&#x9C1;&#x981;&#x995;&#x9BF;&#x9AA;&#x9C2;&#x9B0;&#x9CD;&#x9A3;/&#x99C;&#x99F;&#x9BF;&#x9B2;?</span><span lang="en" class="question-label " data-itext-id="/ANCVisit3/Met/Is_Critical:label">Is the mother's condition risky/critical?</span><span class="required">*</span>
                    </legend><div class="option-wrapper"><label class=""><input type="radio" name="/ANCVisit3/Met/Is_Critical" data-name="/ANCVisit3/Met/Is_Critical" value="0" required="required" data-type-xml="select1"/><span lang="bn" class="option-label active" data-itext-id="/ANCVisit3/Met/Is_Critical/0:label">&#x9A8;&#x9BE;</span><span lang="en" class="option-label " data-itext-id="/ANCVisit3/Met/Is_Critical/0:label">No</span></label><label class=""><input type="radio" name="/ANCVisit3/Met/Is_Critical" data-name="/ANCVisit3/Met/Is_Critical" value="1" required="required" data-type-xml="select1"/><span lang="bn" class="option-label active" data-itext-id="/ANCVisit3/Met/Is_Critical/1:label">&#x9B9;&#x9CD;&#x9AF;&#x9BE;&#x981;</span><span lang="en" class="option-label " data-itext-id="/ANCVisit3/Met/Is_Critical/1:label">Yes</span></label></div></fieldset><span class="or-constraint-msg active" lang="" data-i18n="constraint.invalid">Value not allowed</span><span class="or-required-msg active" lang="" data-i18n="constraint.required">This field is required</span></fieldset><fieldset class="question simple-select or-branch pre-init "><fieldset><legend><span lang="bn" class="question-label active" data-itext-id="/ANCVisit3/Met/Is_Reffered:label">&#x99D;&#x9C1;&#x981;&#x995;&#x9BF;&#x9AA;&#x9C2;&#x9B0;&#x9CD;&#x9A3;/&#x99C;&#x99F;&#x9BF;&#x9B2; &#x997;&#x9B0;&#x9CD;&#x9AD;&#x9AC;&#x9A4;&#x9C0; &#x9AE;&#x9BE;&#x995;&#x9C7; &#x9B0;&#x9C7;&#x9AB;&#x9BE;&#x9B0; &#x995;&#x9B0;&#x9BE; &#x9B9;&#x9DF;&#x9C7;&#x99B;&#x9C7;?</span><span lang="en" class="question-label " data-itext-id="/ANCVisit3/Met/Is_Reffered:label">Has the pregnant mother referred duringrisky/ critical condition?</span><span class="required">*</span>
                    </legend><div class="option-wrapper"><label class=""><input type="radio" name="/ANCVisit3/Met/Is_Reffered" data-name="/ANCVisit3/Met/Is_Reffered" value="0" required="required" data-relevant=" /ANCVisit3/Met/Is_Critical ='1'" data-type-xml="select1"/><span lang="bn" class="option-label active" data-itext-id="/ANCVisit3/Met/Is_Reffered/0:label">&#x9A8;&#x9BE;</span><span lang="en" class="option-label " data-itext-id="/ANCVisit3/Met/Is_Reffered/0:label">No</span></label><label class=""><input type="radio" name="/ANCVisit3/Met/Is_Reffered" data-name="/ANCVisit3/Met/Is_Reffered" value="1" required="required" data-relevant=" /ANCVisit3/Met/Is_Critical ='1'" data-type-xml="select1"/><span lang="bn" class="option-label active" data-itext-id="/ANCVisit3/Met/Is_Reffered/1:label">&#x9B9;&#x9CD;&#x9AF;&#x9BE;&#x981;</span><span lang="en" class="option-label " data-itext-id="/ANCVisit3/Met/Is_Reffered/1:label">Yes</span></label></div></fieldset><span class="or-constraint-msg active" lang="" data-i18n="constraint.invalid">Value not allowed</span><span class="or-required-msg active" lang="" data-i18n="constraint.required">This field is required</span></fieldset><fieldset class="question simple-select or-branch pre-init "><fieldset><legend><span lang="bn" class="question-label active" data-itext-id="/ANCVisit3/Met/IFA_Received:label">&#x986;&#x9DF;&#x9B0;&#x9A8; &#x993; &#x9AB;&#x9B2;&#x9BF;&#x995; &#x98F;&#x9B8;&#x9BF;&#x9A1; &#x9AC;&#x9DC;&#x9BF; &#x9AA;&#x9C7;&#x9DF;&#x9C7;&#x99B;&#x9C7;&#x9A8; &#x995;&#x9BF; &#x9A8;&#x9BE;?</span><span lang="en" class="question-label " data-itext-id="/ANCVisit3/Met/IFA_Received:label">Has she received IFA tablets?</span><span class="required">*</span>
                    </legend><div class="option-wrapper"><label class=""><input type="radio" name="/ANCVisit3/Met/IFA_Received" data-name="/ANCVisit3/Met/IFA_Received" value="0" required="required" data-relevant="not(selected( /ANCVisit3/Met/Preg_Status ,'2'))" data-type-xml="select1"/><span lang="bn" class="option-label active" data-itext-id="/ANCVisit3/Met/IFA_Received/0:label">&#x9A8;&#x9BE;</span><span lang="en" class="option-label " data-itext-id="/ANCVisit3/Met/IFA_Received/0:label">No</span></label><label class=""><input type="radio" name="/ANCVisit3/Met/IFA_Received" data-name="/ANCVisit3/Met/IFA_Received" value="1" required="required" data-relevant="not(selected( /ANCVisit3/Met/Preg_Status ,'2'))" data-type-xml="select1"/><span lang="bn" class="option-label active" data-itext-id="/ANCVisit3/Met/IFA_Received/1:label">&#x9B9;&#x9CD;&#x9AF;&#x9BE;&#x981;</span><span lang="en" class="option-label " data-itext-id="/ANCVisit3/Met/IFA_Received/1:label">Yes</span></label></div></fieldset><span class="or-constraint-msg active" lang="" data-i18n="constraint.invalid">Value not allowed</span><span class="or-required-msg active" lang="" data-i18n="constraint.required">This field is required</span></fieldset><fieldset class="question simple-select or-branch pre-init "><fieldset><legend><span lang="bn" class="question-label active" data-itext-id="/ANCVisit3/Met/Misoprostol_Given:label">&#x9AE;&#x9BF;&#x9B8;&#x9CB;&#x9AA;&#x9CD;&#x9B0;&#x9CB;&#x9B8;&#x9CD;&#x99F;&#x9CB;&#x9B2; &#x9AC;&#x9DC;&#x9BF; &#x9A6;&#x9BF;&#x9DF;&#x9C7;&#x99B;&#x9C7;&#x9A8; &#x995;&#x9BF; &#x9A8;&#x9BE;?</span><span lang="en" class="question-label " data-itext-id="/ANCVisit3/Met/Misoprostol_Given:label">Have you gave misoprostol tablets?</span><span class="required">*</span>
                    </legend><div class="option-wrapper"><label class=""><input type="radio" name="/ANCVisit3/Met/Misoprostol_Given" data-name="/ANCVisit3/Met/Misoprostol_Given" value="0" required="required" data-relevant="not(selected( /ANCVisit3/Met/Preg_Status ,'2'))" data-type-xml="select1"/><span lang="bn" class="option-label active" data-itext-id="/ANCVisit3/Met/Misoprostol_Given/0:label">&#x9A8;&#x9BE;</span><span lang="en" class="option-label " data-itext-id="/ANCVisit3/Met/Misoprostol_Given/0:label">No</span></label><label class=""><input type="radio" name="/ANCVisit3/Met/Misoprostol_Given" data-name="/ANCVisit3/Met/Misoprostol_Given" value="1" required="required" data-relevant="not(selected( /ANCVisit3/Met/Preg_Status ,'2'))" data-type-xml="select1"/><span lang="bn" class="option-label active" data-itext-id="/ANCVisit3/Met/Misoprostol_Given/1:label">&#x9B9;&#x9CD;&#x9AF;&#x9BE;&#x981;</span><span lang="en" class="option-label " data-itext-id="/ANCVisit3/Met/Misoprostol_Given/1:label">Yes</span></label></div></fieldset><span class="or-constraint-msg active" lang="" data-i18n="constraint.invalid">Value not allowed</span><span class="or-required-msg active" lang="" data-i18n="constraint.required">This field is required</span></fieldset><fieldset class="question simple-select or-branch pre-init "><fieldset><legend><span lang="bn" class="question-label active" data-itext-id="/ANCVisit3/Met/Misoprostol_Received:label">&#x9AE;&#x9BF;&#x9B8;&#x9CB;&#x9AA;&#x9CD;&#x9B0;&#x9CB;&#x9B8;&#x9CD;&#x99F;&#x9CB;&#x9B2; &#x9AC;&#x9DC;&#x9BF; &#x9AA;&#x9C7;&#x9DF;&#x9C7;&#x99B;&#x9C7;&#x9A8; &#x995;&#x9BF; &#x9A8;&#x9BE;?</span><span lang="en" class="question-label " data-itext-id="/ANCVisit3/Met/Misoprostol_Received:label">Has she received misoprostol tablets?</span><span class="required">*</span>
                    </legend><div class="option-wrapper"><label class=""><input type="radio" name="/ANCVisit3/Met/Misoprostol_Received" data-name="/ANCVisit3/Met/Misoprostol_Received" value="0" required="required" data-relevant=" /ANCVisit3/Met/Misoprostol_Given ='0'" data-type-xml="select1"/><span lang="bn" class="option-label active" data-itext-id="/ANCVisit3/Met/Misoprostol_Received/0:label">&#x9A8;&#x9BE;</span><span lang="en" class="option-label " data-itext-id="/ANCVisit3/Met/Misoprostol_Received/0:label">No</span></label><label class=""><input type="radio" name="/ANCVisit3/Met/Misoprostol_Received" data-name="/ANCVisit3/Met/Misoprostol_Received" value="1" required="required" data-relevant=" /ANCVisit3/Met/Misoprostol_Given ='0'" data-type-xml="select1"/><span lang="bn" class="option-label active" data-itext-id="/ANCVisit3/Met/Misoprostol_Received/1:label">&#x9B9;&#x9CD;&#x9AF;&#x9BE;&#x981;</span><span lang="en" class="option-label " data-itext-id="/ANCVisit3/Met/Misoprostol_Received/1:label">Yes</span></label></div></fieldset><span class="or-constraint-msg active" lang="" data-i18n="constraint.invalid">Value not allowed</span><span class="or-required-msg active" lang="" data-i18n="constraint.required">This field is required</span></fieldset><label class="question or-branch pre-init non-select "><span lang="bn" class="question-label active" data-itext-id="/ANCVisit3/Met/Count_Misorpostol:label">&#x9AE;&#x9BF;&#x9B8;&#x9CB;&#x9AA;&#x9CD;&#x9B0;&#x9CB;&#x9B8;&#x9CD;&#x99F;&#x9CB;&#x9B2; &#x997;&#x9A8;&#x9A8;&#x9BE;</span><span lang="en" class="question-label " data-itext-id="/ANCVisit3/Met/Count_Misorpostol:label">Count misoprostol</span><span class="required">*</span><input type="number" name="/ANCVisit3/Met/Count_Misorpostol" required="required" data-relevant=" /ANCVisit3/Met/Misoprostol_Given ='1' or  /ANCVisit3/Met/Misoprostol_Received ='1'" data-type-xml="int"/><span class="or-constraint-msg active" lang="" data-i18n="constraint.invalid">Value not allowed</span><span class="or-required-msg active" lang="" data-i18n="constraint.required">This field is required</span></label>
            </section><!--end of group -->
  
<fieldset id="or-preload-items" style="display:none;"><label class="calculation non-select "><input type="hidden" name="/ANCVisit3/today" data-preload="date" data-preload-params="today" data-type-xml="date"/></label><label class="calculation non-select "><input type="hidden" name="/ANCVisit3/start" data-preload="timestamp" data-preload-params="start" data-type-xml="dateTime"/></label><label class="calculation non-select "><input type="hidden" name="/ANCVisit3/end" data-preload="timestamp" data-preload-params="end" data-type-xml="dateTime"/></label></fieldset><fieldset id="or-calculated-items" style="display:none;"><label class="calculation non-select "><input type="hidden" name="/ANCVisit3/Met/ANC3_Due_Date" data-calculate="format-date(date( /ANCVisit3/existing_LMP +224), '%Y-%m-%d')" data-type-xml="string"/></label><label class="calculation non-select "><input type="hidden" name="/ANCVisit3/Met/Is_On_Time" data-calculate="if(( /ANCVisit3/Met/Visit_Date &lt;= /ANCVisit3/Met/ANC3_Due_Date ),'1','0')" data-type-xml="string"/></label><label class="calculation non-select "><input type="hidden" name="/ANCVisit3/Met/ANC3_Post_Due_Date" data-calculate="format-date(date( /ANCVisit3/existing_LMP +251), '%Y-%m-%d')" data-type-xml="string"/></label><label class="calculation non-select "><input type="hidden" name="/ANCVisit3/Met/Is_Post_Due" data-calculate="if(( /ANCVisit3/Met/Visit_Date &lt;= /ANCVisit3/Met/ANC3_Post_Due_Date ) and ( /ANCVisit3/Met/Visit_Date &gt; /ANCVisit3/Met/ANC3_Due_Date ) ,'1','0')" data-type-xml="string"/></label><label class="calculation non-select "><input type="hidden" name="/ANCVisit3/Met/ANC3_Expired_Date" data-calculate="format-date(date( /ANCVisit3/existing_LMP +252), '%Y-%m-%d')" data-type-xml="string"/></label><label class="calculation non-select "><input type="hidden" name="/ANCVisit3/Met/Is_Expired" data-calculate="if(( /ANCVisit3/Met/Visit_Date &gt;= /ANCVisit3/Met/ANC3_Expired_Date ) ,'1','0')" data-type-xml="string"/></label><label class="calculation non-select "><input type="hidden" name="/ANCVisit3/Not_Eligible" data-calculate="if( /ANCVisit3/Visit_Status  = '3' or  /ANCVisit3/Visit_Status  = '4', '1', '0')" data-type-xml="string"/></label><label class="calculation non-select "><input type="hidden" name="/ANCVisit3/ELCO" data-calculate=" /ANCVisit3/existing_ELCO  -  /ANCVisit3/Not_Eligible " data-type-xml="string"/></label><label class="calculation non-select "><input type="hidden" name="/ANCVisit3/meta/instanceID" data-calculate="concat('uuid:', uuid())" data-type-xml="string"/></label><label class="calculation non-select "><input type="hidden" name="/ANCVisit3/formhub/uuid" data-calculate="'759a15abe3d741e1883779e75b54c691'" data-type-xml="string"/></label></fieldset></form><xsltmessages><message level="0">XML to HTML transformation for form took 0.04 seconds</message></xsltmessages><jrvalidationmessages><message level="1">This validation is yet not functional.</message></jrvalidationmessages><xmlerrors/><xslformerrors/><xsldataerrors/></root>
