<model>
    <instance>
        <Child_Vaccination_Followup encounter_type="Child Vaccination Followup" id="child_vaccination_followup" version="201610091245">
            <formhub>
                <uuid/>
            </formhub>
            <existing_first_name/>
            <existing_mother_name/>
            <existing_gender/>
            <existing_birth_date/>
            <existing_client_reg_date/>
            <existing_location openmrs_entity="encounter" openmrs_entity_id="location_id"/>
            <existing_Country/>
            <existing_Division/>
            <existing_District/>
            <existing_Upazilla/>
            <existing_Paurasava/>
            <existing_Union/>
            <existing_Ward/>
            <existing_Block/>
            <existing_HIE_facilities/>
            <existing_Address_line/>
            <existing_GPS/>
            <existing_epi_card_number/>
            <existing_child_was_suffering_from_a_disease_at_birth/>
            <existing_contact_phone_number/>
            <e_bcg/>
            <e_opv0/>
            <e_penta2/>
            <e_penta1/>
            <e_penta3/>
            <e_opv1/>
            <e_opv2/>
            <e_opv3/>
            <e_pcv1/>
            <e_pcv2/>
            <e_pcv3/>
            <e_ipv/>
            <e_measles1/>
            <e_measles2/>
            <provider_id/>
            <provider_location_id/>
            <provider_location_name/>
            <provider_location_note/>
            <start openmrs_entity="encounter" openmrs_entity_id="encounter_start"/>
            <end openmrs_entity="Concept" openmrs_entity_id="cdec172a-9535-4d21-98a5-72a668b9b22c"/>
            <today openmrs_entity="Concept" openmrs_entity_id="98240c65-7f4e-4099-b4ac-d63e68fd955d"/>
            <client_reg_date openmrs_entity="Concept" openmrs_entity_id="a56af3d8-eb0b-46a0-9a03-504d22fb613d"/>
            <epi_card_number_note openmrs_entity="person_attribute" openmrs_entity_id="EPI Card Number"/>
            <first_name_note openmrs_entity="person" openmrs_entity_id="first_name"/>
            <child_age openmrs_entity="Concept" openmrs_entity_id="a04427c9-c616-48c9-8588-5bb96173f56a"/>
            <calc_dob_note openmrs_entity="person" openmrs_entity_id="birthdate"/>
            <gender_note openmrs_entity="person" openmrs_entity_id="gender"/>
            <mother_name_note openmrs_entity="person_attribute" openmrs_entity_id="motherName"/>
            <address/>
            <address_change/>
            <address1 openmrs_entity="person_address" openmrs_entity_id="address1" openmrs_entity_parent="person_address"/>
            <landmark/>
            <center_gps openmrs_entity="person_address" openmrs_entity_id="geopoint" openmrs_entity_parent="person_address"/>
            <child_was_suffering_from_a_disease_at_birth_note openmrs_entity="concept" openmrs_entity_id="081061f8-c5c1-48a7-93f2-88b61a560529"/>
            <side_effects/>
            <contact_phone_number openmrs_entity="person_attribute" openmrs_entity_id="phoneNumber"/>
            <bcg_note/>
            <opv0_note/>
            <opv1_note/>
            <pcv1_note/>
            <penta1_note/>
            <opv2_note/>
            <pcv2_note/>
            <penta2_note/>
            <opv3_note/>
            <pcv3_note/>
            <penta3_note/>
            <ipv_note/>
            <measles1_note/>
            <measles2_note/>
            <vaccines openmrs_entity="concept" openmrs_entity_id="54621f39-885f-11e5-ade6-005056b07f03" openmrs_entity_parent="4c0d9630-c489-4c80-9030-af86aa834598"/>
            <vaccines_group>
                <bcg_retro openmrs_entity="concept" openmrs_entity_id="5463239a-885f-11e5-ade6-005056b07f03" openmrs_entity_parent="4dde7c2a-8a6b-4f7a-a20e-c20df50747ca"/>
                <opv0_retro openmrs_entity="concept" openmrs_entity_id="5463239a-885f-11e5-ade6-005056b07f03" openmrs_entity_parent="804e09d5-01ce-471b-a69e-76442e32e96a"/>
                <opv0_dose openmrs_entity="concept" openmrs_entity_id="54644d41-885f-11e5-ade6-005056b07f03" openmrs_entity_parent="804e09d5-01ce-471b-a69e-76442e32e96a"/>
                <pcv1_retro openmrs_entity="concept" openmrs_entity_id="5463239a-885f-11e5-ade6-005056b07f03" openmrs_entity_parent="5a1a88b1-e757-48a2-9dd1-fac09fe492e8"/>
                <pcv1_dose openmrs_entity="concept" openmrs_entity_id="54644d41-885f-11e5-ade6-005056b07f03" openmrs_entity_parent="5a1a88b1-e757-48a2-9dd1-fac09fe492e8"/>
                <opv1_retro openmrs_entity="concept" openmrs_entity_id="5463239a-885f-11e5-ade6-005056b07f03" openmrs_entity_parent="804e09d5-01ce-471b-a69e-76442e32e96a"/>
                <opv1_dose openmrs_entity="concept" openmrs_entity_id="54644d41-885f-11e5-ade6-005056b07f03" openmrs_entity_parent="804e09d5-01ce-471b-a69e-76442e32e96a"/>
                <penta1_retro openmrs_entity="concept" openmrs_entity_id="5463239a-885f-11e5-ade6-005056b07f03" openmrs_entity_parent="14bbb764-4450-4708-b85e-61a7a2415103"/>
                <penta1_dose openmrs_entity="concept" openmrs_entity_id="54644d41-885f-11e5-ade6-005056b07f03" openmrs_entity_parent="14bbb764-4450-4708-b85e-61a7a2415103"/>
                <pcv2_retro openmrs_entity="concept" openmrs_entity_id="5463239a-885f-11e5-ade6-005056b07f03" openmrs_entity_parent="5a1a88b1-e757-48a2-9dd1-fac09fe492e8"/>
                <pcv2_dose openmrs_entity="concept" openmrs_entity_id="54644d41-885f-11e5-ade6-005056b07f03" openmrs_entity_parent="5a1a88b1-e757-48a2-9dd1-fac09fe492e8"/>
                <opv2_retro openmrs_entity="concept" openmrs_entity_id="5463239a-885f-11e5-ade6-005056b07f03" openmrs_entity_parent="804e09d5-01ce-471b-a69e-76442e32e96a"/>
                <opv2_dose openmrs_entity="concept" openmrs_entity_id="54644d41-885f-11e5-ade6-005056b07f03" openmrs_entity_parent="804e09d5-01ce-471b-a69e-76442e32e96a"/>
                <penta2_retro openmrs_entity="concept" openmrs_entity_id="5463239a-885f-11e5-ade6-005056b07f03" openmrs_entity_parent="14bbb764-4450-4708-b85e-61a7a2415103"/>
                <penta2_dose openmrs_entity="concept" openmrs_entity_id="54644d41-885f-11e5-ade6-005056b07f03" openmrs_entity_parent="14bbb764-4450-4708-b85e-61a7a2415103"/>
                <pcv3_retro openmrs_entity="concept" openmrs_entity_id="5463239a-885f-11e5-ade6-005056b07f03" openmrs_entity_parent="5a1a88b1-e757-48a2-9dd1-fac09fe492e8"/>
                <pcv3_dose openmrs_entity="concept" openmrs_entity_id="54644d41-885f-11e5-ade6-005056b07f03" openmrs_entity_parent="5a1a88b1-e757-48a2-9dd1-fac09fe492e8"/>
                <opv3_retro openmrs_entity="concept" openmrs_entity_id="5463239a-885f-11e5-ade6-005056b07f03" openmrs_entity_parent="804e09d5-01ce-471b-a69e-76442e32e96a"/>
                <opv3_dose openmrs_entity="concept" openmrs_entity_id="54644d41-885f-11e5-ade6-005056b07f03" openmrs_entity_parent="804e09d5-01ce-471b-a69e-76442e32e96a"/>
                <penta3_retro openmrs_entity="concept" openmrs_entity_id="5463239a-885f-11e5-ade6-005056b07f03" openmrs_entity_parent="14bbb764-4450-4708-b85e-61a7a2415103"/>
                <penta3_dose openmrs_entity="concept" openmrs_entity_id="54644d41-885f-11e5-ade6-005056b07f03" openmrs_entity_parent="14bbb764-4450-4708-b85e-61a7a2415103"/>
                <ipv_retro openmrs_entity="concept" openmrs_entity_id="5463239a-885f-11e5-ade6-005056b07f03" openmrs_entity_parent="23adb3a3-956f-44f5-bae5-de9b1f08f92a"/>
                <measles1_retro openmrs_entity="concept" openmrs_entity_id="5463239a-885f-11e5-ade6-005056b07f03" openmrs_entity_parent="509c8c4e-af86-47dc-87f8-72aac76d29bf"/>
                <measles1_dose openmrs_entity="concept" openmrs_entity_id="54644d41-885f-11e5-ade6-005056b07f03" openmrs_entity_parent="509c8c4e-af86-47dc-87f8-72aac76d29bf"/>
                <measles2_retro openmrs_entity="concept" openmrs_entity_id="5463239a-885f-11e5-ade6-005056b07f03" openmrs_entity_parent="509c8c4e-af86-47dc-87f8-72aac76d29bf"/>
                <measles2_dose openmrs_entity="concept" openmrs_entity_id="54644d41-885f-11e5-ade6-005056b07f03" openmrs_entity_parent="509c8c4e-af86-47dc-87f8-72aac76d29bf"/>
            </vaccines_group>
            <vaccines_2 openmrs_entity="concept" openmrs_entity_id="54621f39-885f-11e5-ade6-005056b07f03" openmrs_entity_parent="d74f7428-63ec-4d5e-9124-3992e2877df6"/>
            <bcg openmrs_entity="concept" openmrs_entity_id="5463239a-885f-11e5-ade6-005056b07f03" openmrs_entity_parent="4dde7c2a-8a6b-4f7a-a20e-c20df50747ca"/>
            <opv0 openmrs_entity="concept" openmrs_entity_id="5463239a-885f-11e5-ade6-005056b07f03" openmrs_entity_parent="804e09d5-01ce-471b-a69e-76442e32e96a"/>
            <opv0_dose_today openmrs_entity="concept" openmrs_entity_id="54644d41-885f-11e5-ade6-005056b07f03" openmrs_entity_parent="804e09d5-01ce-471b-a69e-76442e32e96a"/>
            <pcv1 openmrs_entity="concept" openmrs_entity_id="5463239a-885f-11e5-ade6-005056b07f03" openmrs_entity_parent="5a1a88b1-e757-48a2-9dd1-fac09fe492e8"/>
            <pcv1_dose_today openmrs_entity="concept" openmrs_entity_id="54644d41-885f-11e5-ade6-005056b07f03" openmrs_entity_parent="5a1a88b1-e757-48a2-9dd1-fac09fe492e8"/>
            <opv1 openmrs_entity="concept" openmrs_entity_id="5463239a-885f-11e5-ade6-005056b07f03" openmrs_entity_parent="804e09d5-01ce-471b-a69e-76442e32e96a"/>
            <opv1_dose_today openmrs_entity="concept" openmrs_entity_id="54644d41-885f-11e5-ade6-005056b07f03" openmrs_entity_parent="804e09d5-01ce-471b-a69e-76442e32e96a"/>
            <penta1 openmrs_entity="concept" openmrs_entity_id="5463239a-885f-11e5-ade6-005056b07f03" openmrs_entity_parent="14bbb764-4450-4708-b85e-61a7a2415103"/>
            <penta1_dose_today openmrs_entity="concept" openmrs_entity_id="54644d41-885f-11e5-ade6-005056b07f03" openmrs_entity_parent="14bbb764-4450-4708-b85e-61a7a2415103"/>
            <pcv2 openmrs_entity="concept" openmrs_entity_id="5463239a-885f-11e5-ade6-005056b07f03" openmrs_entity_parent="5a1a88b1-e757-48a2-9dd1-fac09fe492e8"/>
            <pcv2_dose_today openmrs_entity="concept" openmrs_entity_id="54644d41-885f-11e5-ade6-005056b07f03" openmrs_entity_parent="5a1a88b1-e757-48a2-9dd1-fac09fe492e8"/>
            <opv2 openmrs_entity="concept" openmrs_entity_id="5463239a-885f-11e5-ade6-005056b07f03" openmrs_entity_parent="804e09d5-01ce-471b-a69e-76442e32e96a"/>
            <opv2_dose_today openmrs_entity="concept" openmrs_entity_id="54644d41-885f-11e5-ade6-005056b07f03" openmrs_entity_parent="804e09d5-01ce-471b-a69e-76442e32e96a"/>
            <penta2 openmrs_entity="concept" openmrs_entity_id="5463239a-885f-11e5-ade6-005056b07f03" openmrs_entity_parent="14bbb764-4450-4708-b85e-61a7a2415103"/>
            <penta2_dose_today openmrs_entity="concept" openmrs_entity_id="54644d41-885f-11e5-ade6-005056b07f03" openmrs_entity_parent="14bbb764-4450-4708-b85e-61a7a2415103"/>
            <pcv3 openmrs_entity="concept" openmrs_entity_id="5463239a-885f-11e5-ade6-005056b07f03" openmrs_entity_parent="5a1a88b1-e757-48a2-9dd1-fac09fe492e8"/>
            <pcv3_dose_today openmrs_entity="concept" openmrs_entity_id="54644d41-885f-11e5-ade6-005056b07f03" openmrs_entity_parent="5a1a88b1-e757-48a2-9dd1-fac09fe492e8"/>
            <opv3 openmrs_entity="concept" openmrs_entity_id="5463239a-885f-11e5-ade6-005056b07f03" openmrs_entity_parent="804e09d5-01ce-471b-a69e-76442e32e96a"/>
            <opv3_dose_today openmrs_entity="concept" openmrs_entity_id="54644d41-885f-11e5-ade6-005056b07f03" openmrs_entity_parent="804e09d5-01ce-471b-a69e-76442e32e96a"/>
            <penta3 openmrs_entity="concept" openmrs_entity_id="5463239a-885f-11e5-ade6-005056b07f03" openmrs_entity_parent="14bbb764-4450-4708-b85e-61a7a2415103"/>
            <penta3_dose_today openmrs_entity="concept" openmrs_entity_id="54644d41-885f-11e5-ade6-005056b07f03" openmrs_entity_parent="14bbb764-4450-4708-b85e-61a7a2415103"/>
            <ipv openmrs_entity="concept" openmrs_entity_id="5463239a-885f-11e5-ade6-005056b07f03" openmrs_entity_parent="23adb3a3-956f-44f5-bae5-de9b1f08f92a"/>
            <measles1 openmrs_entity="concept" openmrs_entity_id="5463239a-885f-11e5-ade6-005056b07f03" openmrs_entity_parent="509c8c4e-af86-47dc-87f8-72aac76d29bf"/>
            <measles1_dose_today openmrs_entity="concept" openmrs_entity_id="54644d41-885f-11e5-ade6-005056b07f03" openmrs_entity_parent="509c8c4e-af86-47dc-87f8-72aac76d29bf"/>
            <measles2 openmrs_entity="concept" openmrs_entity_id="5463239a-885f-11e5-ade6-005056b07f03" openmrs_entity_parent="509c8c4e-af86-47dc-87f8-72aac76d29bf"/>
            <measles2_dose_today openmrs_entity="concept" openmrs_entity_id="54644d41-885f-11e5-ade6-005056b07f03" openmrs_entity_parent="509c8c4e-af86-47dc-87f8-72aac76d29bf"/>
            <final_bcg/>
            <final_opv0/>
            <final_pcv1/>
            <final_opv1/>
            <final_penta1/>
            <final_pcv2/>
            <final_opv2/>
            <final_penta2/>
            <final_pcv3/>
            <final_opv3/>
            <final_penta3/>
            <final_ipv/>
            <final_measles1/>
            <final_measles2/>
            <meta>
                <instanceID/>
            </meta>
        </Child_Vaccination_Followup>
    </instance>
    <instance id="gender">
        <root>
            <item>
                <itextId>static_instance-gender-0</itextId>
                <name>1</name>
            </item>
            <item>
                <itextId>static_instance-gender-1</itextId>
                <name>2</name>
            </item>
        </root>
    </instance>
    <instance id="child_vaccines">
        <root>
            <item>
                <itextId>static_instance-child_vaccines-0</itextId>
                <name>bcg</name>
            </item>
            <item>
                <itextId>static_instance-child_vaccines-1</itextId>
                <name>opv0</name>
            </item>
            <item>
                <itextId>static_instance-child_vaccines-2</itextId>
                <name>pcv1</name>
            </item>
            <item>
                <itextId>static_instance-child_vaccines-3</itextId>
                <name>opv1</name>
            </item>
            <item>
                <itextId>static_instance-child_vaccines-4</itextId>
                <name>penta1</name>
            </item>
            <item>
                <itextId>static_instance-child_vaccines-5</itextId>
                <name>pcv2</name>
            </item>
            <item>
                <itextId>static_instance-child_vaccines-6</itextId>
                <name>opv2</name>
            </item>
            <item>
                <itextId>static_instance-child_vaccines-7</itextId>
                <name>penta2</name>
            </item>
            <item>
                <itextId>static_instance-child_vaccines-8</itextId>
                <name>pcv3</name>
            </item>
            <item>
                <itextId>static_instance-child_vaccines-9</itextId>
                <name>opv3</name>
            </item>
            <item>
                <itextId>static_instance-child_vaccines-10</itextId>
                <name>penta3</name>
            </item>
            <item>
                <itextId>static_instance-child_vaccines-11</itextId>
                <name>ipv</name>
            </item>
            <item>
                <itextId>static_instance-child_vaccines-12</itextId>
                <name>measles1</name>
            </item>
            <item>
                <itextId>static_instance-child_vaccines-13</itextId>
                <name>measles2</name>
            </item>
        </root>
    </instance>
    <instance id="yes_no">
        <root>
            <item>
                <itextId>static_instance-yes_no-0</itextId>
                <name>yes</name>
            </item>
            <item>
                <itextId>static_instance-yes_no-1</itextId>
                <name>no</name>
            </item>
        </root>
    </instance>
</model>