<?xml version="1.0"?>
<root><form autocomplete="off" novalidate="novalidate" class="or clearfix" dir="ltr" id="PregnancyStatusAndBirthNotificationFollowup">
<!--This form was created by transforming a OpenRosa-flavored (X)Form using an XSLT sheet created by Enketo LLC.--><section class="form-logo"> </section><h3 id="form-title">&#x997;&#x9B0;&#x9CD;&#x9AD;&#x9BE;&#x9AC;&#x9B8;&#x9CD;&#x9A5;&#x9BE; &#x98F;&#x9AC;&#x982; &#x9AC;&#x9BE;&#x9B0;&#x9CD;&#x9A5; &#x9A8;&#x9CB;&#x99F;&#x9BF;&#x9AB;&#x9BF;&#x995;&#x9CD;&#x9AF;&#x9BE;&#x9B6;&#x9A8; &#x9AB;&#x9B2;&#x9CB;&#x986;&#x9AA; &#x9AB;&#x9B0;&#x9CD;&#x9AE;</h3><select id="form-languages" data-default-lang="bn"><option value="bn">Bengali</option> <option value="en">English</option> </select>
  
  
    <label class="question non-select "><span lang="bn" class="question-label active" data-itext-id="/PregnancyStatusAndBirthNotificationFollowup/Date_of_interview:label">&#x9B8;&#x9BE;&#x995;&#x9CD;&#x9B7;&#x9BE;&#x9A4;&#x995;&#x9BE;&#x9B0;&#x9C7;&#x9B0; &#x9A4;&#x9BE;&#x9B0;&#x9BF;&#x996;</span><span lang="en" class="question-label " data-itext-id="/PregnancyStatusAndBirthNotificationFollowup/Date_of_interview:label">Date of Interview</span><span class="required">*</span><span lang="bn" class="or-hint active" data-itext-id="/PregnancyStatusAndBirthNotificationFollowup/Date_of_interview:hint">&#x986;&#x99C;&#x995;&#x9C7;&#x9B0; &#x9A4;&#x9BE;&#x9B0;&#x9BF;&#x996; &#x9A6;&#x9BF;&#x9A8;</span><span lang="en" class="or-hint " data-itext-id="/PregnancyStatusAndBirthNotificationFollowup/Date_of_interview:hint">Please Confirm Today&#x2019;s date is correct</span><input type="date" name="/PregnancyStatusAndBirthNotificationFollowup/Date_of_interview" required="required" data-constraint=".&lt;= /PregnancyStatusAndBirthNotificationFollowup/today " data-type-xml="date"/><span class="or-constraint-msg active" lang="" data-i18n="constraint.invalid">Value not allowed</span><span class="or-required-msg active" lang="" data-i18n="constraint.required">This field is required</span></label>
    <label class="note non-select "><span lang="bn" class="question-label active" data-itext-id="/PregnancyStatusAndBirthNotificationFollowup/Confirm_info:label">&#x9AE;&#x9B9;&#x9BF;&#x9B2;&#x9BE;&#x9B0; &#x9A8;&#x9BE;&#x9AE;, &#x9B8;&#x9CD;&#x9AC;&#x9BE;&#x9AE;&#x9C0;&#x9B0; &#x9A8;&#x9BE;&#x9AE;, &#x9AC;&#x9CD;&#x9B2;&#x995; &#x9A8;&#x9AE;&#x9CD;&#x9A8;&#x9B0; &#x9B8;&#x9A0;&#x9BF;&#x995; &#x995;&#x9BF;&#x9A8;&#x9BE; &#x9A4;&#x9BE; &#x9A8;&#x9BF;&#x9B6;&#x9CD;&#x99A;&#x9BF;&#x9A4; &#x995;&#x9B0;&#x9C1;&#x9A8; - 
&#x9AE;&#x9B9;&#x9BF;&#x9B2;&#x9BE;&#x9B0; &#x9A8;&#x9BE;&#x9AE;: <span class="or-output" data-value=" /PregnancyStatusAndBirthNotificationFollowup/existing_woman_name ">
            </span>
&#x9B8;&#x9CD;&#x9AC;&#x9BE;&#x9AE;&#x9C0;&#x9B0; &#x9A8;&#x9BE;&#x9AE;: <span class="or-output" data-value=" /PregnancyStatusAndBirthNotificationFollowup/existing_husband_name ">
            </span>
&#x9AC;&#x9CD;&#x9B2;&#x995; &#x9A8;&#x9AE;&#x9CD;&#x9A8;&#x9B0;: <span class="or-output" data-value=" /PregnancyStatusAndBirthNotificationFollowup/existing_block_no ">
            </span></span><span lang="en" class="question-label " data-itext-id="/PregnancyStatusAndBirthNotificationFollowup/Confirm_info:label">Confirm woman&#x2019;s name,husband's name and Block no. are correct:

Woman's Name: <span class="or-output" data-value=" /PregnancyStatusAndBirthNotificationFollowup/existing_woman_name ">
            </span>
Husband's Name: <span class="or-output" data-value=" /PregnancyStatusAndBirthNotificationFollowup/existing_husband_name ">
            </span>
Block No: <span class="or-output" data-value=" /PregnancyStatusAndBirthNotificationFollowup/existing_block_no ">
            </span></span><input type="text" name="/PregnancyStatusAndBirthNotificationFollowup/Confirm_info" data-type-xml="string" readonly="readonly"/></label>
    <fieldset class="question simple-select "><fieldset><legend><span lang="bn" class="question-label active" data-itext-id="/PregnancyStatusAndBirthNotificationFollowup/Visit_status:label">&#x9AD;&#x9BF;&#x99C;&#x9BF;&#x99F; &#x9B8;&#x9CD;&#x99F;&#x9CD;&#x9AF;&#x9BE;&#x99F;&#x9BE;&#x9B8;</span><span lang="en" class="question-label " data-itext-id="/PregnancyStatusAndBirthNotificationFollowup/Visit_status:label">Visit Status</span><span class="required">*</span>
                    </legend><div class="option-wrapper"><label class=""><input type="radio" name="/PregnancyStatusAndBirthNotificationFollowup/Visit_status" data-name="/PregnancyStatusAndBirthNotificationFollowup/Visit_status" value="0" required="required" data-type-xml="select1"/><span lang="bn" class="option-label active" data-itext-id="/PregnancyStatusAndBirthNotificationFollowup/Visit_status/0:label">&#x9AE;&#x9B9;&#x9BF;&#x9B2;&#x9BE; &#x997;&#x9B0;&#x9CD;&#x9AD;&#x9AC;&#x9A4;&#x9C0; &#x9A8;&#x9DF;</span><span lang="en" class="option-label " data-itext-id="/PregnancyStatusAndBirthNotificationFollowup/Visit_status/0:label">Woman is not pregnant</span></label><label class=""><input type="radio" name="/PregnancyStatusAndBirthNotificationFollowup/Visit_status" data-name="/PregnancyStatusAndBirthNotificationFollowup/Visit_status" value="1" required="required" data-type-xml="select1"/><span lang="bn" class="option-label active" data-itext-id="/PregnancyStatusAndBirthNotificationFollowup/Visit_status/1:label">&#x9AE;&#x9B9;&#x9BF;&#x9B2;&#x9BE; &#x997;&#x9B0;&#x9CD;&#x9AD;&#x9AC;&#x9A4;&#x9C0;</span><span lang="en" class="option-label " data-itext-id="/PregnancyStatusAndBirthNotificationFollowup/Visit_status/1:label">Woman is pregnant</span></label><label class=""><input type="radio" name="/PregnancyStatusAndBirthNotificationFollowup/Visit_status" data-name="/PregnancyStatusAndBirthNotificationFollowup/Visit_status" value="3" required="required" data-type-xml="select1"/><span lang="bn" class="option-label active" data-itext-id="/PregnancyStatusAndBirthNotificationFollowup/Visit_status/3:label">&#x99C;&#x9C0;&#x9AC;&#x9BF;&#x9A4; &#x9AC;&#x9BE;&#x99A;&#x9CD;&#x99A;&#x9BE; &#x99C;&#x9A8;&#x9CD;&#x9AE; &#x9A6;&#x9BF;&#x9DF;&#x9C7;&#x99B;&#x9C7;&#x9A8;</span><span lang="en" class="option-label " data-itext-id="/PregnancyStatusAndBirthNotificationFollowup/Visit_status/3:label">Woman had live birth</span></label><label class=""><input type="radio" name="/PregnancyStatusAndBirthNotificationFollowup/Visit_status" data-name="/PregnancyStatusAndBirthNotificationFollowup/Visit_status" value="4" required="required" data-type-xml="select1"/><span lang="bn" class="option-label active" data-itext-id="/PregnancyStatusAndBirthNotificationFollowup/Visit_status/4:label">&#x997;&#x9B0;&#x9CD;&#x9AD;&#x9A8;&#x9B7;&#x9CD;&#x99F; &#x9B9;&#x9DF;&#x9C7;&#x99B;&#x9C7; / &#x9AE;&#x9C3;&#x9A4;&#x9AC;&#x9BE;&#x99A;&#x9CD;&#x99A;&#x9BE; &#x9AA;&#x9CD;&#x9B0;&#x9B8;&#x9AC; &#x9B9;&#x9DF;&#x9C7;&#x99B;&#x9C7;</span><span lang="en" class="option-label " data-itext-id="/PregnancyStatusAndBirthNotificationFollowup/Visit_status/4:label">Miscarriage/Stillbirth</span></label><label class=""><input type="radio" name="/PregnancyStatusAndBirthNotificationFollowup/Visit_status" data-name="/PregnancyStatusAndBirthNotificationFollowup/Visit_status" value="7" required="required" data-type-xml="select1"/><span lang="bn" class="option-label active" data-itext-id="/PregnancyStatusAndBirthNotificationFollowup/Visit_status/7:label">&#x98F;&#x995;&#x9C7;&#x9AC;&#x9BE;&#x9B0;&#x9C7;&#x987; &#x98F;&#x9B2;&#x9BE;&#x995;&#x9BE;
&#x99B;&#x9C7;&#x9DC;&#x9C7; &#x99A;&#x9B2;&#x9C7; &#x997;&#x9C7;&#x99B;&#x9C7;&#x9A8;</span><span lang="en" class="option-label " data-itext-id="/PregnancyStatusAndBirthNotificationFollowup/Visit_status/7:label">Permanently moved</span></label><label class=""><input type="radio" name="/PregnancyStatusAndBirthNotificationFollowup/Visit_status" data-name="/PregnancyStatusAndBirthNotificationFollowup/Visit_status" value="9" required="required" data-type-xml="select1"/><span lang="bn" class="option-label active" data-itext-id="/PregnancyStatusAndBirthNotificationFollowup/Visit_status/9:label">&#x9AC;&#x9BE;&#x99A;&#x9CD;&#x99A;&#x9BE; &#x99C;&#x9A8;&#x9CD;&#x9AE; &#x9A6;&#x9C7;&#x993;&#x9DF;&#x9BE;&#x9B0; &#x986;&#x997;&#x9C7;&#x987; &#x9AE;&#x9B9;&#x9BF;&#x9B2;&#x9BE; &#x9AE;&#x9BE;&#x9B0;&#x9BE; &#x997;&#x9C7;&#x99B;&#x9C7;&#x9A8;</span><span lang="en" class="option-label " data-itext-id="/PregnancyStatusAndBirthNotificationFollowup/Visit_status/9:label">Woman died before birth</span></label></div></fieldset><span class="or-constraint-msg active" lang="" data-i18n="constraint.invalid">Value not allowed</span><span class="or-required-msg active" lang="" data-i18n="constraint.required">This field is required</span></fieldset>
    <label class="note or-branch pre-init non-select "><span lang="bn" class="question-label active" data-itext-id="/PregnancyStatusAndBirthNotificationFollowup/Display_text:label">&#x9AE;&#x9B9;&#x9BF;&#x9B2;&#x9BE; &#x98F;&#x9AC;&#x982; &#x9A4;&#x9BE;&#x9B0; &#x9AA;&#x9B0;&#x9BF;&#x9AC;&#x9BE;&#x9B0;&#x9C7;&#x9B0; &#x9B8;&#x9A6;&#x9B8;&#x9CD;&#x9AF;&#x9A6;&#x9C7;&#x9B0; &#x997;&#x9B0;&#x9CD;&#x9AD;&#x9C7;&#x9B0; &#x9AF;&#x9C7; &#x995;&#x9CB;&#x9A8; &#x9AB;&#x9B2;&#x9BE;&#x9AB;&#x9B2; &#x9B9;&#x993;&#x9DF;&#x9BE;&#x9B0; &#x9B8;&#x9BE;&#x9A5;&#x9C7; &#x9B8;&#x9BE;&#x9A5;&#x9C7; &#x9AC;&#x9BE; &#x9AC;&#x9BE;&#x99A;&#x9CD;&#x99A;&#x9BE; &#x99C;&#x9A8;&#x9CD;&#x9AE;&#x9BE;&#x9A8;&#x9CB;&#x9B0; &#x9B8;&#x9BE;&#x9A5;&#x9C7; &#x9B8;&#x9BE;&#x9A5;&#x9C7; &#x996;&#x9AC;&#x9B0; &#x9A6;&#x9C7;&#x9DF;&#x9BE;&#x9B0; &#x995;&#x9A5;&#x9BE; &#x9AE;&#x9A8;&#x9C7; &#x995;&#x9B0;&#x9BF;&#x9DF;&#x9C7; &#x9A6;&#x9BF;&#x9A8;&#x964; &#x9AA;&#x9BE;&#x9B6;&#x9BE;&#x9AA;&#x9BE;&#x9B6;&#x9BF; &#x9AC;&#x9BE;&#x99A;&#x9CD;&#x99A;&#x9BE; &#x98F;&#x9AC;&#x982; &#x9AE;&#x9BE;&#x9DF;&#x9C7;&#x9B0; &#x9B8;&#x9C1;&#x9B8;&#x9CD;&#x9AC;&#x9BE;&#x9B8;&#x9CD;&#x9A5;&#x9CD;&#x9AF;&#x9C7;&#x9B0; &#x99C;&#x9A8;&#x9CD;&#x9AF; &#x9AC;&#x9BE;&#x99A;&#x9CD;&#x99A;&#x9BE; &#x9B9;&#x993;&#x9DF;&#x9BE;&#x9B0; &#x9B8;&#x9BE;&#x9A5;&#x9C7;&#x9B8;&#x9BE;&#x9A5;&#x9C7;&#x987; &#x9B8;&#x9CD;&#x9AC;&#x9BE;&#x9B8;&#x9CD;&#x9A5;&#x9CD;&#x9AF;&#x995;&#x9B0;&#x9CD;&#x9AE;&#x9C0;&#x995;&#x9C7; &#x99C;&#x9BE;&#x9A8;&#x9BE;&#x9A8;&#x9CB; &#x9AF;&#x9C7; &#x995;&#x9A4;&#x99F;&#x9BE; &#x99C;&#x9B0;&#x9C1;&#x9B0;&#x9C0; &#x9A4;&#x9BE; &#x9AC;&#x9C1;&#x99D;&#x9BF;&#x9DF;&#x9C7; &#x9AC;&#x9B2;&#x9C1;&#x9A8;&#x964;</span><span lang="en" class="question-label " data-itext-id="/PregnancyStatusAndBirthNotificationFollowup/Display_text:label">Remind the woman to send a birth notification SMS immediately following the birth and emphasize the importance of immediately notifying a health worker of the birth for the health of the baby and mother.</span><input type="text" name="/PregnancyStatusAndBirthNotificationFollowup/Display_text" data-relevant="selected( /PregnancyStatusAndBirthNotificationFollowup/Visit_status , '1')" data-type-xml="string" readonly="readonly"/></label>
    <section class="or-group " name="/PregnancyStatusAndBirthNotificationFollowup/outcome_occured"><h4><span lang="bn" class="question-label active" data-itext-id="/PregnancyStatusAndBirthNotificationFollowup/outcome_occured:label">&#x9AD;&#x9BE;&#x987;&#x99F;&#x9BE;&#x9B2; &#x9B8;&#x9CD;&#x99F;&#x9CD;&#x9AF;&#x9BE;&#x99F;&#x9BE;&#x9B8; &#x986;&#x9AA;&#x9A1;&#x9C7;&#x99F;</span><span lang="en" class="question-label " data-itext-id="/PregnancyStatusAndBirthNotificationFollowup/outcome_occured:label">Vital Status Update</span></h4><fieldset class="question simple-select "><fieldset><legend><span lang="bn" class="question-label active" data-itext-id="/PregnancyStatusAndBirthNotificationFollowup/outcome_occured/Woman_vital_status:label">&#x9AE;&#x9B9;&#x9BF;&#x9B2;&#x9BE;&#x9B0; &#x9AD;&#x9BE;&#x987;&#x99F;&#x9BE;&#x9B2; &#x9B8;&#x9CD;&#x99F;&#x9CD;&#x9AF;&#x9BE;&#x99F;&#x9BE;&#x9B8;</span><span lang="en" class="question-label " data-itext-id="/PregnancyStatusAndBirthNotificationFollowup/outcome_occured/Woman_vital_status:label">Vital Status of the Woman</span><span class="required">*</span>
                    </legend><div class="option-wrapper"><label class=""><input type="radio" name="/PregnancyStatusAndBirthNotificationFollowup/outcome_occured/Woman_vital_status" data-name="/PregnancyStatusAndBirthNotificationFollowup/outcome_occured/Woman_vital_status" value="0" required="required" data-type-xml="select1"/><span lang="bn" class="option-label active" data-itext-id="/PregnancyStatusAndBirthNotificationFollowup/outcome_occured/Woman_vital_status/0:label">&#x9AE;&#x9BE;&#x9B0;&#x9BE; &#x997;&#x9C7;&#x99B;&#x9C7;</span><span lang="en" class="option-label " data-itext-id="/PregnancyStatusAndBirthNotificationFollowup/outcome_occured/Woman_vital_status/0:label">Deceased</span></label><label class=""><input type="radio" name="/PregnancyStatusAndBirthNotificationFollowup/outcome_occured/Woman_vital_status" data-name="/PregnancyStatusAndBirthNotificationFollowup/outcome_occured/Woman_vital_status" value="1" required="required" data-type-xml="select1"/><span lang="bn" class="option-label active" data-itext-id="/PregnancyStatusAndBirthNotificationFollowup/outcome_occured/Woman_vital_status/1:label">&#x9AC;&#x9C7;&#x981;&#x99A;&#x9C7; &#x986;&#x99B;&#x9C7;</span><span lang="en" class="option-label " data-itext-id="/PregnancyStatusAndBirthNotificationFollowup/outcome_occured/Woman_vital_status/1:label">Alive</span></label><label class=""><input type="radio" name="/PregnancyStatusAndBirthNotificationFollowup/outcome_occured/Woman_vital_status" data-name="/PregnancyStatusAndBirthNotificationFollowup/outcome_occured/Woman_vital_status" value="9" required="required" data-type-xml="select1"/><span lang="bn" class="option-label active" data-itext-id="/PregnancyStatusAndBirthNotificationFollowup/outcome_occured/Woman_vital_status/9:label">&#x99C;&#x9BE;&#x9A8;&#x9BF;&#x9A8;&#x9BE;</span><span lang="en" class="option-label " data-itext-id="/PregnancyStatusAndBirthNotificationFollowup/outcome_occured/Woman_vital_status/9:label">Don't know</span></label></div></fieldset><span class="or-constraint-msg active" lang="" data-i18n="constraint.invalid">Value not allowed</span><span class="or-required-msg active" lang="" data-i18n="constraint.required">This field is required</span></fieldset><label class="question non-select "><span lang="bn" class="question-label active" data-itext-id="/PregnancyStatusAndBirthNotificationFollowup/outcome_occured/DOO:label">&#x986;&#x989;&#x99F;&#x995;&#x9BE;&#x9AE;&#x9C7;&#x9B0; &#x9A4;&#x9BE;&#x9B0;&#x9BF;&#x996; &#x98F;&#x9AC;&#x982; &#x9B8;&#x9AE;&#x9AF;&#x9BC; (&#x998;&#x9A3;&#x9CD;&#x99F;&#x9BE;)</span><span lang="en" class="question-label " data-itext-id="/PregnancyStatusAndBirthNotificationFollowup/outcome_occured/DOO:label">What was the date and time of the outcome?</span><span class="required">*</span><input type="datetime" name="/PregnancyStatusAndBirthNotificationFollowup/outcome_occured/DOO" required="required" data-constraint=".&lt;= /PregnancyStatusAndBirthNotificationFollowup/start " data-type-xml="dateTime"/><span class="or-constraint-msg active" lang="" data-i18n="constraint.invalid">Value not allowed</span><span class="or-required-msg active" lang="" data-i18n="constraint.required">This field is required</span></label><label class="question non-select "><span lang="bn" class="question-label active" data-itext-id="/PregnancyStatusAndBirthNotificationFollowup/outcome_occured/Number_live_birth:label">&#x99C;&#x9C0;&#x9AC;&#x9BF;&#x9A4; &#x9AC;&#x9BE;&#x99A;&#x9CD;&#x99A;&#x9BE;&#x9B0; &#x9B8;&#x982;&#x996;&#x9CD;&#x9AF;&#x9BE;</span><span lang="en" class="question-label " data-itext-id="/PregnancyStatusAndBirthNotificationFollowup/outcome_occured/Number_live_birth:label">Number of live births</span><span class="required">*</span><input type="number" name="/PregnancyStatusAndBirthNotificationFollowup/outcome_occured/Number_live_birth" required="required" data-type-xml="int"/><span class="or-constraint-msg active" lang="" data-i18n="constraint.invalid">Value not allowed</span><span class="or-required-msg active" lang="" data-i18n="constraint.required">This field is required</span></label>
            </section><!--end of group -->
  
<fieldset id="or-preload-items" style="display:none;"><label class="calculation non-select "><input type="hidden" name="/PregnancyStatusAndBirthNotificationFollowup/today" data-preload="date" data-preload-params="today" data-type-xml="date"/></label><label class="calculation non-select "><input type="hidden" name="/PregnancyStatusAndBirthNotificationFollowup/start" data-preload="timestamp" data-preload-params="start" data-type-xml="dateTime"/></label><label class="calculation non-select "><input type="hidden" name="/PregnancyStatusAndBirthNotificationFollowup/end" data-preload="timestamp" data-preload-params="end" data-type-xml="dateTime"/></label></fieldset><fieldset id="or-calculated-items" style="display:none;"><label class="calculation non-select "><input type="hidden" name="/PregnancyStatusAndBirthNotificationFollowup/Gestational_age" data-relevant="selected( /PregnancyStatusAndBirthNotificationFollowup/Visit_status , '1')" data-calculate="round((( /PregnancyStatusAndBirthNotificationFollowup/today - /PregnancyStatusAndBirthNotificationFollowup/existing_lmp ) div 7),0)" data-type-xml="string"/></label><label class="calculation non-select "><input type="hidden" name="/PregnancyStatusAndBirthNotificationFollowup/EDD" data-relevant="selected( /PregnancyStatusAndBirthNotificationFollowup/Visit_status , '1')" data-calculate="format-date(date( /PregnancyStatusAndBirthNotificationFollowup/existing_lmp +259), '%Y-%n-%e')" data-type-xml="string"/></label><label class="calculation non-select "><input type="hidden" name="/PregnancyStatusAndBirthNotificationFollowup/meta/instanceID" data-calculate="concat('uuid:', uuid())" data-type-xml="string"/></label><label class="calculation non-select "><input type="hidden" name="/PregnancyStatusAndBirthNotificationFollowup/formhub/uuid" data-calculate="'61b50245488b43c98fa04c7b797f2334'" data-type-xml="string"/></label></fieldset></form><xsltmessages><message level="0">XML to HTML transformation for form took 0.03 seconds</message></xsltmessages><jrvalidationmessages><message level="1">This validation is yet not functional.</message></jrvalidationmessages><xmlerrors/><xslformerrors/><xsldataerrors/></root>
