{
  "form_data_definition_version": "15",
  "form": {
    "default_bind_path": "/model/instance/PregnancySurveillanceAndRegistrationForm",
    "bind_type": "elco",
    "fields": [
       {
            "name": "id",
            "shouldLoadValue": true
          },
      {
        "name": "FWWOMMAUZA_PARA",
        "bind": "/model/instance/PregnancySurveillanceAndRegistrationForm/existing_mauzapara",
        "shouldLoadValue": true
      },
      {
        "name": "GOBHHID",
        "bind": "/model/instance/PregnancySurveillanceAndRegistrationForm/existing_gobhhid",
        "shouldLoadValue": true
      },
      {
        "name": "JiVitAHHID",
        "bind": "/model/instance/PregnancySurveillanceAndRegistrationForm/existing_jivhhid",
        "shouldLoadValue": true
      },
      {
        "name": "FWWOMFNAME",
        "bind": "/model/instance/PregnancySurveillanceAndRegistrationForm/existing_first_name",
        "shouldLoadValue": true
      },
       {
        "name": "FWHUSNAME",
        "bind": "/model/instance/PregnancySurveillanceAndRegistrationForm/existing_husname",
        "shouldLoadValue": true
      },
      {
        "name": "FWWOMNID",
        "bind": "/model/instance/PregnancySurveillanceAndRegistrationForm/existing_wom_nid",
        "shouldLoadValue": true
      },
      {
        "name": "FWWOMBID",
        "bind": "/model/instance/PregnancySurveillanceAndRegistrationForm/existing_wom_bid",
        "shouldLoadValue": true
      },
      {
        "name": "FWWOMAGE",
        "bind": "/model/instance/PregnancySurveillanceAndRegistrationForm/existing_wom_age",
        "shouldLoadValue": true
      },
      {
        "name": "existing_ELCO",
        "bind": "/model/instance/PregnancySurveillanceAndRegistrationForm/existing_ELCO"
      },
      {
        "name": "existing_location",
        "bind": "/model/instance/PregnancySurveillanceAndRegistrationForm/existing_location",
        "shouldLoadValue": true
      },
      {
        "name": "today",
        "bind": "/model/instance/PregnancySurveillanceAndRegistrationForm/today"
      },
      {
        "name": "start",
        "bind": "/model/instance/PregnancySurveillanceAndRegistrationForm/start"
      },
      {
        "name": "end",
        "bind": "/model/instance/PregnancySurveillanceAndRegistrationForm/end"
      },
      {
        "name": "FWPSRDATE",
        "bind": "/model/instance/PregnancySurveillanceAndRegistrationForm/FWPSRDATE"
      },
      {
        "name": "FWCONFIRMATION",
        "bind": "/model/instance/PregnancySurveillanceAndRegistrationForm/FWCONFIRMATION"
      },
      {
        "name": "FWPSRSTS",
        "bind": "/model/instance/PregnancySurveillanceAndRegistrationForm/FWPSRSTS"
      },
      {
        "name": "psrf_schedule_logic",
        "bind": "/model/instance/PregnancySurveillanceAndRegistrationForm/psrf_schedule_logic"
      },
      {
        "name": "FWNOTELIGIBLE",
        "bind": "/model/instance/PregnancySurveillanceAndRegistrationForm/FWNOTELIGIBLE"
      },
      {
        "name": "FWELIGIBLE",
        "bind": "/model/instance/PregnancySurveillanceAndRegistrationForm/FWELIGIBLE"
      },
      {
        "name": "ELCO",
        "bind": "/model/instance/PregnancySurveillanceAndRegistrationForm/ELCO"
      },
      {
        "name": "current_formStatus",
        "bind": "/model/instance/PregnancySurveillanceAndRegistrationForm/current_formStatus"
      },
      {
        "name": "user_type",
        "bind": "/model/instance/PregnancySurveillanceAndRegistrationForm/user_type"
      },
      {
        "name": "external_user_ID",
        "bind": "/model/instance/PregnancySurveillanceAndRegistrationForm/external_user_ID"
      },
      {
        "name": "FWPSRLMP",
        "bind": "/model/instance/PregnancySurveillanceAndRegistrationForm/psrf_met/FWPSRLMP"
      },
      {
        "name": "FWPSRPREGSTS",
        "bind": "/model/instance/PregnancySurveillanceAndRegistrationForm/psrf_met/FWPSRPREGSTS"
      },
      {
        "name": "display_pregnote",
        "bind": "/model/instance/PregnancySurveillanceAndRegistrationForm/psrf_met/display_pregnote"
      },
      {
        "name": "display_notpregnote",
        "bind": "/model/instance/PregnancySurveillanceAndRegistrationForm/psrf_met/display_notpregnote"
      },
      {
        "name": "id",
        "source": "elco.mcaremother.id"
      },
      {
        "name": "mother_mauza",
        "bind": "/model/instance/PregnancySurveillanceAndRegistrationForm/psrf_met/psrf_pregnant/mother_mauza",
        "source": "elco.mcaremother.mauza"
      },
      {
        "name": "mother_gobhhid",
        "bind": "/model/instance/PregnancySurveillanceAndRegistrationForm/psrf_met/psrf_pregnant/mother_gobhhid",
        "source": "elco.mcaremother.GOBHHID"
      },
      {
        "name": "mother_jivhhid",
        "bind": "/model/instance/PregnancySurveillanceAndRegistrationForm/psrf_met/psrf_pregnant/mother_jivhhid",
        "source": "elco.mcaremother.JiVitAHHID"
      },
      {
        "name": "mother_first_name",
        "bind": "/model/instance/PregnancySurveillanceAndRegistrationForm/psrf_met/psrf_pregnant/mother_first_name",
        "source": "elco.mcaremother.FWWOMFNAME"
      },
      {
        "name": "mother_husname",
        "bind": "/model/instance/PregnancySurveillanceAndRegistrationForm/psrf_met/psrf_pregnant/mother_husname",
        "source": "elco.mcaremother.FWHUSNAME"
      },
      {
        "name": "mother_wom_nid",
        "bind": "/model/instance/PregnancySurveillanceAndRegistrationForm/psrf_met/psrf_pregnant/mother_wom_nid",
        "source": "elco.mcaremother.FWWOMNID"
      },
      {
        "name": "mother_wom_bid",
        "bind": "/model/instance/PregnancySurveillanceAndRegistrationForm/psrf_met/psrf_pregnant/mother_wom_bid",
        "source": "elco.mcaremother.FWWOMBID"
      },
      {
        "name": "mother_wom_age",
        "bind": "/model/instance/PregnancySurveillanceAndRegistrationForm/psrf_met/psrf_pregnant/mother_wom_age",
        "source": "elco.mcaremother.FWWOMAGE"
      },
      {
        "name": "mother_wom_lmp",
        "bind": "/model/instance/PregnancySurveillanceAndRegistrationForm/psrf_met/psrf_pregnant/mother_wom_lmp",
        "source": "elco.mcaremother.FWPSRLMP"
      },
      {
        "name": "mother_valid",
        "bind": "/model/instance/PregnancySurveillanceAndRegistrationForm/psrf_met/psrf_pregnant/mother_valid",
        "source": "elco.mcaremother.FWWOMVALID"
      },
      {
        "name": "FWPSRPREGWTD",
        "bind": "/model/instance/PregnancySurveillanceAndRegistrationForm/psrf_met/psrf_pregnant/FWPSRPREGWTD"
      },
      {
        "name": "FWPSRHUSPREGWTD",
        "bind": "/model/instance/PregnancySurveillanceAndRegistrationForm/psrf_met/psrf_pregnant/FWPSRHUSPREGWTD"
      },
      {
        "name": "FWPSREVRPREG",
        "bind": "/model/instance/PregnancySurveillanceAndRegistrationForm/psrf_met/psrf_pregnant/FWPSREVRPREG"
      },
      {
        "name": "FWPSRTOTBIRTH",
        "bind": "/model/instance/PregnancySurveillanceAndRegistrationForm/psrf_met/psrf_pregnant/FWPSRTOTBIRTH"
      },
      {
        "name": "FWPSRNBDTH",
        "bind": "/model/instance/PregnancySurveillanceAndRegistrationForm/psrf_met/psrf_pregnant/FWPSRNBDTH"
      },
      {
        "name": "FWPSRPRSB",
        "bind": "/model/instance/PregnancySurveillanceAndRegistrationForm/psrf_met/psrf_pregnant/FWPSRPRSB"
      },
      {
        "name": "FWPSRPRMC",
        "bind": "/model/instance/PregnancySurveillanceAndRegistrationForm/psrf_met/psrf_pregnant/FWPSRPRMC"
      },
      {
        "name": "FWPSRPREGTWYRS",
        "bind": "/model/instance/PregnancySurveillanceAndRegistrationForm/psrf_met/psrf_pregnant/FWPSRPREGTWYRS"
      },
      {
        "name": "FWPSRPRVPREGCOMP",
        "bind": "/model/instance/PregnancySurveillanceAndRegistrationForm/psrf_met/psrf_pregnant/FWPSRPRVPREGCOMP"
      },
      {
        "name": "FWPSRPRCHECKS",
        "bind": "/model/instance/PregnancySurveillanceAndRegistrationForm/psrf_met/psrf_pregnant/FWPSRPRCHECKS"
      },
      {
        "name": "FWPSRVDGMEM",
        "bind": "/model/instance/PregnancySurveillanceAndRegistrationForm/psrf_met/psrf_pregnant/FWPSRVDGMEM"
      },
      {
        "name": "FWPSRWOMEDU",
        "bind": "/model/instance/PregnancySurveillanceAndRegistrationForm/psrf_met/psrf_pregnant/FWPSRWOMEDU"
      },
      {
        "name": "FWPSRHHLAT",
        "bind": "/model/instance/PregnancySurveillanceAndRegistrationForm/psrf_met/psrf_pregnant/FWPSRHHLAT"
      },
      {
        "name": "FWPSRHHRICE",
        "bind": "/model/instance/PregnancySurveillanceAndRegistrationForm/psrf_met/psrf_pregnant/FWPSRHHRICE"
      },
      {
        "name": "FWPSRANM",
        "bind": "/model/instance/PregnancySurveillanceAndRegistrationForm/psrf_met/psrf_pregnant/risk_group/FWPSRANM"
      },
      {
        "name": "FWPSRHBP",
        "bind": "/model/instance/PregnancySurveillanceAndRegistrationForm/psrf_met/psrf_pregnant/risk_group/FWPSRHBP"
      },
      {
        "name": "FWPSRDBT",
        "bind": "/model/instance/PregnancySurveillanceAndRegistrationForm/psrf_met/psrf_pregnant/risk_group/FWPSRDBT"
      },
      {
        "name": "FWPSRTHY",
        "bind": "/model/instance/PregnancySurveillanceAndRegistrationForm/psrf_met/psrf_pregnant/risk_group/FWPSRTHY"
      },
      {
        "name": "FWPSRHGT",
        "bind": "/model/instance/PregnancySurveillanceAndRegistrationForm/psrf_met/psrf_pregnant/FWPSRHGT"
      },
      {
        "name": "FWPSRMUAC",
        "bind": "/model/instance/PregnancySurveillanceAndRegistrationForm/psrf_met/psrf_pregnant/FWPSRMUAC"
      },
      {
        "name": "FWVG",
        "bind": "/model/instance/PregnancySurveillanceAndRegistrationForm/psrf_met/psrf_pregnant/FWVG",
        "source": "elco.mcaremother.FWVG"
      },
      {
        "name": "FWHRP",
        "bind": "/model/instance/PregnancySurveillanceAndRegistrationForm/psrf_met/psrf_pregnant/FWHRP",
        "source": "elco.mcaremother.FWHRP"
      },
      {
        "name": "FWHR_PSR",
        "bind": "/model/instance/PregnancySurveillanceAndRegistrationForm/psrf_met/psrf_pregnant/FWHR_PSR",
        "source": "elco.mcaremother.FWHR_PSR"
      },
      {
        "name": "FWFLAGVALUE",
        "bind": "/model/instance/PregnancySurveillanceAndRegistrationForm/psrf_met/psrf_pregnant/FWFLAGVALUE",
        "source": "elco.mcaremother.FWFLAGVALUE"
      },
      {
        "name": "FWSORTVALUE",
        "bind": "/model/instance/PregnancySurveillanceAndRegistrationForm/psrf_met/psrf_pregnant/FWSORTVALUE",
        "source": "elco.mcaremother.FWSORTVALUE"
      },
      {
        "name": "FWPSRPHONE",
        "bind": "/model/instance/PregnancySurveillanceAndRegistrationForm/psrf_met/psrf_pregnant/FWPSRPHONE"
      },
      {
        "name": "FWPSRPHONENUM",
        "bind": "/model/instance/PregnancySurveillanceAndRegistrationForm/psrf_met/psrf_pregnant/FWPSRPHONENUM"
      }
    ]
  }
}
