<model>
  <instance>
    <PregnancySurveillanceAndRegistrationForm encounter_type="Pregnancy Surveillance and Registration" id="PregnancySurveillanceAndRegistrationForm" version="201611160747">
      <formhub>
        <uuid/>
      </formhub>
      <version/>
      <changes/>
      <existing_mauzapara/>
      <existing_gobhhid/>
      <existing_jivhhid/>
      <existing_first_name/>
      <existing_husname/>
      <existing_wom_nid/>
      <existing_wom_bid/>
      <existing_wom_age/>
      <existing_ELCO/>
      <existing_location openmrs_entity="encounter" openmrs_entity_id="location_id"/>
      <today openmrs_entity="encounter" openmrs_entity_id="encounter_date"/>
      <start openmrs_entity="concept" openmrs_entity_id="163137AAAAAAAAAAAAAAAAAAAAAAAAAAAAAA"/>
      <end openmrs_entity="concept" openmrs_entity_id="163138AAAAAAAAAAAAAAAAAAAAAAAAAAAAAA"/>
      <FWPSRDATE openmrs_entity="concept" openmrs_entity_id="160753AAAAAAAAAAAAAAAAAAAAAAAAAAAAAA"/>
      <FWCONFIRMATION/>
      <FWPSRSTS openmrs_entity="concept" openmrs_entity_id="163088AAAAAAAAAAAAAAAAAAAAAAAAAAAAAA"/>
      <psrf_met>
        <FWPSRLMP openmrs_entity="concept" openmrs_entity_id="1427AAAAAAAAAAAAAAAAAAAAAAAAAAAAAAAA"/>
        <FWPSRPREGSTS openmrs_entity="concept" openmrs_entity_id="162942AAAAAAAAAAAAAAAAAAAAAAAAAAAAAA"/>
        <display_pregnote/>
        <display_notpregnote/>
        <psrf_pregnant>
          <mother_mauza/>
          <mother_gobhhid/>
          <mother_jivhhid/>
          <mother_first_name/>
          <mother_husname/>
          <mother_wom_nid/>
          <mother_wom_bid/>
          <mother_wom_age/>
          <mother_wom_lmp/>
          <mother_valid/>
          <FWPSRPREGWTD openmrs_entity="concept" openmrs_entity_id="163085AAAAAAAAAAAAAAAAAAAAAAAAAAAAAA"/>
          <FWPSRHUSPREGWTD openmrs_entity="concept" openmrs_entity_id="163086AAAAAAAAAAAAAAAAAAAAAAAAAAAAAA"/>
          <FWPSREVRPREG openmrs_entity="concept" openmrs_entity_id="162970AAAAAAAAAAAAAAAAAAAAAAAAAAAAAA"/>
          <FWPSRTOTBIRTH openmrs_entity="concept" openmrs_entity_id="160601AAAAAAAAAAAAAAAAAAAAAAAAAAAAAA"/>
          <FWPSRNBDTH openmrs_entity="concept" openmrs_entity_id="162968AAAAAAAAAAAAAAAAAAAAAAAAAAAAAA"/>
          <FWPSRPRSB openmrs_entity="concept" openmrs_entity_id="162587AAAAAAAAAAAAAAAAAAAAAAAAAAAAAA"/>
          <FWPSRPRMC openmrs_entity="concept" openmrs_entity_id="162971AAAAAAAAAAAAAAAAAAAAAAAAAAAAAA"/>
          <FWPSRPREGTWYRS openmrs_entity="concept" openmrs_entity_id="162943AAAAAAAAAAAAAAAAAAAAAAAAAAAAAA"/>
          <FWPSRPRVPREGCOMP openmrs_entity="concept" openmrs_entity_id="162594AAAAAAAAAAAAAAAAAAAAAAAAAAAAAA"/>
          <FWPSRPRCHECKS openmrs_entity="concept" openmrs_entity_id="162957AAAAAAAAAAAAAAAAAAAAAAAAAAAAAA"/>
          <risk_group>
            <yn_dk_label/>
            <FWPSRANM openmrs_entity="concept" openmrs_entity_id="1729AAAAAAAAAAAAAAAAAAAAAAAAAAAAAAAA" openmrs_entity_parent="148834AAAAAAAAAAAAAAAAAAAAAAAAAAAAAA"/>
            <FWPSRHBP openmrs_entity="concept" openmrs_entity_id="1729AAAAAAAAAAAAAAAAAAAAAAAAAAAAAAAA" openmrs_entity_parent="113859AAAAAAAAAAAAAAAAAAAAAAAAAAAAAA"/>
            <FWPSRDBT openmrs_entity="concept" openmrs_entity_id="1729AAAAAAAAAAAAAAAAAAAAAAAAAAAAAAAA" openmrs_entity_parent="119477AAAAAAAAAAAAAAAAAAAAAAAAAAAAAA"/>
            <FWPSRTHY openmrs_entity="concept" openmrs_entity_id="1729AAAAAAAAAAAAAAAAAAAAAAAAAAAAAAAA" openmrs_entity_parent="124719AAAAAAAAAAAAAAAAAAAAAAAAAAAAAA"/>
          </risk_group>
          <FWPSRVDGMEM openmrs_entity="concept" openmrs_entity_id="162956AAAAAAAAAAAAAAAAAAAAAAAAAAAAAA"/>
          <FWPSRWOMEDU openmrs_entity="concept" openmrs_entity_id="1545AAAAAAAAAAAAAAAAAAAAAAAAAAAAAAAA"/>
          <FWPSRHHLAT openmrs_entity="concept" openmrs_entity_id="159741AAAAAAAAAAAAAAAAAAAAAAAAAAAAAA"/>
          <FWPSRHHRICE openmrs_entity="concept" openmrs_entity_id="162962AAAAAAAAAAAAAAAAAAAAAAAAAAAAAA"/>
          <FWPSRPHONE openmrs_entity="concept" openmrs_entity_id="163089AAAAAAAAAAAAAAAAAAAAAAAAAAAAAA"/>
          <FWPSRPHONENUM openmrs_entity="concept" openmrs_entity_id="159635AAAAAAAAAAAAAAAAAAAAAAAAAAAAAA"/>
          <FWPSRMUAC openmrs_entity="concept" openmrs_entity_id="1343AAAAAAAAAAAAAAAAAAAAAAAAAAAAAAAA"/>
          <FWVG openmrs_entity="concept" openmrs_entity_id="163090AAAAAAAAAAAAAAAAAAAAAAAAAAAAAA"/>
          <FWHRP openmrs_entity="concept" openmrs_entity_id="163092AAAAAAAAAAAAAAAAAAAAAAAAAAAAAA"/>
          <FWHR_PSR openmrs_entity="concept" openmrs_entity_id="163091AAAAAAAAAAAAAAAAAAAAAAAAAAAAAA"/>
          <FWFLAGVALUE openmrs_entity="concept" openmrs_entity_id="163093AAAAAAAAAAAAAAAAAAAAAAAAAAAAAA"/>
          <FWSORTVALUE/>
        </psrf_pregnant>
      </psrf_met>
      <psrf_schedule_logic/>
      <FWNOTELIGIBLE/>
      <ELCO/>
      <FWELIGIBLE/>
      <current_formStatus/>
      <user_type openmrs_entity="concept" openmrs_entity_id="163229AAAAAAAAAAAAAAAAAAAAAAAAAAAAAA"/>
      <external_user_ID openmrs_entity="concept" openmrs_entity_id="163161AAAAAAAAAAAAAAAAAAAAAAAAAAAAAA"/>
      <meta>
        <instanceID/>
      </meta>
    </PregnancySurveillanceAndRegistrationForm>
  </instance>
</model>