<model>
    <instance>
        <Child_Vaccination_Followup encounter_type="Child Vaccination Followup" id="child_vaccination_followup" version="201609270635">
            <formhub>
                <uuid/>
            </formhub>
            <existing_first_name/>
            <existing_mother_name/>
            <existing_gender/>
            <existing_birth_date/>
            <existing_client_reg_date/>
            <existing_location openmrs_entity="encounter" openmrs_entity_id="location_id"/>
            <existing_Country/>
            <existing_Division/>
            <existing_District/>
            <existing_Upazilla/>
            <existing_Paurasava/>
            <existing_Union/>
            <existing_Ward/>
            <existing_Block/>
            <existing_HIE_facilities/>
            <existing_Address_line/>
            <existing_GPS/>
            <existing_epi_card_number/>
            <existing_child_was_suffering_from_a_disease_at_birth/>
            <existing_contact_phone_number/>
            <e_bcg/>
            <e_opv0/>
            <e_penta2/>
            <e_penta1/>
            <e_penta3/>
            <e_opv1/>
            <e_opv2/>
            <e_opv3/>
            <e_pcv1/>
            <e_pcv2/>
            <e_pcv3/>
            <e_ipv/>
            <e_measles1/>
            <e_measles2/>
            <provider_id/>
            <provider_location_id/>
            <provider_location_name/>
            <provider_location_note/>
            <start openmrs_entity="encounter" openmrs_entity_id="encounter_start"/>
            <end openmrs_entity="Concept" openmrs_entity_id="cdec172a-9535-4d21-98a5-72a668b9b22c"/>
            <today openmrs_entity="Concept" openmrs_entity_id="98240c65-7f4e-4099-b4ac-d63e68fd955d"/>
            <client_reg_date openmrs_entity="Concept" openmrs_entity_id="a56af3d8-eb0b-46a0-9a03-504d22fb613d"/>
            <epi_card_number_note openmrs_entity="person_attribute" openmrs_entity_id="EPI Card Number"/>
            <first_name_note openmrs_entity="person" openmrs_entity_id="first_name"/>
            <child_age openmrs_entity="Concept" openmrs_entity_id="a04427c9-c616-48c9-8588-5bb96173f56a"/>
            <calc_dob_note openmrs_entity="person" openmrs_entity_id="birthdate"/>
            <gender_note openmrs_entity="person" openmrs_entity_id="gender"/>
            <mother_name_note openmrs_entity="person_attribute" openmrs_entity_id="motherName"/>
            <address/>
            <address_change/>
            <address1 openmrs_entity="person_address" openmrs_entity_id="address1" openmrs_entity_parent="person_address"/>
            <landmark/>
            <center_gps openmrs_entity="person_address" openmrs_entity_id="geopoint" openmrs_entity_parent="person_address"/>
            <child_was_suffering_from_a_disease_at_birth_note openmrs_entity="concept" openmrs_entity_id="081061f8-c5c1-48a7-93f2-88b61a560529"/>
            <side_effects/>
            <contact_phone_number openmrs_entity="person_attribute" openmrs_entity_id="phoneNumber"/>
            <bcg_note/>
            <opv0_note/>
            <opv1_note/>
            <pcv1_note/>
            <penta1_note/>
            <opv2_note/>
            <pcv2_note/>
            <penta2_note/>
            <opv3_note/>
            <pcv3_note/>
            <penta3_note/>
            <ipv_note/>
            <measles1_note/>
            <measles2_note/>
            <vaccines openmrs_entity="concept" openmrs_entity_id="54621f39-885f-11e5-ade6-005056b07f03" openmrs_entity_parent="4c0d9630-c489-4c80-9030-af86aa834598"/>
            <vaccines_group>
                <bcg_retro openmrs_entity="concept" openmrs_entity_id="e4a96a86-72fb-44df-836f-96ffacb3b5dd" openmrs_entity_parent="4dde7c2a-8a6b-4f7a-a20e-c20df50747ca"/>
                <opv0_retro openmrs_entity="concept" openmrs_entity_id="47e39fbb-03aa-4336-b5e4-14dbfeaa8990" openmrs_entity_parent="c7c769ec-c17f-451f-8d9f-26f09bf22547"/>
                <opv0_dose openmrs_entity="concept" openmrs_entity_id="1ac4ba2f-9475-4e60-81bf-98633ea777b4" openmrs_entity_parent="c7c769ec-c17f-451f-8d9f-26f09bf22547"/>
                <pcv1_retro openmrs_entity="concept" openmrs_entity_id="348096f0-9b2b-41be-a49a-cbab27526b1d" openmrs_entity_parent="e0912af7-b820-4008-a6e8-5403c1887835"/>
                <pcv1_dose openmrs_entity="concept" openmrs_entity_id="1ac4ba2f-9475-4e60-81bf-98633ea777b4" openmrs_entity_parent="e0912af7-b820-4008-a6e8-5403c1887835"/>
                <opv1_retro openmrs_entity="concept" openmrs_entity_id="75bad104-c59a-4d27-95e9-0e6652cd5a59" openmrs_entity_parent="c7c769ec-c17f-451f-8d9f-26f09bf22547"/>
                <opv1_dose openmrs_entity="concept" openmrs_entity_id="1ac4ba2f-9475-4e60-81bf-98633ea777b4" openmrs_entity_parent="c7c769ec-c17f-451f-8d9f-26f09bf22547"/>
                <penta1_retro openmrs_entity="concept" openmrs_entity_id="1ac4ba2f-9475-4e60-81bf-98633ea777b4" openmrs_entity_parent="9c93a044-05c4-4328-9f78-42e131c384df"/>
                <penta1_dose openmrs_entity="concept" openmrs_entity_id="1ac4ba2f-9475-4e60-81bf-98633ea777b4" openmrs_entity_parent="9c93a044-05c4-4328-9f78-42e131c384df"/>
                <pcv2_retro openmrs_entity="concept" openmrs_entity_id="d5966e13-58ff-40bf-b887-0d8266fd0cd8" openmrs_entity_parent="e0912af7-b820-4008-a6e8-5403c1887835"/>
                <pcv2_dose openmrs_entity="concept" openmrs_entity_id="1ac4ba2f-9475-4e60-81bf-98633ea777b4" openmrs_entity_parent="e0912af7-b820-4008-a6e8-5403c1887835"/>
                <opv2_retro openmrs_entity="concept" openmrs_entity_id="d75b5a79-05be-426b-b287-0dd094e49a93" openmrs_entity_parent="c7c769ec-c17f-451f-8d9f-26f09bf22547"/>
                <opv2_dose openmrs_entity="concept" openmrs_entity_id="1ac4ba2f-9475-4e60-81bf-98633ea777b4" openmrs_entity_parent="c7c769ec-c17f-451f-8d9f-26f09bf22547"/>
                <penta2_retro openmrs_entity="concept" openmrs_entity_id="eae65970-8c61-4d5f-8d3f-40d418975570" openmrs_entity_parent="9c93a044-05c4-4328-9f78-42e131c384df"/>
                <penta2_dose openmrs_entity="concept" openmrs_entity_id="1ac4ba2f-9475-4e60-81bf-98633ea777b4" openmrs_entity_parent="9c93a044-05c4-4328-9f78-42e131c384df"/>
                <pcv3_retro openmrs_entity="concept" openmrs_entity_id="b0a0d629-8332-4158-a70f-97977e05a405" openmrs_entity_parent="e0912af7-b820-4008-a6e8-5403c1887835"/>
                <pcv3_dose openmrs_entity="concept" openmrs_entity_id="1ac4ba2f-9475-4e60-81bf-98633ea777b4" openmrs_entity_parent="e0912af7-b820-4008-a6e8-5403c1887835"/>
                <opv3_retro openmrs_entity="concept" openmrs_entity_id="ced89703-50f1-4090-b305-d302e87511f4" openmrs_entity_parent="c7c769ec-c17f-451f-8d9f-26f09bf22547"/>
                <opv3_dose openmrs_entity="concept" openmrs_entity_id="1ac4ba2f-9475-4e60-81bf-98633ea777b4" openmrs_entity_parent="c7c769ec-c17f-451f-8d9f-26f09bf22547"/>
                <penta3_retro openmrs_entity="concept" openmrs_entity_id="38842574-370d-4ca9-a452-c47f15df78eb" openmrs_entity_parent="9c93a044-05c4-4328-9f78-42e131c384df"/>
                <penta3_dose openmrs_entity="concept" openmrs_entity_id="1ac4ba2f-9475-4e60-81bf-98633ea777b4" openmrs_entity_parent="9c93a044-05c4-4328-9f78-42e131c384df"/>
                <ipv_retro openmrs_entity="concept" openmrs_entity_id="308c9fbf-4f0c-4ab4-9727-f8701b2fd253" openmrs_entity_parent="23adb3a3-956f-44f5-bae5-de9b1f08f92a"/>
                <measles1_retro openmrs_entity="concept" openmrs_entity_id="bcf27bd3-e0aa-471f-9fb0-aedd29da56c4" openmrs_entity_parent="ccc5e59d-acba-488c-ae13-f7bfef2a93a1"/>
                <measles1_dose openmrs_entity="concept" openmrs_entity_id="1ac4ba2f-9475-4e60-81bf-98633ea777b4" openmrs_entity_parent="ccc5e59d-acba-488c-ae13-f7bfef2a93a1"/>
                <measles2_retro openmrs_entity="concept" openmrs_entity_id="6ea323d5-3138-4755-b545-b1f097711507" openmrs_entity_parent="ccc5e59d-acba-488c-ae13-f7bfef2a93a1"/>
                <measles2_dose openmrs_entity="concept" openmrs_entity_id="1ac4ba2f-9475-4e60-81bf-98633ea777b4" openmrs_entity_parent="ccc5e59d-acba-488c-ae13-f7bfef2a93a1"/>
            </vaccines_group>
            <vaccines_2 openmrs_entity="concept" openmrs_entity_id="54621f39-885f-11e5-ade6-005056b07f03" openmrs_entity_parent="d74f7428-63ec-4d5e-9124-3992e2877df6"/>
            <bcg openmrs_entity="concept" openmrs_entity_id="47e39fbb-03aa-4336-b5e4-14dbfeaa8990" openmrs_entity_parent="c7c769ec-c17f-451f-8d9f-26f09bf22547"/>
            <opv0 openmrs_entity="concept" openmrs_entity_id="1ac4ba2f-9475-4e60-81bf-98633ea777b4" openmrs_entity_parent="c7c769ec-c17f-451f-8d9f-26f09bf22547"/>
            <opv0_dose_today openmrs_entity="concept" openmrs_entity_id="348096f0-9b2b-41be-a49a-cbab27526b1d" openmrs_entity_parent="e0912af7-b820-4008-a6e8-5403c1887835"/>
            <pcv1 openmrs_entity="concept" openmrs_entity_id="1ac4ba2f-9475-4e60-81bf-98633ea777b4" openmrs_entity_parent="e0912af7-b820-4008-a6e8-5403c1887835"/>
            <pcv1_dose_today openmrs_entity="concept" openmrs_entity_id="75bad104-c59a-4d27-95e9-0e6652cd5a59" openmrs_entity_parent="c7c769ec-c17f-451f-8d9f-26f09bf22547"/>
            <opv1 openmrs_entity="concept" openmrs_entity_id="1ac4ba2f-9475-4e60-81bf-98633ea777b4" openmrs_entity_parent="c7c769ec-c17f-451f-8d9f-26f09bf22547"/>
            <opv1_dose_today openmrs_entity="concept" openmrs_entity_id="1ac4ba2f-9475-4e60-81bf-98633ea777b4" openmrs_entity_parent="9c93a044-05c4-4328-9f78-42e131c384df"/>
            <penta1 openmrs_entity="concept" openmrs_entity_id="1ac4ba2f-9475-4e60-81bf-98633ea777b4" openmrs_entity_parent="9c93a044-05c4-4328-9f78-42e131c384df"/>
            <penta1_dose_today openmrs_entity="concept" openmrs_entity_id="d5966e13-58ff-40bf-b887-0d8266fd0cd8" openmrs_entity_parent="e0912af7-b820-4008-a6e8-5403c1887835"/>
            <pcv2 openmrs_entity="concept" openmrs_entity_id="1ac4ba2f-9475-4e60-81bf-98633ea777b4" openmrs_entity_parent="e0912af7-b820-4008-a6e8-5403c1887835"/>
            <pcv2_dose_today openmrs_entity="concept" openmrs_entity_id="d75b5a79-05be-426b-b287-0dd094e49a93" openmrs_entity_parent="c7c769ec-c17f-451f-8d9f-26f09bf22547"/>
            <opv2 openmrs_entity="concept" openmrs_entity_id="1ac4ba2f-9475-4e60-81bf-98633ea777b4" openmrs_entity_parent="c7c769ec-c17f-451f-8d9f-26f09bf22547"/>
            <opv2_dose_today openmrs_entity="concept" openmrs_entity_id="eae65970-8c61-4d5f-8d3f-40d418975570" openmrs_entity_parent="9c93a044-05c4-4328-9f78-42e131c384df"/>
            <penta2 openmrs_entity="concept" openmrs_entity_id="1ac4ba2f-9475-4e60-81bf-98633ea777b4" openmrs_entity_parent="9c93a044-05c4-4328-9f78-42e131c384df"/>
            <penta2_dose_today openmrs_entity="concept" openmrs_entity_id="b0a0d629-8332-4158-a70f-97977e05a405" openmrs_entity_parent="e0912af7-b820-4008-a6e8-5403c1887835"/>
            <pcv3 openmrs_entity="concept" openmrs_entity_id="1ac4ba2f-9475-4e60-81bf-98633ea777b4" openmrs_entity_parent="e0912af7-b820-4008-a6e8-5403c1887835"/>
            <pcv3_dose_today openmrs_entity="concept" openmrs_entity_id="ced89703-50f1-4090-b305-d302e87511f4" openmrs_entity_parent="c7c769ec-c17f-451f-8d9f-26f09bf22547"/>
            <opv3 openmrs_entity="concept" openmrs_entity_id="1ac4ba2f-9475-4e60-81bf-98633ea777b4" openmrs_entity_parent="c7c769ec-c17f-451f-8d9f-26f09bf22547"/>
            <opv3_dose_today openmrs_entity="concept" openmrs_entity_id="38842574-370d-4ca9-a452-c47f15df78eb" openmrs_entity_parent="9c93a044-05c4-4328-9f78-42e131c384df"/>
            <penta3 openmrs_entity="concept" openmrs_entity_id="1ac4ba2f-9475-4e60-81bf-98633ea777b4" openmrs_entity_parent="9c93a044-05c4-4328-9f78-42e131c384df"/>
            <penta3_dose_today openmrs_entity="concept" openmrs_entity_id="308c9fbf-4f0c-4ab4-9727-f8701b2fd253" openmrs_entity_parent="23adb3a3-956f-44f5-bae5-de9b1f08f92a"/>
            <ipv openmrs_entity="concept" openmrs_entity_id="bcf27bd3-e0aa-471f-9fb0-aedd29da56c4" openmrs_entity_parent="ccc5e59d-acba-488c-ae13-f7bfef2a93a1"/>
            <measles1 openmrs_entity="concept" openmrs_entity_id="1ac4ba2f-9475-4e60-81bf-98633ea777b4" openmrs_entity_parent="ccc5e59d-acba-488c-ae13-f7bfef2a93a1"/>
            <measles1_dose_today openmrs_entity="concept" openmrs_entity_id="6ea323d5-3138-4755-b545-b1f097711507" openmrs_entity_parent="ccc5e59d-acba-488c-ae13-f7bfef2a93a1"/>
            <measles2 openmrs_entity="concept" openmrs_entity_id="1ac4ba2f-9475-4e60-81bf-98633ea777b4" openmrs_entity_parent="ccc5e59d-acba-488c-ae13-f7bfef2a93a1"/>
            <measles2_dose_today openmrs_entity="concept" openmrs_entity_id="1ac4ba2f-9475-4e60-81bf-98633ea777b4" openmrs_entity_parent="ccc5e59d-acba-488c-ae13-f7bfef2a93a1"/>
            <final_bcg/>
            <final_opv0/>
            <final_pcv1/>
            <final_opv1/>
            <final_penta1/>
            <final_pcv2/>
            <final_opv2/>
            <final_penta2/>
            <final_pcv3/>
            <final_opv3/>
            <final_penta3/>
            <final_ipv/>
            <final_measles1/>
            <final_measles2/>
            <meta>
                <instanceID/>
            </meta>
        </Child_Vaccination_Followup>
    </instance>
    <instance id="gender">
        <root>
            <item>
                <itextId>static_instance-gender-0</itextId>
                <name>1</name>
            </item>
            <item>
                <itextId>static_instance-gender-1</itextId>
                <name>2</name>
            </item>
        </root>
    </instance>
    <instance id="child_vaccines">
        <root>
            <item>
                <itextId>static_instance-child_vaccines-0</itextId>
                <name>bcg</name>
            </item>
            <item>
                <itextId>static_instance-child_vaccines-1</itextId>
                <name>opv0</name>
            </item>
            <item>
                <itextId>static_instance-child_vaccines-2</itextId>
                <name>pcv1</name>
            </item>
            <item>
                <itextId>static_instance-child_vaccines-3</itextId>
                <name>opv1</name>
            </item>
            <item>
                <itextId>static_instance-child_vaccines-4</itextId>
                <name>penta1</name>
            </item>
            <item>
                <itextId>static_instance-child_vaccines-5</itextId>
                <name>pcv2</name>
            </item>
            <item>
                <itextId>static_instance-child_vaccines-6</itextId>
                <name>opv2</name>
            </item>
            <item>
                <itextId>static_instance-child_vaccines-7</itextId>
                <name>penta2</name>
            </item>
            <item>
                <itextId>static_instance-child_vaccines-8</itextId>
                <name>pcv3</name>
            </item>
            <item>
                <itextId>static_instance-child_vaccines-9</itextId>
                <name>opv3</name>
            </item>
            <item>
                <itextId>static_instance-child_vaccines-10</itextId>
                <name>penta3</name>
            </item>
            <item>
                <itextId>static_instance-child_vaccines-11</itextId>
                <name>ipv</name>
            </item>
            <item>
                <itextId>static_instance-child_vaccines-12</itextId>
                <name>measles1</name>
            </item>
            <item>
                <itextId>static_instance-child_vaccines-13</itextId>
                <name>measles2</name>
            </item>
        </root>
    </instance>
    <instance id="yes_no">
        <root>
            <item>
                <itextId>static_instance-yes_no-0</itextId>
                <name>yes</name>
            </item>
            <item>
                <itextId>static_instance-yes_no-1</itextId>
                <name>no</name>
            </item>
        </root>
    </instance>
</model>