<model>
    <instance>
        <ANCVisit4 encounter_type="ANC Visit 4" id="ANCVisit4" version="201611281132">
          <formhub>
            <uuid/>
          </formhub>
          <version/>
          <changes/>
          <existing_GoB_HHID/>
          <existing_ELCO_NID/>
          <existing_ELCO_BRID/>
          <existing_Mem_F_Name/>
          <existing_Mem_Marital_Status/>
          <existing_Marriage_Life/>
          <existing_Spouse_Name/>
          <existing_Gestational_Age/>
          <existing_EDD/>
          <existing_ELCO/>
          <existing_HoH_F_Name/>
          <existing_Couple_No/>
          <existing_Final_Vill/>
          <existing_TT_Count/>
          <existing_ELCO_Mobile_Number/>
          <existing_Mauzapara openmrs_entity="encounter" openmrs_entity_id="location_id"/>
          <existing_Total_Child_Alive/>
          <existing_Age_Youngest_Child/>
          <existing_Gravida/>
          <existing_Bleeding/>
          <existing_Caesarean/>
          <existing_Heavy_Blood_Flow/>
          <existing_Prolong_Delivery/>
          <existing_Birth_Outcome/>
          <existing_Dead_Child/>
          <existing_Risky_Preg/>
          <existing_Height/>
          <existing_LMP/>
          <today openmrs_entity="encounter" openmrs_entity_id="encounter_date"/>
          <start openmrs_entity="concept" openmrs_entity_id="163137AAAAAAAAAAAAAAAAAAAAAAAAAAAAAA"/>
          <end openmrs_entity="concept" openmrs_entity_id="163138AAAAAAAAAAAAAAAAAAAAAAAAAAAAAA"/>
          <Visit_Status openmrs_entity="concept" openmrs_entity_id="163088AAAAAAAAAAAAAAAAAAAAAAAAAAAAAA"/>
          <Met>
            <Confirm_Info/>
            <Visit_Date openmrs_entity="concept" openmrs_entity_id="160753AAAAAAAAAAAAAAAAAAAAAAAAAAAAAA"/>
            <ANC4_Due_Date/>
            <Is_On_Time/>
            <ANC4_Post_Due_Date/>
            <Is_Post_Due/>
            <Preg_Status/>
            <Symptoms>
              <yn_dk_label/>
              <Menstruation/>
              <Headache_Blur_Vision/>
              <High_Fever/>
              <Prolonged_Delivery/>
              <Position_Child_During_Delivery/>
              <Convulsions/>
            </Symptoms>
            <Is_Critical/>
            <Is_Reffered/>
            <IFA_Received/>
            <Misoprostol_Given/>
            <Misoprostol_Received/>
            <Count_Misorpostol/>
          </Met>
          <Not_Eligible/>
          <ELCO/>
          <anc4_current_formStatus/>
          <relationalid/>
          <meta>
            <instanceID/>
          </meta>
        </ANCVisit4>
      </instance>
  </model>