<model>
  <instance>
    <BirthOutcome encounter_type="Birth Outcome" id="BirthOutcome" version="201610091312">
      <formhub>
        <uuid/>
      </formhub>
      <today openmrs_entity="encounter" openmrs_entity_id="encounter_start"/>
      <start openmrs_entity="Concept" openmrs_entity_id="cdec172a-9535-4d21-98a5-72a668b9b22c"/>
      <end openmrs_entity="Concept" openmrs_entity_id="98240c65-7f4e-4099-b4ac-d63e68fd955d"/>
      <existing_location/>
      <existing_COUNTRY/>
      <existing_DIVISION/>
      <existing_DISTRICT/>
      <existing_UPAZILLA/>
      <existing_Paurasava/>
      <existing_UNION/>
      <existing_WARD/>
      <existing_BLOCK/>
      <existing_Address_line/>
      <existing_HIE_facilities/>
      <existing_gps/>
      <existing_doo/>
      <Child_Registration template="" openmrs_entity="person" openmrs_entity_id="Child Vital Status">
        <Member_COUNTRY openmrs_entity="person_address" openmrs_entity_id="country"/>
        <Member_DIVISION openmrs_entity="person_address" openmrs_entity_id="stateProvince"/>
        <Member_DISTRICT openmrs_entity="person_address" openmrs_entity_id="countyDistrict"/>
        <Member_UPAZILLA openmrs_entity="person_address" openmrs_entity_id="address5"/>
        <Member_Paurasava openmrs_entity="person_address" openmrs_entity_id="address4"/>
        <Member_UNION openmrs_entity="person_address" openmrs_entity_id="address3"/>
        <Member_WARD openmrs_entity="person_address" openmrs_entity_id="address2"/>
        <Member_BLOCK openmrs_entity="person_address" openmrs_entity_id="address2"/>
        <Member_Address_line openmrs_entity="person_address" openmrs_entity_id="address1"/>
        <Member_HIE_facilities openmrs_entity="person_address" openmrs_entity_id="address6"/>
        <Interview_date openmrs_entity="Concept" openmrs_entity_id="a56af3d8-eb0b-46a0-9a03-504d22fb613d"/>
        <HH_Address/>
        <Reg_No openmrs_entity="person_attribute" openmrs_entity_id="HOH registration number"/>
        <existing_Unique_ID openmrs_entity="concept" openmrs_entity_id="368ce583-bb94-4b24-aaed-54abf0471c35"/>
        <Child_dob openmrs_entity="person" openmrs_entity_id="birthdate"/>
        <Child_age_days openmrs_entity="Concept" openmrs_entity_id="a04427c9-c616-48c9-8588-5bb96173f56a"/>
        <Child_birth_date_note/>
        <Birth_Weigtht openmrs_entity="concept" openmrs_entity_id="98820672-21e0-4a2f-88fa-df671998cd4d"/>
        <Newborn_Care_Received openmrs_entity="concept" openmrs_entity_id="d87c3916-7c3e-448d-a3b7-6f670d794a90"/>
        <Child_gender openmrs_entity="person" openmrs_entity_id="gender"/>
        <Child_vital_status/>
        <Child_name_check/>
        <Child_name openmrs_entity="person" openmrs_entity_id="first_name"/>
        <Child_last_name openmrs_entity="person" openmrs_entity_id="last_name"/>
        <Child_name_calc/>
        <Child_mother_name openmrs_entity="person_attribute" openmrs_entity_id="motherName"/>
        <Child_father_name openmrs_entity="person_attribute" openmrs_entity_id="fatherName"/>
        <Child_guardian_id openmrs_entity="concept" openmrs_entity_id="368ce583-bb94-4b24-aaed-54abf0471c35"/>
        <Child_Mother_NID openmrs_entity="person_attribute" openmrs_entity_id="Guardian NID"/>
        <Child_Mother_BRID openmrs_entity="person_attribute" openmrs_entity_id="Guardian BRID"/>
        <Child_Father_NID openmrs_entity="person_attribute" openmrs_entity_id="Guardian NID"/>
        <Child_Father_BRID openmrs_entity="person_attribute" openmrs_entity_id="Guardian BRID"/>
        <Child_Other_Guardian_NID openmrs_entity="person_attribute" openmrs_entity_id="Guardian NID"/>
        <Child_Other_Guardian_BRID openmrs_entity="person_attribute" openmrs_entity_id="Guardian BRID"/>
        <epi_card_number openmrs_entity="person_attribute" openmrs_entity_id="EPI Card Number"/>
        <child_was_suffering_from_a_disease_at_birth openmrs_entity="concept" openmrs_entity_id="081061f8-c5c1-48a7-93f2-88b61a560529"/>
        <contact_phone_number openmrs_entity="person_attribute" openmrs_entity_id="phoneNumber"/>
        <child_vaccines openmrs_entity="concept" openmrs_entity_id="54621f39-885f-11e5-ade6-005056b07f03" openmrs_entity_parent="4c0d9630-c489-4c80-9030-af86aa834598"/>
        <child_vaccines_group>
          <bcg_retro openmrs_entity="concept" openmrs_entity_id="5463239a-885f-11e5-ade6-005056b07f03" openmrs_entity_parent="4dde7c2a-8a6b-4f7a-a20e-c20df50747ca"/>
          <opv0_retro openmrs_entity="concept" openmrs_entity_id="5463239a-885f-11e5-ade6-005056b07f03" openmrs_entity_parent="804e09d5-01ce-471b-a69e-76442e32e96a"/>
          <opv0_dose openmrs_entity="concept" openmrs_entity_id="54644d41-885f-11e5-ade6-005056b07f03" openmrs_entity_parent="804e09d5-01ce-471b-a69e-76442e32e96a"/>
          <pcv1_retro openmrs_entity="concept" openmrs_entity_id="5463239a-885f-11e5-ade6-005056b07f03" openmrs_entity_parent="5a1a88b1-e757-48a2-9dd1-fac09fe492e8"/>
          <pcv1_dose openmrs_entity="concept" openmrs_entity_id="54644d41-885f-11e5-ade6-005056b07f03" openmrs_entity_parent="5a1a88b1-e757-48a2-9dd1-fac09fe492e8"/>
          <opv1_retro openmrs_entity="concept" openmrs_entity_id="5463239a-885f-11e5-ade6-005056b07f03" openmrs_entity_parent="804e09d5-01ce-471b-a69e-76442e32e96a"/>
          <opv1_dose openmrs_entity="concept" openmrs_entity_id="54644d41-885f-11e5-ade6-005056b07f03" openmrs_entity_parent="804e09d5-01ce-471b-a69e-76442e32e96a"/>
          <penta1_retro openmrs_entity="concept" openmrs_entity_id="5463239a-885f-11e5-ade6-005056b07f03" openmrs_entity_parent="14bbb764-4450-4708-b85e-61a7a2415103"/>
          <penta1_dose openmrs_entity="concept" openmrs_entity_id="54644d41-885f-11e5-ade6-005056b07f03" openmrs_entity_parent="14bbb764-4450-4708-b85e-61a7a2415103"/>
          <pcv2_retro openmrs_entity="concept" openmrs_entity_id="5463239a-885f-11e5-ade6-005056b07f03" openmrs_entity_parent="5a1a88b1-e757-48a2-9dd1-fac09fe492e8"/>
          <pcv2_dose openmrs_entity="concept" openmrs_entity_id="54644d41-885f-11e5-ade6-005056b07f03" openmrs_entity_parent="5a1a88b1-e757-48a2-9dd1-fac09fe492e8"/>
          <opv2_retro openmrs_entity="concept" openmrs_entity_id="5463239a-885f-11e5-ade6-005056b07f03" openmrs_entity_parent="804e09d5-01ce-471b-a69e-76442e32e96a"/>
          <opv2_dose openmrs_entity="concept" openmrs_entity_id="54644d41-885f-11e5-ade6-005056b07f03" openmrs_entity_parent="804e09d5-01ce-471b-a69e-76442e32e96a"/>
          <penta2_retro openmrs_entity="concept" openmrs_entity_id="5463239a-885f-11e5-ade6-005056b07f03" openmrs_entity_parent="14bbb764-4450-4708-b85e-61a7a2415103"/>
          <penta2_dose openmrs_entity="concept" openmrs_entity_id="54644d41-885f-11e5-ade6-005056b07f03" openmrs_entity_parent="14bbb764-4450-4708-b85e-61a7a2415103"/>
          <pcv3_retro openmrs_entity="concept" openmrs_entity_id="5463239a-885f-11e5-ade6-005056b07f03" openmrs_entity_parent="5a1a88b1-e757-48a2-9dd1-fac09fe492e8"/>
          <pcv3_dose openmrs_entity="concept" openmrs_entity_id="54644d41-885f-11e5-ade6-005056b07f03" openmrs_entity_parent="5a1a88b1-e757-48a2-9dd1-fac09fe492e8"/>
          <opv3_retro openmrs_entity="concept" openmrs_entity_id="5463239a-885f-11e5-ade6-005056b07f03" openmrs_entity_parent="804e09d5-01ce-471b-a69e-76442e32e96a"/>
          <opv3_dose openmrs_entity="concept" openmrs_entity_id="54644d41-885f-11e5-ade6-005056b07f03" openmrs_entity_parent="804e09d5-01ce-471b-a69e-76442e32e96a"/>
          <penta3_retro openmrs_entity="concept" openmrs_entity_id="5463239a-885f-11e5-ade6-005056b07f03" openmrs_entity_parent="14bbb764-4450-4708-b85e-61a7a2415103"/>
          <penta3_dose openmrs_entity="concept" openmrs_entity_id="54644d41-885f-11e5-ade6-005056b07f03" openmrs_entity_parent="14bbb764-4450-4708-b85e-61a7a2415103"/>
          <ipv_retro openmrs_entity="concept" openmrs_entity_id="5463239a-885f-11e5-ade6-005056b07f03" openmrs_entity_parent="23adb3a3-956f-44f5-bae5-de9b1f08f92a"/>
          <measles1_retro openmrs_entity="concept" openmrs_entity_id="5463239a-885f-11e5-ade6-005056b07f03" openmrs_entity_parent="509c8c4e-af86-47dc-87f8-72aac76d29bf"/>
          <measles1_dose openmrs_entity="concept" openmrs_entity_id="54644d41-885f-11e5-ade6-005056b07f03" openmrs_entity_parent="509c8c4e-af86-47dc-87f8-72aac76d29bf"/>
          <measles2_retro openmrs_entity="concept" openmrs_entity_id="5463239a-885f-11e5-ade6-005056b07f03" openmrs_entity_parent="509c8c4e-af86-47dc-87f8-72aac76d29bf"/>
          <measles2_dose openmrs_entity="concept" openmrs_entity_id="54644d41-885f-11e5-ade6-005056b07f03" openmrs_entity_parent="509c8c4e-af86-47dc-87f8-72aac76d29bf"/>
        </child_vaccines_group>
        <child_vaccines_2 openmrs_entity="concept" openmrs_entity_id="54621f39-885f-11e5-ade6-005056b07f03" openmrs_entity_parent="d74f7428-63ec-4d5e-9124-3992e2877df6"/>
        <bcg openmrs_entity="concept" openmrs_entity_id="5463239a-885f-11e5-ade6-005056b07f03" openmrs_entity_parent="4dde7c2a-8a6b-4f7a-a20e-c20df50747ca"/>
        <opv0 openmrs_entity="concept" openmrs_entity_id="5463239a-885f-11e5-ade6-005056b07f03" openmrs_entity_parent="804e09d5-01ce-471b-a69e-76442e32e96a"/>
        <opv0_dose_today openmrs_entity="concept" openmrs_entity_id="54644d41-885f-11e5-ade6-005056b07f03" openmrs_entity_parent="804e09d5-01ce-471b-a69e-76442e32e96a"/>
        <pcv1 openmrs_entity="concept" openmrs_entity_id="5463239a-885f-11e5-ade6-005056b07f03" openmrs_entity_parent="5a1a88b1-e757-48a2-9dd1-fac09fe492e8"/>
        <pcv1_dose_today openmrs_entity="concept" openmrs_entity_id="54644d41-885f-11e5-ade6-005056b07f03" openmrs_entity_parent="5a1a88b1-e757-48a2-9dd1-fac09fe492e8"/>
        <opv1 openmrs_entity="concept" openmrs_entity_id="5463239a-885f-11e5-ade6-005056b07f03" openmrs_entity_parent="804e09d5-01ce-471b-a69e-76442e32e96a"/>
        <opv1_dose_today openmrs_entity="concept" openmrs_entity_id="54644d41-885f-11e5-ade6-005056b07f03" openmrs_entity_parent="804e09d5-01ce-471b-a69e-76442e32e96a"/>
        <penta1 openmrs_entity="concept" openmrs_entity_id="5463239a-885f-11e5-ade6-005056b07f03" openmrs_entity_parent="14bbb764-4450-4708-b85e-61a7a2415103"/>
        <penta1_dose_today openmrs_entity="concept" openmrs_entity_id="54644d41-885f-11e5-ade6-005056b07f03" openmrs_entity_parent="14bbb764-4450-4708-b85e-61a7a2415103"/>
        <pcv2 openmrs_entity="concept" openmrs_entity_id="5463239a-885f-11e5-ade6-005056b07f03" openmrs_entity_parent="5a1a88b1-e757-48a2-9dd1-fac09fe492e8"/>
        <pcv2_dose_today openmrs_entity="concept" openmrs_entity_id="54644d41-885f-11e5-ade6-005056b07f03" openmrs_entity_parent="5a1a88b1-e757-48a2-9dd1-fac09fe492e8"/>
        <opv2 openmrs_entity="concept" openmrs_entity_id="5463239a-885f-11e5-ade6-005056b07f03" openmrs_entity_parent="804e09d5-01ce-471b-a69e-76442e32e96a"/>
        <opv2_dose_today openmrs_entity="concept" openmrs_entity_id="54644d41-885f-11e5-ade6-005056b07f03" openmrs_entity_parent="804e09d5-01ce-471b-a69e-76442e32e96a"/>
        <penta2 openmrs_entity="concept" openmrs_entity_id="5463239a-885f-11e5-ade6-005056b07f03" openmrs_entity_parent="14bbb764-4450-4708-b85e-61a7a2415103"/>
        <penta2_dose_today openmrs_entity="concept" openmrs_entity_id="54644d41-885f-11e5-ade6-005056b07f03" openmrs_entity_parent="14bbb764-4450-4708-b85e-61a7a2415103"/>
        <pcv3 openmrs_entity="concept" openmrs_entity_id="5463239a-885f-11e5-ade6-005056b07f03" openmrs_entity_parent="5a1a88b1-e757-48a2-9dd1-fac09fe492e8"/>
        <pcv3_dose_today openmrs_entity="concept" openmrs_entity_id="54644d41-885f-11e5-ade6-005056b07f03" openmrs_entity_parent="5a1a88b1-e757-48a2-9dd1-fac09fe492e8"/>
        <opv3 openmrs_entity="concept" openmrs_entity_id="5463239a-885f-11e5-ade6-005056b07f03" openmrs_entity_parent="804e09d5-01ce-471b-a69e-76442e32e96a"/>
        <opv3_dose_today openmrs_entity="concept" openmrs_entity_id="54644d41-885f-11e5-ade6-005056b07f03" openmrs_entity_parent="804e09d5-01ce-471b-a69e-76442e32e96a"/>
        <penta3 openmrs_entity="concept" openmrs_entity_id="5463239a-885f-11e5-ade6-005056b07f03" openmrs_entity_parent="14bbb764-4450-4708-b85e-61a7a2415103"/>
        <penta3_dose_today openmrs_entity="concept" openmrs_entity_id="54644d41-885f-11e5-ade6-005056b07f03" openmrs_entity_parent="14bbb764-4450-4708-b85e-61a7a2415103"/>
        <ipv openmrs_entity="concept" openmrs_entity_id="5463239a-885f-11e5-ade6-005056b07f03" openmrs_entity_parent="23adb3a3-956f-44f5-bae5-de9b1f08f92a"/>
        <measles1 openmrs_entity="concept" openmrs_entity_id="5463239a-885f-11e5-ade6-005056b07f03" openmrs_entity_parent="509c8c4e-af86-47dc-87f8-72aac76d29bf"/>
        <measles1_dose_today openmrs_entity="concept" openmrs_entity_id="54644d41-885f-11e5-ade6-005056b07f03" openmrs_entity_parent="509c8c4e-af86-47dc-87f8-72aac76d29bf"/>
        <measles2 openmrs_entity="concept" openmrs_entity_id="5463239a-885f-11e5-ade6-005056b07f03" openmrs_entity_parent="509c8c4e-af86-47dc-87f8-72aac76d29bf"/>
        <measles2_dose_today openmrs_entity="concept" openmrs_entity_id="54644d41-885f-11e5-ade6-005056b07f03" openmrs_entity_parent="509c8c4e-af86-47dc-87f8-72aac76d29bf"/>
        <final_bcg/>
        <final_opv0/>
        <final_pcv1/>
        <final_opv1/>
        <final_penta1/>
        <final_pcv2/>
        <final_opv2/>
        <final_penta2/>
        <final_pcv3/>
        <final_opv3/>
        <final_penta3/>
        <final_ipv/>
        <final_measles1/>
        <final_measles2/>
        <add_child/>
        <Is_child/>
      </Child_Registration>
      <outcome_current_formStatus/>
      <current_woman_id/>
      <meta>
        <instanceID/>
      </meta>
    </BirthOutcome>
  </instance>
  <instance id="child_vaccines">
    <root>
      <item>
        <itextId>static_instance-child_vaccines-0</itextId>
        <name>bcg</name>
      </item>
      <item>
        <itextId>static_instance-child_vaccines-1</itextId>
        <name>opv0</name>
      </item>
      <item>
        <itextId>static_instance-child_vaccines-2</itextId>
        <name>pcv1</name>
      </item>
      <item>
        <itextId>static_instance-child_vaccines-3</itextId>
        <name>opv1</name>
      </item>
      <item>
        <itextId>static_instance-child_vaccines-4</itextId>
        <name>penta1</name>
      </item>
      <item>
        <itextId>static_instance-child_vaccines-5</itextId>
        <name>pcv2</name>
      </item>
      <item>
        <itextId>static_instance-child_vaccines-6</itextId>
        <name>opv2</name>
      </item>
      <item>
        <itextId>static_instance-child_vaccines-7</itextId>
        <name>penta2</name>
      </item>
      <item>
        <itextId>static_instance-child_vaccines-8</itextId>
        <name>pcv3</name>
      </item>
      <item>
        <itextId>static_instance-child_vaccines-9</itextId>
        <name>opv3</name>
      </item>
      <item>
        <itextId>static_instance-child_vaccines-10</itextId>
        <name>penta3</name>
      </item>
      <item>
        <itextId>static_instance-child_vaccines-11</itextId>
        <name>ipv</name>
      </item>
      <item>
        <itextId>static_instance-child_vaccines-12</itextId>
        <name>measles1</name>
      </item>
      <item>
        <itextId>static_instance-child_vaccines-13</itextId>
        <name>measles2</name>
      </item>
    </root>
  </instance>
  <instance id="yes_notyet">
    <root>
      <item>
        <itextId>static_instance-yes_notyet-0</itextId>
        <name>0</name>
      </item>
      <item>
        <itextId>static_instance-yes_notyet-1</itextId>
        <name>1</name>
      </item>
    </root>
  </instance>
  <instance id="guardian_id_type">
    <root>
      <item>
        <itextId>static_instance-guardian_id_type-0</itextId>
        <name>1</name>
      </item>
      <item>
        <itextId>static_instance-guardian_id_type-1</itextId>
        <name>2</name>
      </item>
      <item>
        <itextId>static_instance-guardian_id_type-2</itextId>
        <name>3</name>
      </item>
      <item>
        <itextId>static_instance-guardian_id_type-3</itextId>
        <name>4</name>
      </item>
      <item>
        <itextId>static_instance-guardian_id_type-4</itextId>
        <name>5</name>
      </item>
      <item>
        <itextId>static_instance-guardian_id_type-5</itextId>
        <name>6</name>
      </item>
    </root>
  </instance>
  <instance id="gender">
    <root>
      <item>
        <itextId>static_instance-gender-0</itextId>
        <name>1</name>
      </item>
      <item>
        <itextId>static_instance-gender-1</itextId>
        <name>2</name>
      </item>
    </root>
  </instance>
  <instance id="child_guardian_type">
    <root>
      <item>
        <itextId>static_instance-child_guardian_type-0</itextId>
        <name>1</name>
      </item>
      <item>
        <itextId>static_instance-child_guardian_type-1</itextId>
        <name>2</name>
      </item>
    </root>
  </instance>
  <instance id="care_received">
    <root>
      <item>
        <itextId>static_instance-care_received-0</itextId>
        <name>0</name>
      </item>
      <item>
        <itextId>static_instance-care_received-1</itextId>
        <name>1</name>
      </item>
      <item>
        <itextId>static_instance-care_received-2</itextId>
        <name>2</name>
      </item>
      <item>
        <itextId>static_instance-care_received-3</itextId>
        <name>3</name>
      </item>
    </root>
  </instance>
  <instance id="yn_dk">
    <root>
      <item>
        <itextId>static_instance-yn_dk-0</itextId>
        <name>0</name>
      </item>
      <item>
        <itextId>static_instance-yn_dk-1</itextId>
        <name>1</name>
      </item>
      <item>
        <itextId>static_instance-yn_dk-2</itextId>
        <name>9</name>
      </item>
    </root>
  </instance>
  <instance id="birth_weigtht">
    <root>
      <item>
        <itextId>static_instance-birth_weigtht-0</itextId>
        <name>0</name>
      </item>
      <item>
        <itextId>static_instance-birth_weigtht-1</itextId>
        <name>1</name>
      </item>
      <item>
        <itextId>static_instance-birth_weigtht-2</itextId>
        <name>2</name>
      </item>
    </root>
  </instance>
  <instance id="id_type">
    <root>
      <item>
        <itextId>static_instance-id_type-0</itextId>
        <name>2</name>
      </item>
      <item>
        <itextId>static_instance-id_type-1</itextId>
        <name>3</name>
      </item>
    </root>
  </instance>
  <instance id="vital_status">
    <root>
      <item>
        <itextId>static_instance-vital_status-0</itextId>
        <name>0</name>
      </item>
      <item>
        <itextId>static_instance-vital_status-1</itextId>
        <name>1</name>
      </item>
      <item>
        <itextId>static_instance-vital_status-2</itextId>
        <name>9</name>
      </item>
    </root>
  </instance>
  <instance id="ward">
    <root>
      <item>
        <itextId>static_instance-ward-0</itextId>
        <name>Ward-1</name>
      </item>
      <item>
        <itextId>static_instance-ward-1</itextId>
        <name>Ward-2</name>
      </item>
      <item>
        <itextId>static_instance-ward-2</itextId>
        <name>Ward-3</name>
      </item>
    </root>
  </instance>
  <instance id="yes_no">
    <root>
      <item>
        <itextId>static_instance-yes_no-0</itextId>
        <name>yes</name>
      </item>
      <item>
        <itextId>static_instance-yes_no-1</itextId>
        <name>no</name>
      </item>
    </root>
  </instance>
</model>