<?xml version="1.0"?>
<root><form autocomplete="off" novalidate="novalidate" class="or clearfix" dir="ltr" id="BirthNotification">
    <!--This form was created by transforming a OpenRosa-flavored (X)Form using an XSLT sheet created by Enketo LLC.--><section class="form-logo"> </section><h3 id="form-title">&#x9AC;&#x9BE;&#x9B0;&#x9CD;&#x9A5; &#x9A8;&#x9CB;&#x99F;&#x9BF;&#x9AB;&#x9BF;&#x995;&#x9CD;&#x9AF;&#x9BE;&#x9B6;&#x9A8;</h3><select id="form-languages" data-default-lang="bn"><option value="bn">Bengali</option> <option value="en">English</option> </select>


    <label class="question non-select "><span lang="bn" class="question-label active" data-itext-id="/BirthNotification/Visit_Date:label">&#x9B8;&#x9BE;&#x995;&#x9CD;&#x9B7;&#x9BE;&#x9A4;&#x995;&#x9BE;&#x9B0;&#x9C7;&#x9B0; &#x9A4;&#x9BE;&#x9B0;&#x9BF;&#x996;</span><span lang="en" class="question-label " data-itext-id="/BirthNotification/Visit_Date:label">Date of Interview</span><span class="required">*</span><span lang="bn" class="or-hint active" data-itext-id="/BirthNotification/Visit_Date:hint">&#x986;&#x99C;&#x995;&#x9C7;&#x9B0; &#x9A4;&#x9BE;&#x9B0;&#x9BF;&#x996; &#x9A6;&#x9BF;&#x9A8;</span><span lang="en" class="or-hint " data-itext-id="/BirthNotification/Visit_Date:hint">Please Confirm Today&#x2019;s date is correct</span><input type="date" name="/BirthNotification/Visit_Date" required="required" data-constraint=".&lt;= /BirthNotification/Today " data-type-xml="date"/><span class="or-constraint-msg active" lang="" data-i18n="constraint.invalid">Value not allowed</span><span class="or-required-msg active" lang="" data-i18n="constraint.required">This field is required</span></label>
    <label class="note non-select "><span lang="bn" class="question-label active" data-itext-id="/BirthNotification/Confirm_Info:label">&#x9AE;&#x9B9;&#x9BF;&#x9B2;&#x9BE;&#x9B0; &#x9A4;&#x9A5;&#x9CD;&#x9AF;&#x997;&#x9C1;&#x9B2;&#x9CB; &#x9B8;&#x9A0;&#x9BF;&#x995; &#x995;&#x9BF;&#x9A8;&#x9BE; &#x9A4;&#x9BE; &#x9A8;&#x9BF;&#x9B6;&#x9CD;&#x99A;&#x9BF;&#x9A4; &#x995;&#x9B0;&#x9C1;&#x9A8;&#x983;
        &#x9A8;&#x9BE;&#x9AE;: <span class="or-output" data-value=" /BirthNotification/existing_Mem_F_Name ">
        </span>
        &#x996;&#x9BE;&#x9A8;&#x9BE; &#x9A8;&#x9AE;&#x9CD;&#x9AC;&#x9B0;: <span class="or-output" data-value=" /BirthNotification/existing_GoB_HHID ">
        </span>
        &#x996;&#x9BE;&#x9A8;&#x9BE; &#x9AA;&#x9CD;&#x9B0;&#x9A7;&#x9BE;&#x9A8;&#x983; <span class="or-output" data-value=" /BirthNotification/existing_HoH_F_Name ">
        </span>
        &#x9B8;&#x9CD;&#x9AC;&#x9BE;&#x9AE;&#x9C0;&#x9B0; &#x9A8;&#x9BE;&#x9AE;&#x983; <span class="or-output" data-value=" /BirthNotification/existing_Spouse_Name ">
        </span>
        &#x9A6;&#x9AE;&#x9CD;&#x9AA;&#x9A4;&#x9BF; &#x9A8;&#x982;&#x983;<span class="or-output" data-value=" /BirthNotification/existing_Couple_No ">
        </span>
        &#x99F;&#x9BF;&#x99F;&#x9BF; &#x99F;&#x9BF;&#x995;&#x9BE; &#x9A6;&#x9C7;&#x993;&#x9DF;&#x9BE; &#x9B9;&#x9DF;&#x9C7;&#x99B;&#x9C7;&#x983; <span class="or-output" data-value=" /BirthNotification/existing_TT_Count ">
        </span> &#x99F;&#x9BF;
        &#x9AE;&#x9CB;&#x9AC;&#x9BE;&#x987;&#x9B2; &#x9A8;&#x9AE;&#x9CD;&#x9AC;&#x9B0;&#x983; <span class="or-output" data-value=" /BirthNotification/existing_ELCO_Mobile_Number ">
        </span>
        &#x997;&#x9CD;&#x9B0;&#x9BE;&#x9AE;&#x9C7;&#x9B0; &#x9A8;&#x9BE;&#x9AE;&#x983; <span class="or-output" data-value=" /BirthNotification/existing_Final_Vill ">
        </span>
        &#x9AA;&#x9CD;&#x9B0;&#x9B8;&#x9AC;&#x9C7;&#x9B0; &#x9B8;&#x9AE;&#x9CD;&#x9AD;&#x9BE;&#x9AC;&#x9CD;&#x9AF; &#x9A4;&#x9BE;&#x9B0;&#x9BF;&#x996;&#x983; <span class="or-output" data-value=" /BirthNotification/existing_EDD ">
        </span>
        &#x989;&#x99A;&#x9CD;&#x99A;&#x9A4;&#x9BE;&#x983; <span class="or-output" data-value=" /BirthNotification/existing_Height ">
        </span></span><span lang="en" class="question-label " data-itext-id="/BirthNotification/Confirm_Info:label">Confirm woman&#x2019;s infromation are correct:
        Name: <span class="or-output" data-value=" /BirthNotification/existing_Mem_F_Name ">
        </span>
        GoB HHID: <span class="or-output" data-value=" /BirthNotification/existing_GoB_HHID ">
        </span>
        HoH: <span class="or-output" data-value=" /BirthNotification/existing_HoH_F_Name ">
        </span>
        Spouse Name: <span class="or-output" data-value=" /BirthNotification/existing_Spouse_Name ">
        </span>
        Couple No: <span class="or-output" data-value=" /BirthNotification/existing_Couple_No ">
        </span>
        TT Dose No: <span class="or-output" data-value=" /BirthNotification/existing_TT_Count ">
        </span>
        Mobile Number: <span class="or-output" data-value=" /BirthNotification/existing_ELCO_Mobile_Number ">
        </span>
        Village Name: <span class="or-output" data-value=" /BirthNotification/existing_Final_Vill ">
        </span>
        EDD: <span class="or-output" data-value=" /BirthNotification/existing_EDD ">
        </span>
        Height: <span class="or-output" data-value=" /BirthNotification/existing_Height ">
        </span></span><input type="text" name="/BirthNotification/Confirm_Info" data-type-xml="string" readonly="readonly"/></label>
    <fieldset class="question simple-select "><fieldset><legend><span lang="bn" class="question-label active" data-itext-id="/BirthNotification/Visit_Status:label">&#x9AD;&#x9BF;&#x99C;&#x9BF;&#x99F; &#x9B8;&#x9CD;&#x99F;&#x9CD;&#x9AF;&#x9BE;&#x99F;&#x9BE;&#x9B8;</span><span lang="en" class="question-label " data-itext-id="/BirthNotification/Visit_Status:label">Visit Status</span><span class="required">*</span>
    </legend><div class="option-wrapper"><label class=""><input type="radio" name="/BirthNotification/Visit_Status" data-name="/BirthNotification/Visit_Status" value="1" required="required" data-type-xml="select1"/><span lang="bn" class="option-label active" data-itext-id="/BirthNotification/Visit_Status/1:label">&#x9A6;&#x9C7;&#x996;&#x9BE; &#x9B9;&#x9DF;&#x9C7;&#x99B;&#x9C7; &#x98F;&#x9AC;&#x982; &#x997;&#x9B0;&#x9CD;&#x9AD;&#x9AC;&#x9A4;&#x9C0;</span><span lang="en" class="option-label " data-itext-id="/BirthNotification/Visit_Status/1:label">Met and pregnant</span></label><label class=""><input type="radio" name="/BirthNotification/Visit_Status" data-name="/BirthNotification/Visit_Status" value="2" required="required" data-type-xml="select1"/><span lang="bn" class="option-label active" data-itext-id="/BirthNotification/Visit_Status/2:label">&#x9A6;&#x9C7;&#x996;&#x9BE; &#x9B9;&#x9DF;&#x9A8;&#x9BF;</span><span lang="en" class="option-label " data-itext-id="/BirthNotification/Visit_Status/2:label">Not met</span></label><label class=""><input type="radio" name="/BirthNotification/Visit_Status" data-name="/BirthNotification/Visit_Status" value="3" required="required" data-type-xml="select1"/><span lang="bn" class="option-label active" data-itext-id="/BirthNotification/Visit_Status/3:label">&#x99C;&#x9C0;&#x9AC;&#x9BF;&#x9A4; &#x9AC;&#x9BE;&#x99A;&#x9CD;&#x99A;&#x9BE; &#x99C;&#x9A8;&#x9CD;&#x9AE; &#x9A6;&#x9BF;&#x9DF;&#x9C7;&#x99B;&#x9C7;&#x9A8;</span><span lang="en" class="option-label " data-itext-id="/BirthNotification/Visit_Status/3:label">Woman had live birth</span></label><label class=""><input type="radio" name="/BirthNotification/Visit_Status" data-name="/BirthNotification/Visit_Status" value="4" required="required" data-type-xml="select1"/><span lang="bn" class="option-label active" data-itext-id="/BirthNotification/Visit_Status/4:label">&#x997;&#x9B0;&#x9CD;&#x9AD;&#x9A8;&#x9B7;&#x9CD;&#x99F; &#x9B9;&#x9DF;&#x9C7;&#x99B;&#x9C7; / &#x9AE;&#x9C3;&#x9A4;&#x9AC;&#x9BE;&#x99A;&#x9CD;&#x99A;&#x9BE; &#x9AA;&#x9CD;&#x9B0;&#x9B8;&#x9AC; &#x9B9;&#x9DF;&#x9C7;&#x99B;&#x9C7;</span><span lang="en" class="option-label " data-itext-id="/BirthNotification/Visit_Status/4:label">Miscarriage/Stillbirth</span></label><label class=""><input type="radio" name="/BirthNotification/Visit_Status" data-name="/BirthNotification/Visit_Status" value="6" required="required" data-type-xml="select1"/><span lang="bn" class="option-label active" data-itext-id="/BirthNotification/Visit_Status/6:label">&#x989;&#x9A4;&#x9CD;&#x9A4;&#x9B0; &#x9A6;&#x9BF;&#x9A4;&#x9C7;
        &#x985;&#x9B8;&#x9AE;&#x9CD;&#x9AE;&#x9A4;&#x9BF; &#x99C;&#x9BE;&#x9A8;&#x9BF;&#x9DF;&#x9C7;&#x99B;&#x9C7;&#x9A8;</span><span lang="en" class="option-label " data-itext-id="/BirthNotification/Visit_Status/6:label">Refused</span></label><label class=""><input type="radio" name="/BirthNotification/Visit_Status" data-name="/BirthNotification/Visit_Status" value="8" required="required" data-type-xml="select1"/><span lang="bn" class="option-label active" data-itext-id="/BirthNotification/Visit_Status/8:label">&#x98F;&#x995;&#x9C7;&#x9AC;&#x9BE;&#x9B0;&#x9C7;&#x987; &#x98F;&#x9B2;&#x9BE;&#x995;&#x9BE;
        &#x99B;&#x9C7;&#x9DC;&#x9C7; &#x99A;&#x9B2;&#x9C7; &#x997;&#x9C7;&#x99B;&#x9C7;&#x9A8;</span><span lang="en" class="option-label " data-itext-id="/BirthNotification/Visit_Status/8:label">Permanently moved</span></label><label class=""><input type="radio" name="/BirthNotification/Visit_Status" data-name="/BirthNotification/Visit_Status" value="10" required="required" data-type-xml="select1"/><span lang="bn" class="option-label active" data-itext-id="/BirthNotification/Visit_Status/10:label">&#x9AC;&#x9BE;&#x99A;&#x9CD;&#x99A;&#x9BE; &#x99C;&#x9A8;&#x9CD;&#x9AE; &#x9A6;&#x9C7;&#x993;&#x9DF;&#x9BE;&#x9B0; &#x986;&#x997;&#x9C7;&#x987; &#x9AE;&#x9B9;&#x9BF;&#x9B2;&#x9BE; &#x9AE;&#x9BE;&#x9B0;&#x9BE; &#x997;&#x9C7;&#x99B;&#x9C7;&#x9A8;</span><span lang="en" class="option-label " data-itext-id="/BirthNotification/Visit_Status/10:label">Woman died before birth</span></label></div></fieldset><span class="or-constraint-msg active" lang="" data-i18n="constraint.invalid">Value not allowed</span><span class="or-required-msg active" lang="" data-i18n="constraint.required">This field is required</span></fieldset>
    <fieldset class="question simple-select or-branch pre-init "><fieldset><legend><span lang="bn" class="question-label active" data-itext-id="/BirthNotification/Mother_Status:label">&#x9AE;&#x9BE;&#x9DF;&#x9C7;&#x9B0; &#x9AD;&#x9BE;&#x987;&#x99F;&#x9BE;&#x9B2; &#x9B8;&#x9CD;&#x99F;&#x9CD;&#x9AF;&#x9BE;&#x99F;&#x9BE;&#x9B8;</span><span lang="en" class="question-label " data-itext-id="/BirthNotification/Mother_Status:label">Mother vital status</span><span class="required">*</span>
    </legend><div class="option-wrapper"><label class=""><input type="radio" name="/BirthNotification/Mother_Status" data-name="/BirthNotification/Mother_Status" value="0" required="required" data-relevant=" /BirthNotification/Visit_Status ='3' or  /BirthNotification/Visit_Status ='4'" data-type-xml="select1"/><span lang="bn" class="option-label active" data-itext-id="/BirthNotification/Mother_Status/0:label">&#x9AE;&#x9BE;&#x9B0;&#x9BE; &#x997;&#x9C7;&#x99B;&#x9C7;&#x9A8;</span><span lang="en" class="option-label " data-itext-id="/BirthNotification/Mother_Status/0:label">Deceased</span></label><label class=""><input type="radio" name="/BirthNotification/Mother_Status" data-name="/BirthNotification/Mother_Status" value="1" required="required" data-relevant=" /BirthNotification/Visit_Status ='3' or  /BirthNotification/Visit_Status ='4'" data-type-xml="select1"/><span lang="bn" class="option-label active" data-itext-id="/BirthNotification/Mother_Status/1:label">&#x9AC;&#x9C7;&#x981;&#x99A;&#x9C7; &#x986;&#x99B;&#x9C7;&#x9A8;</span><span lang="en" class="option-label " data-itext-id="/BirthNotification/Mother_Status/1:label">Alive</span></label></div></fieldset><span class="or-constraint-msg active" lang="" data-i18n="constraint.invalid">Value not allowed</span><span class="or-required-msg active" lang="" data-i18n="constraint.required">This field is required</span></fieldset>
    <label class="note or-branch pre-init non-select "><span lang="bn" class="question-label active" data-itext-id="/BirthNotification/note:label">&#x9AE;&#x9B9;&#x9BF;&#x9B2;&#x9BE;&#x995;&#x9C7; &#x9A4;&#x9BE;&#x9B0; &#x997;&#x9B0;&#x9CD;&#x9AD;&#x9C7;&#x9B0; &#x9AF;&#x9C7; &#x995;&#x9CB;&#x9A8; &#x9AB;&#x9B2;&#x9BE;&#x9AB;&#x9B2; &#x9B9;&#x993;&#x9DF;&#x9BE;&#x9B0; &#x9AC;&#x9BE; &#x9AC;&#x9BE;&#x99A;&#x9CD;&#x99A;&#x9BE; &#x99C;&#x9A8;&#x9CD;&#x9AE;&#x9BE;&#x9A8;&#x9CB;&#x9B0; &#x9B8;&#x9BE;&#x9A5;&#x9C7; &#x9B8;&#x9BE;&#x9A5;&#x9C7; &#x996;&#x9AC;&#x9B0; &#x9A6;&#x9C7;&#x9DF;&#x9BE;&#x9B0; &#x995;&#x9A5;&#x9BE; &#x9AE;&#x9A8;&#x9C7; &#x995;&#x9B0;&#x9BF;&#x9DF;&#x9C7; &#x9A6;&#x9BF;&#x9A8;&#x964; &#x9AA;&#x9BE;&#x9B6;&#x9BE;&#x9AA;&#x9BE;&#x9B6;&#x9BF; &#x9AC;&#x9BE;&#x99A;&#x9CD;&#x99A;&#x9BE; &#x98F;&#x9AC;&#x982; &#x9AE;&#x9BE;&#x9DF;&#x9C7;&#x9B0; &#x9B8;&#x9C1;&#x9B8;&#x9CD;&#x9AC;&#x9BE;&#x9B8;&#x9CD;&#x9A5;&#x9CD;&#x9AF;&#x9C7;&#x9B0; &#x99C;&#x9A8;&#x9CD;&#x9AF; &#x9AC;&#x9BE;&#x99A;&#x9CD;&#x99A;&#x9BE; &#x9B9;&#x993;&#x9DF;&#x9BE;&#x9B0; &#x9B8;&#x9BE;&#x9A5;&#x9C7;&#x9B8;&#x9BE;&#x9A5;&#x9C7;&#x987; &#x9B8;&#x9CD;&#x9AC;&#x9BE;&#x9B8;&#x9CD;&#x9A5;&#x9CD;&#x9AF;&#x995;&#x9B0;&#x9CD;&#x9AE;&#x9C0;&#x995;&#x9C7; &#x99C;&#x9BE;&#x9A8;&#x9BE;&#x9A8;&#x9CB; &#x9AF;&#x9C7; &#x995;&#x9A4;&#x99F;&#x9BE; &#x99C;&#x9B0;&#x9C1;&#x9B0;&#x9C0; &#x9A4;&#x9BE; &#x9AC;&#x9C1;&#x99D;&#x9BF;&#x9DF;&#x9C7; &#x9AC;&#x9B2;&#x9C1;&#x9A8;&#x964;</span><span lang="en" class="question-label " data-itext-id="/BirthNotification/note:label">Remind the woman to send a birth notification SMS immediately following the birth and emphasize the importance of immediately notifying a health worker of the birth for the health of the baby and mother.</span><input type="text" name="/BirthNotification/note" data-relevant="selected( /BirthNotification/Visit_Status , '1') and selected( /BirthNotification/Mother_Status ,'1')" data-type-xml="string" readonly="readonly"/></label>
    <section class="or-group or-branch pre-init " name="/BirthNotification/Outcome_Occured" data-relevant=" /BirthNotification/Visit_Status  ='3' or  /BirthNotification/Visit_Status  ='4'"><h4><span lang="bn" class="question-label active" data-itext-id="/BirthNotification/Outcome_Occured:label">&#x9AA;&#x9CD;&#x9B0;&#x9B8;&#x9AC; &#x9B8;&#x982;&#x995;&#x9CD;&#x9B0;&#x9BE;&#x9A8;&#x9CD;&#x9A4; &#x9A4;&#x9A5;&#x9CD;&#x9AF;&#x983;</span><span lang="en" class="question-label " data-itext-id="/BirthNotification/Outcome_Occured:label">Delivery related info:</span></h4><fieldset class="question simple-select "><fieldset><legend><span lang="bn" class="question-label active" data-itext-id="/BirthNotification/Outcome_Occured/Where_Delivered:label">&#x995;&#x9CB;&#x9A5;&#x9BE;&#x9DF; &#x9AA;&#x9CD;&#x9B0;&#x9B8;&#x9AC; &#x9B9;&#x9DF;&#x9C7;&#x99B;&#x9C7;?</span><span lang="en" class="question-label " data-itext-id="/BirthNotification/Outcome_Occured/Where_Delivered:label">Where did the delivery took place?</span><span class="required">*</span>
    </legend><div class="option-wrapper"><label class=""><input type="radio" name="/BirthNotification/Outcome_Occured/Where_Delivered" data-name="/BirthNotification/Outcome_Occured/Where_Delivered" value="1" required="required" data-type-xml="select1"/><span lang="bn" class="option-label active" data-itext-id="/BirthNotification/Outcome_Occured/Where_Delivered/1:label">&#x9AC;&#x9BE;&#x9DC;&#x9C0;</span><span lang="en" class="option-label " data-itext-id="/BirthNotification/Outcome_Occured/Where_Delivered/1:label">Home</span></label><label class=""><input type="radio" name="/BirthNotification/Outcome_Occured/Where_Delivered" data-name="/BirthNotification/Outcome_Occured/Where_Delivered" value="2" required="required" data-type-xml="select1"/><span lang="bn" class="option-label active" data-itext-id="/BirthNotification/Outcome_Occured/Where_Delivered/2:label">&#x989;&#x9AA;&#x99C;&#x9C7;&#x9B2;&#x9BE; &#x9B8;&#x9CD;&#x9AC;&#x9BE;&#x9B8;&#x9CD;&#x9A5;&#x9CD;&#x9AF; &#x993; &#x9AA;&#x9B0;&#x9BF;&#x9AC;&#x9BE;&#x9B0; &#x995;&#x9B2;&#x9CD;&#x9AF;&#x9BE;&#x9A3; &#x995;&#x9AE;&#x9AA;&#x9CD;&#x9B2;&#x9C7;&#x995;&#x9CD;&#x9B8;</span><span lang="en" class="option-label " data-itext-id="/BirthNotification/Outcome_Occured/Where_Delivered/2:label">Upazilla Health &amp; Family Welfare Complex</span></label><label class=""><input type="radio" name="/BirthNotification/Outcome_Occured/Where_Delivered" data-name="/BirthNotification/Outcome_Occured/Where_Delivered" value="3" required="required" data-type-xml="select1"/><span lang="bn" class="option-label active" data-itext-id="/BirthNotification/Outcome_Occured/Where_Delivered/3:label">&#x987;&#x989;&#x9A8;&#x9BF;&#x9DF;&#x9A8; &#x9B8;&#x9CD;&#x9AC;&#x9BE;&#x9B8;&#x9CD;&#x9A5;&#x9CD;&#x9AF; &#x993; &#x9AA;&#x9B0;&#x9BF;&#x9AC;&#x9BE;&#x9B0; &#x995;&#x9B2;&#x9CD;&#x9AF;&#x9BE;&#x9A3; &#x995;&#x9C7;&#x9A8;&#x9CD;&#x9A6;&#x9CD;&#x9B0;</span><span lang="en" class="option-label " data-itext-id="/BirthNotification/Outcome_Occured/Where_Delivered/3:label">Union Health &amp; Family Welfare Center</span></label><label class=""><input type="radio" name="/BirthNotification/Outcome_Occured/Where_Delivered" data-name="/BirthNotification/Outcome_Occured/Where_Delivered" value="4" required="required" data-type-xml="select1"/><span lang="bn" class="option-label active" data-itext-id="/BirthNotification/Outcome_Occured/Where_Delivered/4:label">&#x9AE;&#x9BE; &#x993; &#x9B6;&#x9BF;&#x9B6;&#x9C1; &#x995;&#x9B2;&#x9CD;&#x9AF;&#x9BE;&#x9A3; &#x995;&#x9C7;&#x9A8;&#x9CD;&#x9A6;&#x9CD;&#x9B0;</span><span lang="en" class="option-label " data-itext-id="/BirthNotification/Outcome_Occured/Where_Delivered/4:label">Mother &amp; Child Welfare Center</span></label><label class=""><input type="radio" name="/BirthNotification/Outcome_Occured/Where_Delivered" data-name="/BirthNotification/Outcome_Occured/Where_Delivered" value="5" required="required" data-type-xml="select1"/><span lang="bn" class="option-label active" data-itext-id="/BirthNotification/Outcome_Occured/Where_Delivered/5:label">&#x99C;&#x9C7;&#x9B2;&#x9BE; &#x9B8;&#x9A6;&#x9B0; &#x9AC;&#x9BE; &#x985;&#x9A8;&#x9CD;&#x9AF;&#x9BE;&#x9A8;&#x9CD;&#x9AF; &#x9B8;&#x9B0;&#x995;&#x9BE;&#x9B0;&#x9C0; &#x9B9;&#x9BE;&#x9B8;&#x9AA;&#x9BE;&#x9A4;&#x9BE;&#x9B2;</span><span lang="en" class="option-label " data-itext-id="/BirthNotification/Outcome_Occured/Where_Delivered/5:label">District or other Govt. Hospital</span></label><label class=""><input type="radio" name="/BirthNotification/Outcome_Occured/Where_Delivered" data-name="/BirthNotification/Outcome_Occured/Where_Delivered" value="6" required="required" data-type-xml="select1"/><span lang="bn" class="option-label active" data-itext-id="/BirthNotification/Outcome_Occured/Where_Delivered/6:label">&#x98F;&#x9A8;&#x99C;&#x9BF;&#x993; &#x995;&#x9CD;&#x9B2;&#x9BF;&#x9A8;&#x9BF;&#x995; &#x9AC;&#x9BE; &#x9B9;&#x9BE;&#x9B8;&#x9AA;&#x9BE;&#x9A4;&#x9BE;&#x9B2;</span><span lang="en" class="option-label " data-itext-id="/BirthNotification/Outcome_Occured/Where_Delivered/6:label">NGO Clinic or Hospital</span></label><label class=""><input type="radio" name="/BirthNotification/Outcome_Occured/Where_Delivered" data-name="/BirthNotification/Outcome_Occured/Where_Delivered" value="7" required="required" data-type-xml="select1"/><span lang="bn" class="option-label active" data-itext-id="/BirthNotification/Outcome_Occured/Where_Delivered/7:label">&#x9AA;&#x9CD;&#x9B0;&#x9BE;&#x987;&#x9AD;&#x9C7;&#x99F; &#x995;&#x9CD;&#x9B2;&#x9BF;&#x9A8;&#x9BF;&#x995; &#x9AC;&#x9BE; &#x9B9;&#x9BE;&#x9B8;&#x9AA;&#x9BE;&#x9A4;&#x9BE;&#x9B2;</span><span lang="en" class="option-label " data-itext-id="/BirthNotification/Outcome_Occured/Where_Delivered/7:label">Private Clinic or Hospital</span></label></div></fieldset><span class="or-constraint-msg active" lang="" data-i18n="constraint.invalid">Value not allowed</span><span class="or-required-msg active" lang="" data-i18n="constraint.required">This field is required</span></fieldset><fieldset class="question simple-select "><fieldset><legend><span lang="bn" class="question-label active" data-itext-id="/BirthNotification/Outcome_Occured/Who_Delivered:label">&#x995;&#x9C7; &#x9AA;&#x9CD;&#x9B0;&#x9B8;&#x9AC; &#x995;&#x9B0;&#x9BF;&#x9DF;&#x9C7;&#x99B;&#x9C7;&#x9A8;?</span><span lang="en" class="question-label " data-itext-id="/BirthNotification/Outcome_Occured/Who_Delivered:label">Who delivered?</span><span class="required">*</span>
    </legend><div class="option-wrapper"><label class=""><input type="radio" name="/BirthNotification/Outcome_Occured/Who_Delivered" data-name="/BirthNotification/Outcome_Occured/Who_Delivered" value="1" required="required" data-type-xml="select1"/><span lang="bn" class="option-label active" data-itext-id="/BirthNotification/Outcome_Occured/Who_Delivered/1:label">&#x9A1;&#x9BE;&#x995;&#x9CD;&#x9A4;&#x9BE;&#x9B0;</span><span lang="en" class="option-label " data-itext-id="/BirthNotification/Outcome_Occured/Who_Delivered/1:label">Doctor</span></label><label class=""><input type="radio" name="/BirthNotification/Outcome_Occured/Who_Delivered" data-name="/BirthNotification/Outcome_Occured/Who_Delivered" value="2" required="required" data-type-xml="select1"/><span lang="bn" class="option-label active" data-itext-id="/BirthNotification/Outcome_Occured/Who_Delivered/2:label">&#x9A8;&#x9BE;&#x9B0;&#x9CD;&#x9B8;</span><span lang="en" class="option-label " data-itext-id="/BirthNotification/Outcome_Occured/Who_Delivered/2:label">Nurse</span></label><label class=""><input type="radio" name="/BirthNotification/Outcome_Occured/Who_Delivered" data-name="/BirthNotification/Outcome_Occured/Who_Delivered" value="3" required="required" data-type-xml="select1"/><span lang="bn" class="option-label active" data-itext-id="/BirthNotification/Outcome_Occured/Who_Delivered/3:label">&#x9B8;&#x9CD;&#x9AF;&#x9BE;&#x995;&#x9AE;&#x9CB;</span><span lang="en" class="option-label " data-itext-id="/BirthNotification/Outcome_Occured/Who_Delivered/3:label">SACMO</span></label><label class=""><input type="radio" name="/BirthNotification/Outcome_Occured/Who_Delivered" data-name="/BirthNotification/Outcome_Occured/Who_Delivered" value="4" required="required" data-type-xml="select1"/><span lang="bn" class="option-label active" data-itext-id="/BirthNotification/Outcome_Occured/Who_Delivered/4:label">&#x98F;&#x9AB;&#x9A1;&#x9AC;&#x9CD;&#x9B2;&#x9BF;&#x989;&#x9AD;&#x9BF;</span><span lang="en" class="option-label " data-itext-id="/BirthNotification/Outcome_Occured/Who_Delivered/4:label">FWV</span></label><label class=""><input type="radio" name="/BirthNotification/Outcome_Occured/Who_Delivered" data-name="/BirthNotification/Outcome_Occured/Who_Delivered" value="5" required="required" data-type-xml="select1"/><span lang="bn" class="option-label active" data-itext-id="/BirthNotification/Outcome_Occured/Who_Delivered/5:label">&#x9AA;&#x9CD;&#x9AF;&#x9BE;&#x9B0;&#x9BE;&#x9AE;&#x9C7;&#x9A1;&#x9BF;&#x995;&#x9CD;&#x9B8;</span><span lang="en" class="option-label " data-itext-id="/BirthNotification/Outcome_Occured/Who_Delivered/5:label">Paramedics</span></label><label class=""><input type="radio" name="/BirthNotification/Outcome_Occured/Who_Delivered" data-name="/BirthNotification/Outcome_Occured/Who_Delivered" value="6" required="required" data-type-xml="select1"/><span lang="bn" class="option-label active" data-itext-id="/BirthNotification/Outcome_Occured/Who_Delivered/6:label">&#x9B8;&#x9BF;&#x98F;&#x9B8;&#x9AC;&#x9BF;&#x98F;</span><span lang="en" class="option-label " data-itext-id="/BirthNotification/Outcome_Occured/Who_Delivered/6:label">CSBA</span></label></div></fieldset><span class="or-constraint-msg active" lang="" data-i18n="constraint.invalid">Value not allowed</span><span class="or-required-msg active" lang="" data-i18n="constraint.required">This field is required</span></fieldset><fieldset class="question simple-select "><fieldset><legend><span lang="bn" class="question-label active" data-itext-id="/BirthNotification/Outcome_Occured/Delivery_Type:label">&#x9AA;&#x9CD;&#x9B0;&#x9B8;&#x9AC;&#x9C7;&#x9B0; &#x9A7;&#x9B0;&#x9A3;</span><span lang="en" class="question-label " data-itext-id="/BirthNotification/Outcome_Occured/Delivery_Type:label">Type of delivery</span><span class="required">*</span>
    </legend><div class="option-wrapper"><label class=""><input type="radio" name="/BirthNotification/Outcome_Occured/Delivery_Type" data-name="/BirthNotification/Outcome_Occured/Delivery_Type" value="1" required="required" data-type-xml="select1"/><span lang="bn" class="option-label active" data-itext-id="/BirthNotification/Outcome_Occured/Delivery_Type/1:label">&#x9B8;&#x9CD;&#x9AC;&#x9BE;&#x9AD;&#x9BE;&#x9AC;&#x9BF;&#x995;</span><span lang="en" class="option-label " data-itext-id="/BirthNotification/Outcome_Occured/Delivery_Type/1:label">Normal</span></label><label class=""><input type="radio" name="/BirthNotification/Outcome_Occured/Delivery_Type" data-name="/BirthNotification/Outcome_Occured/Delivery_Type" value="2" required="required" data-type-xml="select1"/><span lang="bn" class="option-label active" data-itext-id="/BirthNotification/Outcome_Occured/Delivery_Type/2:label">&#x9B8;&#x9BF;&#x99C;&#x9BE;&#x9B0;&#x9BF;&#x9DF;&#x9BE;&#x9A8;</span><span lang="en" class="option-label " data-itext-id="/BirthNotification/Outcome_Occured/Delivery_Type/2:label">Caesarean</span></label></div></fieldset><span class="or-constraint-msg active" lang="" data-i18n="constraint.invalid">Value not allowed</span><span class="or-required-msg active" lang="" data-i18n="constraint.required">This field is required</span></fieldset><fieldset class="question simple-select or-branch pre-init "><fieldset><legend><span lang="bn" class="question-label active" data-itext-id="/BirthNotification/Outcome_Occured/Misoprostol_Given:label">&#x9AE;&#x9BF;&#x9B8;&#x9CB;&#x9AA;&#x9CD;&#x9B0;&#x9CB;&#x9B8;&#x9CD;&#x99F;&#x9CB;&#x9B2; &#x9AC;&#x9DC;&#x9BF; &#x9A6;&#x9BF;&#x9DF;&#x9C7;&#x99B;&#x9C7;&#x9A8; &#x995;&#x9BF; &#x9A8;&#x9BE;?</span><span lang="en" class="question-label " data-itext-id="/BirthNotification/Outcome_Occured/Misoprostol_Given:label">Have you gave misoprostol tablets?</span><span class="required">*</span>
    </legend><div class="option-wrapper"><label class=""><input type="radio" name="/BirthNotification/Outcome_Occured/Misoprostol_Given" data-name="/BirthNotification/Outcome_Occured/Misoprostol_Given" value="0" required="required" data-relevant="selected( /BirthNotification/Mother_Status ,'1')" data-type-xml="select1"/><span lang="bn" class="option-label active" data-itext-id="/BirthNotification/Outcome_Occured/Misoprostol_Given/0:label">&#x9A8;&#x9BE;</span><span lang="en" class="option-label " data-itext-id="/BirthNotification/Outcome_Occured/Misoprostol_Given/0:label">No</span></label><label class=""><input type="radio" name="/BirthNotification/Outcome_Occured/Misoprostol_Given" data-name="/BirthNotification/Outcome_Occured/Misoprostol_Given" value="1" required="required" data-relevant="selected( /BirthNotification/Mother_Status ,'1')" data-type-xml="select1"/><span lang="bn" class="option-label active" data-itext-id="/BirthNotification/Outcome_Occured/Misoprostol_Given/1:label">&#x9B9;&#x9CD;&#x9AF;&#x9BE;&#x981;</span><span lang="en" class="option-label " data-itext-id="/BirthNotification/Outcome_Occured/Misoprostol_Given/1:label">Yes</span></label></div></fieldset><span class="or-constraint-msg active" lang="" data-i18n="constraint.invalid">Value not allowed</span><span class="or-required-msg active" lang="" data-i18n="constraint.required">This field is required</span></fieldset><fieldset class="question simple-select or-branch pre-init "><fieldset><legend><span lang="bn" class="question-label active" data-itext-id="/BirthNotification/Outcome_Occured/Misoprostol_Received:label">&#x9AE;&#x9BF;&#x9B8;&#x9CB;&#x9AA;&#x9CD;&#x9B0;&#x9CB;&#x9B8;&#x9CD;&#x99F;&#x9CB;&#x9B2; &#x9AC;&#x9DC;&#x9BF; &#x9AA;&#x9C7;&#x9DF;&#x9C7;&#x99B;&#x9C7;&#x9A8; &#x995;&#x9BF; &#x9A8;&#x9BE;?</span><span lang="en" class="question-label " data-itext-id="/BirthNotification/Outcome_Occured/Misoprostol_Received:label">Has she received misoprostol tablets?</span><span class="required">*</span>
    </legend><div class="option-wrapper"><label class=""><input type="radio" name="/BirthNotification/Outcome_Occured/Misoprostol_Received" data-name="/BirthNotification/Outcome_Occured/Misoprostol_Received" value="0" required="required" data-relevant=" /BirthNotification/Outcome_Occured/Misoprostol_Given ='0'" data-type-xml="select1"/><span lang="bn" class="option-label active" data-itext-id="/BirthNotification/Outcome_Occured/Misoprostol_Received/0:label">&#x9A8;&#x9BE;</span><span lang="en" class="option-label " data-itext-id="/BirthNotification/Outcome_Occured/Misoprostol_Received/0:label">No</span></label><label class=""><input type="radio" name="/BirthNotification/Outcome_Occured/Misoprostol_Received" data-name="/BirthNotification/Outcome_Occured/Misoprostol_Received" value="1" required="required" data-relevant=" /BirthNotification/Outcome_Occured/Misoprostol_Given ='0'" data-type-xml="select1"/><span lang="bn" class="option-label active" data-itext-id="/BirthNotification/Outcome_Occured/Misoprostol_Received/1:label">&#x9B9;&#x9CD;&#x9AF;&#x9BE;&#x981;</span><span lang="en" class="option-label " data-itext-id="/BirthNotification/Outcome_Occured/Misoprostol_Received/1:label">Yes</span></label></div></fieldset><span class="or-constraint-msg active" lang="" data-i18n="constraint.invalid">Value not allowed</span><span class="or-required-msg active" lang="" data-i18n="constraint.required">This field is required</span></fieldset><label class="question or-branch pre-init non-select "><span lang="bn" class="question-label active" data-itext-id="/BirthNotification/Outcome_Occured/Count_Misorpostol:label">&#x9AE;&#x9BF;&#x9B8;&#x9CB;&#x9AA;&#x9CD;&#x9B0;&#x9CB;&#x9B8;&#x9CD;&#x99F;&#x9CB;&#x9B2; &#x997;&#x9A8;&#x9A8;&#x9BE;</span><span lang="en" class="question-label " data-itext-id="/BirthNotification/Outcome_Occured/Count_Misorpostol:label">Count misoprostol</span><span class="required">*</span><input type="number" name="/BirthNotification/Outcome_Occured/Count_Misorpostol" required="required" data-relevant=" /BirthNotification/Outcome_Occured/Misoprostol_Given ='1' or  /BirthNotification/Outcome_Occured/Misoprostol_Received ='1'" data-type-xml="int"/><span class="or-constraint-msg active" lang="" data-i18n="constraint.invalid">Value not allowed</span><span class="or-required-msg active" lang="" data-i18n="constraint.required">This field is required</span></label><label class="question or-branch pre-init non-select "><span lang="bn" class="question-label active" data-itext-id="/BirthNotification/Outcome_Occured/DOO:label">&#x986;&#x989;&#x99F;&#x995;&#x9BE;&#x9AE;&#x9C7;&#x9B0; &#x9A4;&#x9BE;&#x9B0;&#x9BF;&#x996; &#x98F;&#x9AC;&#x982; &#x9B8;&#x9AE;&#x9AF;&#x9BC; (&#x998;&#x9A3;&#x9CD;&#x99F;&#x9BE;)</span><span lang="en" class="question-label " data-itext-id="/BirthNotification/Outcome_Occured/DOO:label">What was the date and time of the outcome?</span><span class="required">*</span><input type="datetime" name="/BirthNotification/Outcome_Occured/DOO" required="required" data-constraint=".&lt;= /BirthNotification/start " data-relevant="selected( /BirthNotification/Visit_Status , '3') or selected( /BirthNotification/Visit_Status , '4')" data-type-xml="dateTime"/><span class="or-constraint-msg active" lang="" data-i18n="constraint.invalid">Value not allowed</span><span class="or-required-msg active" lang="" data-i18n="constraint.required">This field is required</span></label><label class="question or-branch pre-init non-select "><span lang="bn" class="question-label active" data-itext-id="/BirthNotification/Outcome_Occured/Num_Live_Birth:label">&#x99C;&#x9C0;&#x9AC;&#x9BF;&#x9A4; &#x9AC;&#x9BE;&#x99A;&#x9CD;&#x99A;&#x9BE;&#x9B0; &#x9B8;&#x982;&#x996;&#x9CD;&#x9AF;&#x9BE;</span><span lang="en" class="question-label " data-itext-id="/BirthNotification/Outcome_Occured/Num_Live_Birth:label">Number of live births</span><span class="required">*</span><input type="number" name="/BirthNotification/Outcome_Occured/Num_Live_Birth" required="required" data-relevant="selected( /BirthNotification/Visit_Status , '3')" data-type-xml="int"/><span class="or-constraint-msg active" lang="" data-i18n="constraint.invalid">Value not allowed</span><span class="or-required-msg active" lang="" data-i18n="constraint.required">This field is required</span></label>
    </section><!--end of group -->

    <fieldset id="or-preload-items" style="display:none;"><label class="calculation non-select "><input type="hidden" name="/BirthNotification/Today" data-preload="date" data-preload-params="today" data-type-xml="date"/></label><label class="calculation non-select "><input type="hidden" name="/BirthNotification/start" data-preload="timestamp" data-preload-params="start" data-type-xml="dateTime"/></label><label class="calculation non-select "><input type="hidden" name="/BirthNotification/end" data-preload="timestamp" data-preload-params="end" data-type-xml="dateTime"/></label></fieldset><fieldset id="or-calculated-items" style="display:none;"><label class="calculation non-select "><input type="hidden" name="/BirthNotification/Is_PNC" data-calculate="if(selected( /BirthNotification/Mother_Status ,'1') or  (selected( /BirthNotification/Visit_Status , '4') and selected( /BirthNotification/Mother_Status ,'1')) or  (selected( /BirthNotification/Mother_Status ,'1')), '1',' 0')" data-type-xml="string"/></label><label class="calculation non-select "><input type="hidden" name="/BirthNotification/Eligible" data-relevant="selected( /BirthNotification/Visit_Status , '4')" data-calculate="&quot;1&quot;" data-type-xml="string"/></label><label class="calculation non-select "><input type="hidden" name="/BirthNotification/Calc_Age_Newmom" data-calculate="int(( /BirthNotification/Today  - (format-date(date( /BirthNotification/Outcome_Occured/DOO ), '%Y-%n-%e'))) div 365.25)" data-type-xml="string"/></label><label class="calculation non-select "><input type="hidden" name="/BirthNotification/Nutrition" data-calculate="if( /BirthNotification/Calc_Age_Newmom &lt;'3','1','0')" data-type-xml="string"/></label><label class="calculation non-select "><input type="hidden" name="/BirthNotification/Preg_Status" data-relevant=" /BirthNotification/Visit_Status ='3' or  /BirthNotification/Visit_Status ='4'" data-calculate="&quot;0&quot;" data-type-xml="string"/></label><label class="calculation non-select "><input type="hidden" name="/BirthNotification/meta/instanceID" data-calculate="concat('uuid:', uuid())" data-type-xml="string"/></label><label class="calculation non-select "><input type="hidden" name="/BirthNotification/formhub/uuid" data-calculate="'aaf94bceda864695a0ceb8f0523ad195'" data-type-xml="string"/></label></fieldset></form><xsltmessages><message level="0">XML to HTML transformation for form took 0.03 seconds</message></xsltmessages><jrvalidationmessages><message level="1">This validation is yet not functional.</message></jrvalidationmessages><xmlerrors/><xslformerrors/><xsldataerrors/></root>
