<?xml version="1.0"?>
<root><form autocomplete="off" novalidate="novalidate" class="or clearfix" dir="ltr" id="MIS_Census">
    <!--This form was created by transforming a OpenRosa-flavored (X)Form using an XSLT sheet created by Enketo LLC.--><section class="form-logo"> </section><h3 id="form-title">&#x9A6;&#x9AE;&#x9CD;&#x9AA;&#x9A4;&#x9BF; &#x9B8;&#x9A8;&#x9CD;&#x9A4;&#x9BE;&#x9A8; &#x9B8;&#x982;&#x996;&#x9CD;&#x9AF;&#x9BE; &#x99B;&#x995;</h3><select id="form-languages" data-default-lang="bn"><option value="bn">Bengali</option> <option value="en">English</option> </select>


    <label class="question non-select "><span lang="bn" class="question-label active" data-itext-id="/MIS_Census/FWMISCENDATE:label">&#x9B8;&#x9BE;&#x995;&#x9CD;&#x9B7;&#x9BE;&#x9CE;&#x995;&#x9BE;&#x9B0;&#x9C7;&#x9B0; &#x9A4;&#x9BE;&#x9B0;&#x9BF;&#x996;</span><span lang="en" class="question-label " data-itext-id="/MIS_Census/FWMISCENDATE:label">Date of Interview</span><span class="required">*</span><span lang="bn" class="or-hint active" data-itext-id="/MIS_Census/FWMISCENDATE:hint">&#x985;&#x9A8;&#x9C1;&#x997;&#x9CD;&#x9B0;&#x9B9; &#x995;&#x9B0;&#x9C7; &#x986;&#x99C;&#x995;&#x9C7;&#x9B0; &#x9A4;&#x9BE;&#x9B0;&#x9BF;&#x996; &#x9A6;&#x9BF;&#x9A8;</span><span lang="en" class="or-hint " data-itext-id="/MIS_Census/FWMISCENDATE:hint">Please enter today's date</span><input type="date" name="/MIS_Census/FWMISCENDATE" required="required" data-constraint=".&lt;= /MIS_Census/today " data-type-xml="date"/><span lang="bn" class="or-constraint-msg active" data-itext-id="/MIS_Census/FWMISCENDATE:jr:constraintMsg">&#x986;&#x99C;&#x995;&#x9C7;&#x9B0; &#x9A4;&#x9BE;&#x9B0;&#x9BF;&#x996;&#x9C7;&#x9B0; &#x9AA;&#x9B0;&#x9C7;&#x9B0; &#x995;&#x9CB;&#x9A8; &#x9A4;&#x9BE;&#x9B0;&#x9BF;&#x996; &#x9B9;&#x9A4;&#x9C7; &#x9AA;&#x9BE;&#x9B0;&#x9AC;&#x9C7;&#x9A8;&#x9BE;</span><span lang="en" class="or-constraint-msg " data-itext-id="/MIS_Census/FWMISCENDATE:jr:constraintMsg">Date cannot be greater than today's date</span><span class="or-required-msg active" lang="" data-i18n="constraint.required">This field is required</span></label>
    <label class="question non-select or-appearance-numbers "><span lang="bn" class="question-label active" data-itext-id="/MIS_Census/FWCOUPLENUM:label">&#x9A6;&#x9AE;&#x9CD;&#x9AA;&#x9A4;&#x9BF; &#x9A8;&#x982;</span><span lang="en" class="question-label " data-itext-id="/MIS_Census/FWCOUPLENUM:label">Couple Number</span><span class="required">*</span><span lang="bn" class="or-hint active" data-itext-id="/MIS_Census/FWCOUPLENUM:hint">&#x985;&#x9A8;&#x9C1;&#x997;&#x9CD;&#x9B0;&#x9B9; &#x995;&#x9B0;&#x9C7; &#x9E6;&#x9E6;&#x9E6;&#x9E7; &#x9A5;&#x9C7;&#x995;&#x9C7; &#x9EF;&#x9EF;&#x9EF;&#x9EF; &#x98F;&#x9B0; &#x9AE;&#x9A7;&#x9CD;&#x9AF;&#x9C7; &#x9EA; &#x9A1;&#x9BF;&#x99C;&#x9BF;&#x99F;&#x9C7;&#x9B0; &#x9A8;&#x9AE;&#x9CD;&#x9AC;&#x9B0; &#x99F;&#x9BE;&#x987;&#x9AA; &#x995;&#x9B0;&#x9C1;&#x9A8;</span><span lang="en" class="or-hint " data-itext-id="/MIS_Census/FWCOUPLENUM:hint">Please enter 4 digits number from 0001 to 9999</span><input type="text" name="/MIS_Census/FWCOUPLENUM" required="required" data-constraint="regex(., '^(?!0{4})[0-9]{4}$')" data-type-xml="string"/><span class="or-constraint-msg active" lang="" data-i18n="constraint.invalid">Value not allowed</span><span class="or-required-msg active" lang="" data-i18n="constraint.required">This field is required</span></label>
    <fieldset class="question simple-select "><fieldset><legend><span lang="bn" class="question-label active" data-itext-id="/MIS_Census/FWTETSTAT:label">&#x9AE;&#x9B9;&#x9BF;&#x9B2;&#x9BE;&#x9B0; &#x99F;&#x9BF;&#x99F;&#x9BF; &#x99F;&#x9BF;&#x995;&#x9BE;&#x9A6;&#x9BE;&#x9A8;&#x9C7;&#x9B0; &#x985;&#x9AC;&#x9B8;&#x9CD;&#x9A5;&#x9BE;</span><span lang="en" class="question-label " data-itext-id="/MIS_Census/FWTETSTAT:label">Woman's TT Vaccination Status</span><span class="required">*</span>
    </legend><div class="option-wrapper"><label class=""><input type="radio" name="/MIS_Census/FWTETSTAT" data-name="/MIS_Census/FWTETSTAT" value="0" required="required" data-type-xml="select1"/><span lang="bn" class="option-label active" data-itext-id="/MIS_Census/FWTETSTAT/0:label">&#x9A8;&#x9BE;</span><span lang="en" class="option-label " data-itext-id="/MIS_Census/FWTETSTAT/0:label">No</span></label><label class=""><input type="radio" name="/MIS_Census/FWTETSTAT" data-name="/MIS_Census/FWTETSTAT" value="1" required="required" data-type-xml="select1"/><span lang="bn" class="option-label active" data-itext-id="/MIS_Census/FWTETSTAT/1:label">&#x9B9;&#x9CD;&#x9AF;&#x9BE;&#x981;</span><span lang="en" class="option-label " data-itext-id="/MIS_Census/FWTETSTAT/1:label">Yes</span></label></div></fieldset><span class="or-constraint-msg active" lang="" data-i18n="constraint.invalid">Value not allowed</span><span class="or-required-msg active" lang="" data-i18n="constraint.required">This field is required</span></fieldset>
    <fieldset class="question simple-select or-branch pre-init "><fieldset><legend><span lang="bn" class="question-label active" data-itext-id="/MIS_Census/FWMISCENTTDOSE:label">&#x9AA;&#x9CD;&#x9B0;&#x9A6;&#x9BE;&#x9A8;&#x995;&#x9C3;&#x9A4; &#x99F;&#x9BF;&#x99F;&#x9BF; &#x99F;&#x9BF;&#x995;&#x9BE;&#x9B0; &#x9A1;&#x9CB;&#x99C; &#x9A8;&#x982;</span><span lang="en" class="question-label " data-itext-id="/MIS_Census/FWMISCENTTDOSE:label">Dose no. of given TT vaccine</span><span class="required">*</span>
    </legend><div class="option-wrapper"><label class=""><input type="checkbox" name="/MIS_Census/FWMISCENTTDOSE" value="1" required="required" data-relevant="selected( /MIS_Census/FWTETSTAT ,'1')" data-type-xml="select"/><span lang="bn" class="option-label active" data-itext-id="/MIS_Census/FWMISCENTTDOSE/1:label">&#x99F;&#x9BF;&#x99F;&#x9BF;-&#x9E7;</span><span lang="en" class="option-label " data-itext-id="/MIS_Census/FWMISCENTTDOSE/1:label">TT-1</span></label><label class=""><input type="checkbox" name="/MIS_Census/FWMISCENTTDOSE" value="2" required="required" data-relevant="selected( /MIS_Census/FWTETSTAT ,'1')" data-type-xml="select"/><span lang="bn" class="option-label active" data-itext-id="/MIS_Census/FWMISCENTTDOSE/2:label">&#x99F;&#x9BF;&#x99F;&#x9BF;-&#x9E8;</span><span lang="en" class="option-label " data-itext-id="/MIS_Census/FWMISCENTTDOSE/2:label">TT-2</span></label><label class=""><input type="checkbox" name="/MIS_Census/FWMISCENTTDOSE" value="3" required="required" data-relevant="selected( /MIS_Census/FWTETSTAT ,'1')" data-type-xml="select"/><span lang="bn" class="option-label active" data-itext-id="/MIS_Census/FWMISCENTTDOSE/3:label">&#x99F;&#x9BF;&#x99F;&#x9BF;-&#x9E9;</span><span lang="en" class="option-label " data-itext-id="/MIS_Census/FWMISCENTTDOSE/3:label">TT-3</span></label><label class=""><input type="checkbox" name="/MIS_Census/FWMISCENTTDOSE" value="4" required="required" data-relevant="selected( /MIS_Census/FWTETSTAT ,'1')" data-type-xml="select"/><span lang="bn" class="option-label active" data-itext-id="/MIS_Census/FWMISCENTTDOSE/4:label">&#x99F;&#x9BF;&#x99F;&#x9BF;-&#x9EA;</span><span lang="en" class="option-label " data-itext-id="/MIS_Census/FWMISCENTTDOSE/4:label">TT-4</span></label><label class=""><input type="checkbox" name="/MIS_Census/FWMISCENTTDOSE" value="5" required="required" data-relevant="selected( /MIS_Census/FWTETSTAT ,'1')" data-type-xml="select"/><span lang="bn" class="option-label active" data-itext-id="/MIS_Census/FWMISCENTTDOSE/5:label">&#x99F;&#x9BF;&#x99F;&#x9BF;-&#x9EB;</span><span lang="en" class="option-label " data-itext-id="/MIS_Census/FWMISCENTTDOSE/5:label">TT-5</span></label></div></fieldset><span class="or-constraint-msg active" lang="" data-i18n="constraint.invalid">Value not allowed</span><span class="or-required-msg active" lang="" data-i18n="constraint.required">This field is required</span></fieldset>
    <label class="question non-select "><span lang="bn" class="question-label active" data-itext-id="/MIS_Census/FWMARRYDATE:label">&#x9AC;&#x9BF;&#x9AC;&#x9BE;&#x9B9;&#x9C7;&#x9B0; &#x9A4;&#x9BE;&#x9B0;&#x9BF;&#x996;</span><span lang="en" class="question-label " data-itext-id="/MIS_Census/FWMARRYDATE:label">Date of Marriage</span><span class="required">*</span><input type="date" name="/MIS_Census/FWMARRYDATE" required="required" data-type-xml="date"/><span class="or-constraint-msg active" lang="" data-i18n="constraint.invalid">Value not allowed</span><span class="or-required-msg active" lang="" data-i18n="constraint.required">This field is required</span></label>
    <section class="or-group or-appearance-field-list " name="/MIS_Census/num_children_alive_grp"><h4><span lang="bn" class="question-label active" data-itext-id="/MIS_Census/num_children_alive_grp:label">&#x9AA;&#x9CD;&#x9B0;&#x9A4;&#x9BF;&#x99F;&#x9BF; &#x9B2;&#x9BF;&#x999;&#x9CD;&#x997;&#x9C7;&#x9B0; &#x99C;&#x9A8;&#x9CD;&#x9AF; &#x98F;&#x995;&#x99F;&#x9BF; &#x995;&#x9B0;&#x9C7; &#x989;&#x9A4;&#x9CD;&#x9A4;&#x9B0; &#x99F;&#x9BE;&#x987;&#x9AA; &#x995;&#x9B0;&#x9C1;&#x9A8;</span><span lang="en" class="question-label " data-itext-id="/MIS_Census/num_children_alive_grp:label">Enter one response for each gender:</span></h4><label class="question non-select or-appearance-numbers "><span lang="bn" class="question-label active" data-itext-id="/MIS_Census/num_children_alive_grp/FWCHILDALIVEB:label">&#x99C;&#x9C0;&#x9AC;&#x9BF;&#x9A4; &#x99B;&#x9C7;&#x9B2;&#x9C7; &#x9B8;&#x9A8;&#x9CD;&#x9A4;&#x9BE;&#x9A8;&#x9C7;&#x9B0; &#x9B8;&#x982;&#x996;&#x9CD;&#x9AF;&#x9BE;</span><span lang="en" class="question-label " data-itext-id="/MIS_Census/num_children_alive_grp/FWCHILDALIVEB:label">No. of Children Alive - Male</span><span class="required">*</span><input type="number" name="/MIS_Census/num_children_alive_grp/FWCHILDALIVEB" required="required" data-constraint=".&gt;=0 and .&lt;=9" data-type-xml="int"/><span class="or-constraint-msg active" lang="" data-i18n="constraint.invalid">Value not allowed</span><span class="or-required-msg active" lang="" data-i18n="constraint.required">This field is required</span></label><label class="question non-select or-appearance-numbers "><span lang="bn" class="question-label active" data-itext-id="/MIS_Census/num_children_alive_grp/FWCHILDALIVEG:label">&#x99C;&#x9C0;&#x9AC;&#x9BF;&#x9A4; &#x9AE;&#x9C7;&#x9DF;&#x9C7; &#x9B8;&#x9A8;&#x9CD;&#x9A4;&#x9BE;&#x9A8;&#x9C7;&#x9B0; &#x9B8;&#x982;&#x996;&#x9CD;&#x9AF;&#x9BE;</span><span lang="en" class="question-label " data-itext-id="/MIS_Census/num_children_alive_grp/FWCHILDALIVEG:label">No. of Children Alive - Female</span><span class="required">*</span><input type="number" name="/MIS_Census/num_children_alive_grp/FWCHILDALIVEG" required="required" data-constraint=".&gt;=0 and .&lt;=9" data-type-xml="int"/><span class="or-constraint-msg active" lang="" data-i18n="constraint.invalid">Value not allowed</span><span class="or-required-msg active" lang="" data-i18n="constraint.required">This field is required</span></label>
    </section><!--end of group -->

    <fieldset id="or-preload-items" style="display:none;"><label class="calculation non-select "><input type="hidden" name="/MIS_Census/today" data-preload="date" data-preload-params="today" data-type-xml="date"/></label><label class="calculation non-select "><input type="hidden" name="/MIS_Census/start" data-preload="timestamp" data-preload-params="start" data-type-xml="dateTime"/></label><label class="calculation non-select "><input type="hidden" name="/MIS_Census/end" data-preload="timestamp" data-preload-params="end" data-type-xml="dateTime"/></label></fieldset><fieldset id="or-calculated-items" style="display:none;"><label class="calculation non-select "><input type="hidden" name="/MIS_Census/meta/instanceID" data-calculate="concat('uuid:', uuid())" data-type-xml="string"/></label><label class="calculation non-select "><input type="hidden" name="/MIS_Census/formhub/uuid" data-calculate="'4d5d253ed2274a618c02f677762aabab'" data-type-xml="string"/></label></fieldset></form><xsltmessages><message level="0">XML to HTML transformation for form took 0.04 seconds</message></xsltmessages><jrvalidationmessages><message level="1">This validation is yet not functional.</message></jrvalidationmessages><xmlerrors/><xslformerrors/><xsldataerrors/></root>
