{
  "form_data_definition_version": "1",
  "form": {
    "default_bind_path": "/model/instance/MIS_Census",
    "bind_type": "elco",
    "fields": [
      {
        "name": "id",
        "shouldLoadValue": true
      },
      {
        "name": "version",
        "bind": "/model/instance/MIS_Census/version"
      },
      {
        "name": "changes",
        "bind": "/model/instance/MIS_Census/changes"
      },
      {
        "name": "existing_location",
        "bind": "/model/instance/MIS_Census/existing_location",
        "shouldLoadValue": true
      },
      {
        "name": "today",
        "bind": "/model/instance/MIS_Census/today"
      },
      {
        "name": "start",
        "bind": "/model/instance/MIS_Census/start"
      },
      {
        "name": "end",
        "bind": "/model/instance/MIS_Census/end"
      },
      {
        "name": "ELCO",
        "bind": "/model/instance/MIS_Census/existing_ELCO",
        "shouldLoadValue": true
      },
      {
        "name": "GOBHHID",
        "bind": "/model/instance/MIS_Census/existing_GOBHHID",
        "shouldLoadValue": true
      },
      {
        "name": "JiVitAHHID",
        "bind": "/model/instance/MIS_Census/existing_JiVitAHHID",
        "shouldLoadValue": true
      },
      {
        "name": "FWCOUNTRY",
        "bind": "/model/instance/MIS_Census/FWCOUNTRY",
        "shouldLoadValue": true
      },
      {
        "name": "FWDIVISION",
        "bind": "/model/instance/MIS_Census/existing_FWDIVISION",
        "shouldLoadValue": true
      },
      {
        "name": "FWDISTRICT",
        "bind": "/model/instance/MIS_Census/existing_FWDISTRICT",
        "shouldLoadValue": true
      },
      {
        "name": "FWUPAZILLA",
        "bind": "/model/instance/MIS_Census/existing_FWUPAZILLA",
        "shouldLoadValue": true
      },
      {
        "name": "FWUNION",
        "bind": "/model/instance/MIS_Census/existing_FWUNION",
        "shouldLoadValue": true
      },
      {
        "name": "FWWARD",
        "bind": "/model/instance/MIS_Census/existing_FWWARD",
        "shouldLoadValue": true
      },
      {
        "name": "FWSUBUNIT",
        "bind": "/model/instance/MIS_Census/existing_FWSUBUNIT",
        "shouldLoadValue": true
      },
      {
        "name": "FWMAUZA_PARA",
        "bind": "/model/instance/MIS_Census/existing_FWMAUZA_PARA",
        "shouldLoadValue": true
      },
      {
        "name": "FWNHHHGPS",
        "bind": "/model/instance/MIS_Census/existing_FWNHHHGPS",
        "shouldLoadValue": true
      },
      {
        "name": "FWMISCENSUSDATE",
        "bind": "/model/instance/MIS_Census/FWMISCENDATE"
      },
      {
        "name": "FWCOUPLENUM",
        "bind": "/model/instance/MIS_Census/FWCOUPLENUM"
      },
      {
        "name": "FWTETSTAT",
        "bind": "/model/instance/MIS_Census/FWTETSTAT"
      },
      {
        "name": "FWMISCENTTDOSE",
        "bind": "/model/instance/MIS_Census/FWMISCENTTDOSE"
      },
      {
        "name": "FWMARRYDATE",
        "bind": "/model/instance/MIS_Census/FWMARRYDATE"
      },
      {
        "name": "FWCHILDALIVEB",
        "bind": "/model/instance/MIS_Census/num_children_alive_grp/FWCHILDALIVEB"
      },
      {
        "name": "FWCHILDALIVEG",
        "bind": "/model/instance/MIS_Census/num_children_alive_grp/FWCHILDALIVEG"
      },
      {
        "name": "mis_census_current_formStatus",
        "bind": "/model/instance/MIS_Census/current_formStatus"
      }
    ]
  }
}