<model>
  <instance>
    <MIS_Census encounter_type="MIS Census" id="MIS_Census" version="201610160739">
      <formhub>
        <uuid/>
      </formhub>
      <version/>
      <changes/>
      <existing_location openmrs_entity="encounter" openmrs_entity_id="location_id"/>
      <today openmrs_entity="encounter" openmrs_entity_id="encounter_date"/>
      <start openmrs_entity="concept" openmrs_entity_id="163137AAAAAAAAAAAAAAAAAAAAAAAAAAAAAA"/>
      <end openmrs_entity="concept" openmrs_entity_id="163138AAAAAAAAAAAAAAAAAAAAAAAAAAAAAA"/>
      <existing_ELCO/>
      <existing_GOBHHID/>
      <existing_JiVitAHHID/>
      <existing_FWCOUNTRY/>
      <existing_FWDIVISION/>
      <existing_FWDISTRICT/>
      <existing_FWUPAZILLA/>
      <existing_FWUNION/>
      <existing_FWWARD/>
      <existing_FWSUBUNIT/>
      <existing_FWMAUZA_PARA/>
      <existing_FWNHHHGPS/>
      <FWMISCENDATE openmrs_entity="concept" openmrs_entity_id="160753AAAAAAAAAAAAAAAAAAAAAAAAAAAAAA"/>
      <FWCOUPLENUM openmrs_entity="person_attribute" openmrs_entity_id="CoupleNum"/>
      <FWTETSTAT openmrs_entity="concept" openmrs_entity_id="160701AAAAAAAAAAAAAAAAAAAAAAAAAAAAAA"/>
      <FWMISCENTTDOSE openmrs_entity="concept" openmrs_entity_id="160055AAAAAAAAAAAAAAAAAAAAAAAAAAAAAA"/>
      <FWMARRYDATE openmrs_entity="concept" openmrs_entity_id="163299AAAAAAAAAAAAAAAAAAAAAAAAAAAAAA"/>
      <num_children_alive_grp>
        <FWCHILDALIVEB openmrs_entity="concept" openmrs_entity_id="1825AAAAAAAAAAAAAAAAAAAAAAAAAAAA" openmrs_entity_parent="1534AAAAAAAAAAAAAAAAAAAAAAAAAAAAAAAA"/>
        <FWCHILDALIVEG openmrs_entity="concept" openmrs_entity_id="1825AAAAAAAAAAAAAAAAAAAAAAAAAAAA" openmrs_entity_parent="1535AAAAAAAAAAAAAAAAAAAAAAAAAAAAAAAA"/>
      </num_children_alive_grp>
      <meta>
        <instanceID/>
      </meta>
    </MIS_Census>
  </instance>
</model>