<?xml version="1.0"?>
<root><form autocomplete="off" novalidate="novalidate" class="or clearfix" dir="ltr" id="MIS_ELCO">
    <!--This form was created by transforming a OpenRosa-flavored (X)Form using an XSLT sheet created by Enketo LLC.--><section class="form-logo"> </section><h3 id="form-title">&#x9A6;&#x9AE;&#x9CD;&#x9AA;&#x9A4;&#x9BF; &#x99B;&#x995;</h3><select id="form-languages" data-default-lang="bn"><option value="bn">Bengali</option> <option value="en">English</option> </select>


    <label class="question non-select "><span lang="bn" class="question-label active" data-itext-id="/MIS_ELCO/FWMISELCODATE:label">&#x9B8;&#x9BE;&#x995;&#x9CD;&#x9B7;&#x9BE;&#x9CE;&#x995;&#x9BE;&#x9B0;&#x9C7;&#x9B0; &#x9A4;&#x9BE;&#x9B0;&#x9BF;&#x996;</span><span lang="en" class="question-label " data-itext-id="/MIS_ELCO/FWMISELCODATE:label">Date of Interview</span><span class="required">*</span><span lang="bn" class="or-hint active" data-itext-id="/MIS_ELCO/FWMISELCODATE:hint">&#x985;&#x9A8;&#x9C1;&#x997;&#x9CD;&#x9B0;&#x9B9; &#x995;&#x9B0;&#x9C7; &#x986;&#x99C;&#x995;&#x9C7;&#x9B0; &#x9A4;&#x9BE;&#x9B0;&#x9BF;&#x996; &#x9A6;&#x9BF;&#x9A8;</span><span lang="en" class="or-hint " data-itext-id="/MIS_ELCO/FWMISELCODATE:hint">Please enter today's date</span><input type="date" name="/MIS_ELCO/FWMISELCODATE" required="required" data-constraint=".&lt;= /MIS_ELCO/today " data-type-xml="date"/><span lang="bn" class="or-constraint-msg active" data-itext-id="/MIS_ELCO/FWMISELCODATE:jr:constraintMsg">&#x986;&#x99C;&#x995;&#x9C7;&#x9B0; &#x9A4;&#x9BE;&#x9B0;&#x9BF;&#x996;&#x9C7;&#x9B0; &#x9AA;&#x9B0;&#x9C7;&#x9B0; &#x995;&#x9CB;&#x9A8; &#x9A4;&#x9BE;&#x9B0;&#x9BF;&#x996; &#x9B9;&#x9A4;&#x9C7; &#x9AA;&#x9BE;&#x9B0;&#x9AC;&#x9C7;&#x9A8;&#x9BE;</span><span lang="en" class="or-constraint-msg " data-itext-id="/MIS_ELCO/FWMISELCODATE:jr:constraintMsg">Date cannot be greater than today's date</span><span class="or-required-msg active" lang="" data-i18n="constraint.required">This field is required</span></label>
    <fieldset class="question simple-select "><fieldset><legend><span lang="bn" class="question-label active" data-itext-id="/MIS_ELCO/FWPMISBIRTHCTRL:label">&#x99C;&#x9A8;&#x9CD;&#x9AE; &#x9A8;&#x9BF;&#x9DF;&#x9A8;&#x9CD;&#x9A4;&#x9CD;&#x9B0;&#x9A3;&#x9C7;&#x9B0; &#x9AC;&#x9CD;&#x9AF;&#x9AC;&#x9B8;&#x9CD;&#x9A5;&#x9BE;</span><span lang="en" class="question-label " data-itext-id="/MIS_ELCO/FWPMISBIRTHCTRL:label">Birth Control Status</span><span class="required">*</span>
    </legend><div class="option-wrapper"><label class=""><input type="radio" name="/MIS_ELCO/FWPMISBIRTHCTRL" data-name="/MIS_ELCO/FWPMISBIRTHCTRL" value="01" required="required" data-type-xml="select1"/><span lang="bn" class="option-label active" data-itext-id="/MIS_ELCO/FWPMISBIRTHCTRL/01:label">&#x996;&#x9BE;&#x9AC;&#x9BE;&#x9B0; &#x9AC;&#x9DC;&#x9BF;</span><span lang="en" class="option-label " data-itext-id="/MIS_ELCO/FWPMISBIRTHCTRL/01:label">Oral Pill</span></label><label class=""><input type="radio" name="/MIS_ELCO/FWPMISBIRTHCTRL" data-name="/MIS_ELCO/FWPMISBIRTHCTRL" value="02" required="required" data-type-xml="select1"/><span lang="bn" class="option-label active" data-itext-id="/MIS_ELCO/FWPMISBIRTHCTRL/02:label">&#x995;&#x9A8;&#x9A1;&#x9AE;</span><span lang="en" class="option-label " data-itext-id="/MIS_ELCO/FWPMISBIRTHCTRL/02:label">Condom</span></label><label class=""><input type="radio" name="/MIS_ELCO/FWPMISBIRTHCTRL" data-name="/MIS_ELCO/FWPMISBIRTHCTRL" value="03" required="required" data-type-xml="select1"/><span lang="bn" class="option-label active" data-itext-id="/MIS_ELCO/FWPMISBIRTHCTRL/03:label">&#x987;&#x9A8;&#x99C;&#x9C7;&#x995;&#x9B6;&#x9A8;</span><span lang="en" class="option-label " data-itext-id="/MIS_ELCO/FWPMISBIRTHCTRL/03:label">Injectable</span></label><label class=""><input type="radio" name="/MIS_ELCO/FWPMISBIRTHCTRL" data-name="/MIS_ELCO/FWPMISBIRTHCTRL" value="04" required="required" data-type-xml="select1"/><span lang="bn" class="option-label active" data-itext-id="/MIS_ELCO/FWPMISBIRTHCTRL/04:label">&#x995;&#x9AA;&#x9BE;&#x9B0; T/&#x986;&#x987; &#x987;&#x989; &#x9A1;&#x9BF;</span><span lang="en" class="option-label " data-itext-id="/MIS_ELCO/FWPMISBIRTHCTRL/04:label">IUD</span></label><label class=""><input type="radio" name="/MIS_ELCO/FWPMISBIRTHCTRL" data-name="/MIS_ELCO/FWPMISBIRTHCTRL" value="05" required="required" data-type-xml="select1"/><span lang="bn" class="option-label active" data-itext-id="/MIS_ELCO/FWPMISBIRTHCTRL/05:label">&#x995;&#x9BE;&#x9A0;&#x9BF; / &#x987;&#x9AE;&#x9AA;&#x9CD;&#x9B2;&#x9CD;&#x9AF;&#x9BE;&#x9A8;&#x9CD;&#x99F;</span><span lang="en" class="option-label " data-itext-id="/MIS_ELCO/FWPMISBIRTHCTRL/05:label">Implant</span></label><label class=""><input type="radio" name="/MIS_ELCO/FWPMISBIRTHCTRL" data-name="/MIS_ELCO/FWPMISBIRTHCTRL" value="06" required="required" data-type-xml="select1"/><span lang="bn" class="option-label active" data-itext-id="/MIS_ELCO/FWPMISBIRTHCTRL/06:label">&#x9B8;&#x9CD;&#x9A5;&#x9BE;&#x9DF;&#x9C0; &#x9AA;&#x9A6;&#x9CD;&#x9A7;&#x9A4;&#x9BF; (&#x9AA;&#x9C1;&#x9B0;&#x9C1;&#x9B7;) / &#x9AD;&#x9DF;&#x9BE;&#x9B8;&#x9C7;&#x995;&#x9CD;&#x99F;&#x9AE;&#x9BF;</span><span lang="en" class="option-label " data-itext-id="/MIS_ELCO/FWPMISBIRTHCTRL/06:label">Permanently sterilized (Male)</span></label><label class=""><input type="radio" name="/MIS_ELCO/FWPMISBIRTHCTRL" data-name="/MIS_ELCO/FWPMISBIRTHCTRL" value="07" required="required" data-type-xml="select1"/><span lang="bn" class="option-label active" data-itext-id="/MIS_ELCO/FWPMISBIRTHCTRL/07:label">&#x9B8;&#x9CD;&#x9A5;&#x9BE;&#x9DF;&#x9C0; &#x9AA;&#x9A6;&#x9CD;&#x9A7;&#x9A4;&#x9BF; (&#x9AE;&#x9B9;&#x9BF;&#x9B2;&#x9BE;) / &#x99F;&#x9BF;&#x989;&#x9AC;&#x9C7;&#x995;&#x9CD;&#x99F;&#x9AE;&#x9BF;</span><span lang="en" class="option-label " data-itext-id="/MIS_ELCO/FWPMISBIRTHCTRL/07:label">Permanently sterilized (Female)</span></label><label class=""><input type="radio" name="/MIS_ELCO/FWPMISBIRTHCTRL" data-name="/MIS_ELCO/FWPMISBIRTHCTRL" value="08" required="required" data-type-xml="select1"/><span lang="bn" class="option-label active" data-itext-id="/MIS_ELCO/FWPMISBIRTHCTRL/08:label">&#x99C;&#x9B0;&#x9C1;&#x9B0;&#x9C0; &#x997;&#x9B0;&#x9AD;&#x9A8;&#x9BF;&#x9B0;&#x9A7;&#x995; &#x9AC;&#x9DC;&#x9BF; (&#x987;&#x9B8;&#x9BF;&#x9AA;&#x9BF;)</span><span lang="en" class="option-label " data-itext-id="/MIS_ELCO/FWPMISBIRTHCTRL/08:label">ECP</span></label><label class=""><input type="radio" name="/MIS_ELCO/FWPMISBIRTHCTRL" data-name="/MIS_ELCO/FWPMISBIRTHCTRL" value="09" required="required" data-type-xml="select1"/><span lang="bn" class="option-label active" data-itext-id="/MIS_ELCO/FWPMISBIRTHCTRL/09:label">&#x99C;&#x9B0;&#x9C1;&#x9BE;&#x9DF;&#x9C1; &#x985;&#x9AA;&#x9B8;&#x9BE;&#x9B0;&#x9A3;&#x9C7;&#x9B0; &#x985;&#x9AA;&#x9BE;&#x9B0;&#x9C7;&#x9B6;&#x9A8; (&#x9B9;&#x9BF;&#x9B8;&#x9CD;&#x99F;&#x9C7;&#x9B0;&#x9C7;&#x995;&#x99F;&#x9AE;&#x9C0;)</span><span lang="en" class="option-label " data-itext-id="/MIS_ELCO/FWPMISBIRTHCTRL/09:label">Hysterectomy (operation to remove uterus)</span></label><label class=""><input type="radio" name="/MIS_ELCO/FWPMISBIRTHCTRL" data-name="/MIS_ELCO/FWPMISBIRTHCTRL" value="88" required="required" data-type-xml="select1"/><span lang="bn" class="option-label active" data-itext-id="/MIS_ELCO/FWPMISBIRTHCTRL/88:label">&#x985;&#x9A8;&#x9CD;&#x9AF;&#x9BE;&#x9A8;&#x9CD;&#x9AF; &#x9AA;&#x9A6;&#x9CD;&#x9A7;&#x9A4;&#x9BF;</span><span lang="en" class="option-label " data-itext-id="/MIS_ELCO/FWPMISBIRTHCTRL/88:label">Other methods</span></label><label class=""><input type="radio" name="/MIS_ELCO/FWPMISBIRTHCTRL" data-name="/MIS_ELCO/FWPMISBIRTHCTRL" value="99" required="required" data-type-xml="select1"/><span lang="bn" class="option-label active" data-itext-id="/MIS_ELCO/FWPMISBIRTHCTRL/99:label">&#x995;&#x9BF;&#x99B;&#x9C1;&#x987; &#x9A8;&#x9BE;</span><span lang="en" class="option-label " data-itext-id="/MIS_ELCO/FWPMISBIRTHCTRL/99:label">None</span></label></div></fieldset><span class="or-constraint-msg active" lang="" data-i18n="constraint.invalid">Value not allowed</span><span class="or-required-msg active" lang="" data-i18n="constraint.required">This field is required</span></fieldset>
    <label class="question or-branch pre-init non-select "><span lang="bn" class="question-label active" data-itext-id="/MIS_ELCO/FWMISINJGIVENDATE:label">&#x987;&#x99E;&#x9CD;&#x99C;&#x9C7;&#x995;&#x9B6;&#x9A8; &#x9A8;&#x9C7;&#x993;&#x9DF;&#x9BE;&#x9B0; &#x9A4;&#x9BE;&#x9B0;&#x9BF;&#x996;</span><span lang="en" class="question-label " data-itext-id="/MIS_ELCO/FWMISINJGIVENDATE:label">Date of Inejctables</span><span class="required">*</span><input type="date" name="/MIS_ELCO/FWMISINJGIVENDATE" required="required" data-relevant=" /MIS_ELCO/FWPMISBIRTHCTRL ='03'" data-type-xml="date"/><span class="or-constraint-msg active" lang="" data-i18n="constraint.invalid">Value not allowed</span><span class="or-required-msg active" lang="" data-i18n="constraint.required">This field is required</span></label>
    <label class="note or-branch pre-init non-select "><span lang="bn" class="question-label active" data-itext-id="/MIS_ELCO/FWMISINJNEXTDATE:label">&#x9AA;&#x9B0;&#x9AC;&#x9B0;&#x9CD;&#x9A4;&#x9C0; &#x987;&#x99E;&#x9CD;&#x99C;&#x9C7;&#x995;&#x9B6;&#x9A8; &#x9A8;&#x9C7;&#x993;&#x9DF;&#x9BE;&#x9B0; &#x9A4;&#x9BE;&#x9B0;&#x9BF;&#x996; <span class="or-output" data-value=" /MIS_ELCO/FWMISINJNEXTDATECALC ">
    </span></span><span lang="en" class="question-label " data-itext-id="/MIS_ELCO/FWMISINJNEXTDATE:label">Next due date for Injectable <span class="or-output" data-value=" /MIS_ELCO/FWMISINJNEXTDATECALC ">
    </span></span><input type="text" name="/MIS_ELCO/FWMISINJNEXTDATE" data-relevant=" /MIS_ELCO/FWPMISBIRTHCTRL ='03'" data-type-xml="string" readonly="readonly"/></label>
    <label class="question or-branch pre-init non-select "><span lang="bn" class="question-label active" data-itext-id="/MIS_ELCO/FWMISPMDATE:label">&#x9B8;&#x9CD;&#x9A5;&#x9BE;&#x9DF;&#x9C0; &#x9AA;&#x9A6;&#x9CD;&#x9A7;&#x9A4;&#x9C7; &#x997;&#x9CD;&#x9B0;&#x9B9;&#x9A8;&#x9C7;&#x9B0; &#x9A4;&#x9BE;&#x9B0;&#x9BF;&#x996;</span><span lang="en" class="question-label " data-itext-id="/MIS_ELCO/FWMISPMDATE:label">Date of Permanent Method</span><span class="required">*</span><input type="date" name="/MIS_ELCO/FWMISPMDATE" required="required" data-relevant=" /MIS_ELCO/FWPMISBIRTHCTRL ='06' or  /MIS_ELCO/FWPMISBIRTHCTRL ='07'" data-type-xml="date"/><span class="or-constraint-msg active" lang="" data-i18n="constraint.invalid">Value not allowed</span><span class="or-required-msg active" lang="" data-i18n="constraint.required">This field is required</span></label>
    <label class="question or-branch pre-init non-select "><span lang="bn" class="question-label active" data-itext-id="/MIS_ELCO/FWMISPILLGIVENNO:label">&#x9AA;&#x9CD;&#x9B0;&#x9A6;&#x9BE;&#x9A8;&#x995;&#x9C3;&#x9A4; &#x9AA;&#x9BF;&#x9B2;&#x9C7;&#x9B0; &#x9B8;&#x982;&#x996;&#x9CD;&#x9AF;&#x9BE;</span><span lang="en" class="question-label " data-itext-id="/MIS_ELCO/FWMISPILLGIVENNO:label">No. of Pills Given</span><span class="required">*</span><input type="number" name="/MIS_ELCO/FWMISPILLGIVENNO" required="required" data-relevant=" /MIS_ELCO/FWPMISBIRTHCTRL ='01'" data-type-xml="int"/><span class="or-constraint-msg active" lang="" data-i18n="constraint.invalid">Value not allowed</span><span class="or-required-msg active" lang="" data-i18n="constraint.required">This field is required</span></label>
    <label class="question or-branch pre-init non-select "><span lang="bn" class="question-label active" data-itext-id="/MIS_ELCO/FWMISPILLGIVENDATE:label">&#x9AA;&#x9BF;&#x9B2; &#x9A6;&#x9C7;&#x993;&#x9DF;&#x9BE;&#x9B0; &#x9A4;&#x9BE;&#x9B0;&#x9BF;&#x996;</span><span lang="en" class="question-label " data-itext-id="/MIS_ELCO/FWMISPILLGIVENDATE:label">Date of Pills given</span><span class="required">*</span><input type="date" name="/MIS_ELCO/FWMISPILLGIVENDATE" required="required" data-relevant=" /MIS_ELCO/FWPMISBIRTHCTRL ='01'" data-type-xml="date"/><span class="or-constraint-msg active" lang="" data-i18n="constraint.invalid">Value not allowed</span><span class="or-required-msg active" lang="" data-i18n="constraint.required">This field is required</span></label>
    <label class="question or-branch pre-init non-select "><span lang="bn" class="question-label active" data-itext-id="/MIS_ELCO/FWMISCONDGIVENNO:label">&#x9AA;&#x9CD;&#x9B0;&#x9A6;&#x9BE;&#x9A8;&#x995;&#x9C3;&#x9A4; &#x995;&#x9A8;&#x9A1;&#x9AE;&#x9C7;&#x9B0; &#x9B8;&#x982;&#x996;&#x9CD;&#x9AF;&#x9BE;</span><span lang="en" class="question-label " data-itext-id="/MIS_ELCO/FWMISCONDGIVENNO:label">No. of Condoms Given</span><span class="required">*</span><input type="number" name="/MIS_ELCO/FWMISCONDGIVENNO" required="required" data-relevant=" /MIS_ELCO/FWPMISBIRTHCTRL ='02'" data-type-xml="int"/><span class="or-constraint-msg active" lang="" data-i18n="constraint.invalid">Value not allowed</span><span class="or-required-msg active" lang="" data-i18n="constraint.required">This field is required</span></label>
    <label class="question or-branch pre-init non-select "><span lang="bn" class="question-label active" data-itext-id="/MIS_ELCO/FWMISCONDGIVENDATE:label">&#x995;&#x9A8;&#x9A1;&#x9AE; &#x9A6;&#x9C7;&#x993;&#x9DF;&#x9BE;&#x9B0; &#x9A4;&#x9BE;&#x9B0;&#x9BF;&#x996;</span><span lang="en" class="question-label " data-itext-id="/MIS_ELCO/FWMISCONDGIVENDATE:label">Date of Condom given</span><span class="required">*</span><input type="date" name="/MIS_ELCO/FWMISCONDGIVENDATE" required="required" data-relevant=" /MIS_ELCO/FWPMISBIRTHCTRL ='02'" data-type-xml="date"/><span class="or-constraint-msg active" lang="" data-i18n="constraint.invalid">Value not allowed</span><span class="or-required-msg active" lang="" data-i18n="constraint.required">This field is required</span></label>
    <fieldset class="question simple-select or-branch pre-init "><fieldset><legend><span lang="bn" class="question-label active" data-itext-id="/MIS_ELCO/FWMISOPT:label">&#x996;&#x9BE;&#x9AC;&#x9BE;&#x9B0; &#x9AC;&#x9DC;&#x9BF; &#x9A7;&#x9B0;&#x9A8;</span><span lang="en" class="question-label " data-itext-id="/MIS_ELCO/FWMISOPT:label">Oral Pill Type</span><span class="required">*</span>
    </legend><div class="option-wrapper"><label class=""><input type="radio" name="/MIS_ELCO/FWMISOPT" data-name="/MIS_ELCO/FWMISOPT" value="1" required="required" data-relevant=" /MIS_ELCO/FWPMISBIRTHCTRL ='01'" data-type-xml="select1"/><span lang="bn" class="option-label active" data-itext-id="/MIS_ELCO/FWMISOPT/1:label">&#x9B8;&#x9C1;&#x996;&#x9C0;</span><span lang="en" class="option-label " data-itext-id="/MIS_ELCO/FWMISOPT/1:label">Sukhi</span></label><label class=""><input type="radio" name="/MIS_ELCO/FWMISOPT" data-name="/MIS_ELCO/FWMISOPT" value="2" required="required" data-relevant=" /MIS_ELCO/FWPMISBIRTHCTRL ='01'" data-type-xml="select1"/><span lang="bn" class="option-label active" data-itext-id="/MIS_ELCO/FWMISOPT/2:label">&#x986;&#x9AA;&#x9A8;</span><span lang="en" class="option-label " data-itext-id="/MIS_ELCO/FWMISOPT/2:label">Apon</span></label></div></fieldset><span class="or-constraint-msg active" lang="" data-i18n="constraint.invalid">Value not allowed</span><span class="or-required-msg active" lang="" data-i18n="constraint.required">This field is required</span></fieldset>
    <fieldset class="question simple-select or-branch pre-init "><fieldset><legend><span lang="bn" class="question-label active" data-itext-id="/MIS_ELCO/FWMISIMPT:label">&#x987;&#x9AE;&#x9AA;&#x9CD;&#x9B2;&#x9CD;&#x9AF;&#x9BE;&#x9A8;&#x9CD;&#x99F; &#x98F;&#x9B0; &#x9A7;&#x9B0;&#x9A8;</span><span lang="en" class="question-label " data-itext-id="/MIS_ELCO/FWMISIMPT:label">Implant Type</span><span class="required">*</span>
    </legend><div class="option-wrapper"><label class=""><input type="radio" name="/MIS_ELCO/FWMISIMPT" data-name="/MIS_ELCO/FWMISIMPT" value="1" required="required" data-relevant=" /MIS_ELCO/FWPMISBIRTHCTRL ='05'" data-type-xml="select1"/><span lang="bn" class="option-label active" data-itext-id="/MIS_ELCO/FWMISIMPT/1:label">&#x987;&#x9AE;&#x9AA;&#x9CD;&#x9B2;&#x9CD;&#x9AF;&#x9BE;&#x9A8;&#x9A8;</span><span lang="en" class="option-label " data-itext-id="/MIS_ELCO/FWMISIMPT/1:label">Implanon</span></label><label class=""><input type="radio" name="/MIS_ELCO/FWMISIMPT" data-name="/MIS_ELCO/FWMISIMPT" value="2" required="required" data-relevant=" /MIS_ELCO/FWPMISBIRTHCTRL ='05'" data-type-xml="select1"/><span lang="bn" class="option-label active" data-itext-id="/MIS_ELCO/FWMISIMPT/2:label">&#x99C;&#x9CD;&#x9AF;&#x9BE;&#x9A1;&#x9C7;&#x9B2;&#x9BE;</span><span lang="en" class="option-label " data-itext-id="/MIS_ELCO/FWMISIMPT/2:label">Jadelle</span></label><label class=""><input type="radio" name="/MIS_ELCO/FWMISIMPT" data-name="/MIS_ELCO/FWMISIMPT" value="8" required="required" data-relevant=" /MIS_ELCO/FWPMISBIRTHCTRL ='05'" data-type-xml="select1"/><span lang="bn" class="option-label active" data-itext-id="/MIS_ELCO/FWMISIMPT/8:label">&#x985;&#x9A8;&#x9CD;&#x9AF;&#x9BE;&#x9A8;&#x9CD;&#x9AF;</span><span lang="en" class="option-label " data-itext-id="/MIS_ELCO/FWMISIMPT/8:label">Other</span></label></div></fieldset><span class="or-constraint-msg active" lang="" data-i18n="constraint.invalid">Value not allowed</span><span class="or-required-msg active" lang="" data-i18n="constraint.required">This field is required</span></fieldset>
    <fieldset class="question simple-select or-branch pre-init "><fieldset><legend><span lang="bn" class="question-label active" data-itext-id="/MIS_ELCO/FWMISBCSOURCE:label">&#x997;&#x9CD;&#x9B0;&#x9B9;&#x9C0;&#x9A4;&#x9BE; &#x99C;&#x9A8;&#x9CD;&#x9AE; &#x9A8;&#x9BF;&#x9DF;&#x9A8;&#x9CD;&#x9A4;&#x9CD;&#x9B0;&#x9A3;&#x9C7;&#x9B0; &#x9B8;&#x9BE;&#x9AE;&#x997;&#x9CD;&#x9B0;&#x9C0; &#x995;&#x9BF;&#x9AD;&#x9BE;&#x9AC;&#x9C7; &#x9AA;&#x9C7;&#x9DF;&#x9C7;&#x99B;&#x9BF;&#x9B2;&#x9C7;&#x9A8;?</span><span lang="en" class="question-label " data-itext-id="/MIS_ELCO/FWMISBCSOURCE:label">How did woman obtain contraception?</span><span class="required">*</span>
    </legend><div class="option-wrapper"><label class=""><input type="radio" name="/MIS_ELCO/FWMISBCSOURCE" data-name="/MIS_ELCO/FWMISBCSOURCE" value="1" required="required" data-relevant=" /MIS_ELCO/FWPMISBIRTHCTRL ='01' or  /MIS_ELCO/FWPMISBIRTHCTRL ='02' or  /MIS_ELCO/FWPMISBIRTHCTRL ='03' or  /MIS_ELCO/FWPMISBIRTHCTRL ='04' or  /MIS_ELCO/FWPMISBIRTHCTRL ='05' or  /MIS_ELCO/FWPMISBIRTHCTRL ='08' or  /MIS_ELCO/FWPMISBIRTHCTRL ='88'" data-type-xml="select1"/><span lang="bn" class="option-label active" data-itext-id="/MIS_ELCO/FWMISBCSOURCE/1:label">&#x9AA;&#x9B0;&#x9BF;&#x9AC;&#x9BE;&#x9B0; &#x995;&#x9B2;&#x9CD;&#x9AF;&#x9BE;&#x9A3; &#x9B8;&#x9B9;&#x995;&#x9BE;&#x9B0;&#x9C0; &#x9A6;&#x9BF;&#x9DF;&#x9C7;&#x99B;&#x9BF;&#x9B2;&#x9C7;&#x9A8;</span><span lang="en" class="option-label " data-itext-id="/MIS_ELCO/FWMISBCSOURCE/1:label">Provided by FWA</span></label><label class=""><input type="radio" name="/MIS_ELCO/FWMISBCSOURCE" data-name="/MIS_ELCO/FWMISBCSOURCE" value="2" required="required" data-relevant=" /MIS_ELCO/FWPMISBIRTHCTRL ='01' or  /MIS_ELCO/FWPMISBIRTHCTRL ='02' or  /MIS_ELCO/FWPMISBIRTHCTRL ='03' or  /MIS_ELCO/FWPMISBIRTHCTRL ='04' or  /MIS_ELCO/FWPMISBIRTHCTRL ='05' or  /MIS_ELCO/FWPMISBIRTHCTRL ='08' or  /MIS_ELCO/FWPMISBIRTHCTRL ='88'" data-type-xml="select1"/><span lang="bn" class="option-label active" data-itext-id="/MIS_ELCO/FWMISBCSOURCE/2:label">&#x9AE;&#x9B9;&#x9BF;&#x9B2;&#x9BE; &#x9A8;&#x9BF;&#x99C;&#x9C7; &#x995;&#x9BF;&#x9A8;&#x9C7;&#x99B;&#x9BF;&#x9B2;&#x9C7;&#x9A8;</span><span lang="en" class="option-label " data-itext-id="/MIS_ELCO/FWMISBCSOURCE/2:label">Bought by Woman</span></label><label class=""><input type="radio" name="/MIS_ELCO/FWMISBCSOURCE" data-name="/MIS_ELCO/FWMISBCSOURCE" value="8" required="required" data-relevant=" /MIS_ELCO/FWPMISBIRTHCTRL ='01' or  /MIS_ELCO/FWPMISBIRTHCTRL ='02' or  /MIS_ELCO/FWPMISBIRTHCTRL ='03' or  /MIS_ELCO/FWPMISBIRTHCTRL ='04' or  /MIS_ELCO/FWPMISBIRTHCTRL ='05' or  /MIS_ELCO/FWPMISBIRTHCTRL ='08' or  /MIS_ELCO/FWPMISBIRTHCTRL ='88'" data-type-xml="select1"/><span lang="bn" class="option-label active" data-itext-id="/MIS_ELCO/FWMISBCSOURCE/8:label">&#x985;&#x9A8;&#x9CD;&#x9AF;&#x9BE;&#x9A8;&#x9CD;&#x9AF; &#x9AE;&#x9BE;&#x9A7;&#x9CD;&#x9AF;&#x9AE;</span><span lang="en" class="option-label " data-itext-id="/MIS_ELCO/FWMISBCSOURCE/8:label">Other source</span></label></div></fieldset><span class="or-constraint-msg active" lang="" data-i18n="constraint.invalid">Value not allowed</span><span class="or-required-msg active" lang="" data-i18n="constraint.required">This field is required</span></fieldset>

    <fieldset id="or-preload-items" style="display:none;"><label class="calculation non-select "><input type="hidden" name="/MIS_ELCO/today" data-preload="date" data-preload-params="today" data-type-xml="date"/></label><label class="calculation non-select "><input type="hidden" name="/MIS_ELCO/start" data-preload="timestamp" data-preload-params="start" data-type-xml="dateTime"/></label><label class="calculation non-select "><input type="hidden" name="/MIS_ELCO/end" data-preload="timestamp" data-preload-params="end" data-type-xml="dateTime"/></label></fieldset><fieldset id="or-calculated-items" style="display:none;"><label class="calculation non-select "><input type="hidden" name="/MIS_ELCO/FWMISINJNEXTDATECALC" data-relevant=" /MIS_ELCO/FWPMISBIRTHCTRL ='03'" data-calculate="format-date (date(( /MIS_ELCO/FWMISINJGIVENDATE )+90), '%Y-%m-%d')" data-type-xml="string"/></label><label class="calculation non-select "><input type="hidden" name="/MIS_ELCO/meta/instanceID" data-calculate="concat('uuid:', uuid())" data-type-xml="string"/></label><label class="calculation non-select "><input type="hidden" name="/MIS_ELCO/formhub/uuid" data-calculate="'7b628508d94643be84b01a596831928a'" data-type-xml="string"/></label></fieldset></form><xsltmessages><message level="0">XML to HTML transformation for form took 0.02 seconds</message></xsltmessages><jrvalidationmessages><message level="1">This validation is yet not functional.</message></jrvalidationmessages><xmlerrors/><xslformerrors/><xsldataerrors/></root>
