<model>
  <instance>
    <MIS_ELCO encounter_type="MIS ELCO" id="MIS_ELCO" version="201609220937">
      <formhub>
        <uuid/>
      </formhub>
      <version/>
      <changes/>
      <existing_mauzapara/>
      <existing_gobhhid/>
      <existing_jivhhid/>
      <existing_first_name/>
      <existing_husname/>
      <existing_wom_nid/>
      <existing_wom_bid/>
      <existing_wom_age/>
      <existing_ELCO/>
      <existing_location openmrs_entity="encounter" openmrs_entity_id="location_id"/>
      <today openmrs_entity="encounter" openmrs_entity_id="encounter_date"/>
      <start openmrs_entity="concept" openmrs_entity_id="163137AAAAAAAAAAAAAAAAAAAAAAAAAAAAAA"/>
      <end openmrs_entity="concept" openmrs_entity_id="163138AAAAAAAAAAAAAAAAAAAAAAAAAAAAAA"/>
      <FWMISELCODATE openmrs_entity="concept" openmrs_entity_id="160753AAAAAAAAAAAAAAAAAAAAAAAAAAAAAA"/>
      <FWPMISBIRTHCTRL openmrs_entity="concept" openmrs_entity_id="374AAAAAAAAAAAAAAAAAAAAAAAAAAAAAAAAA"/>
      <FWMISINJGIVENDATE openmrs_entity="concept" openmrs_entity_id="1190AAAAAAAAAAAAAAAAAAAAAAAAAAAAAAAA" openmrs_entity_parent="5279AAAAAAAAAAAAAAAAAAAAAAAAAAAAAAAA"/>
      <FWMISINJNEXTDATECALC/>
      <FWMISINJNEXTDATE/>
      <FWMISPMDATE/>
      <FWMISPILLGIVENNO/>
      <FWMISPILLGIVENDATE/>
      <FWMISCONDGIVENNO/>
      <FWMISCONDGIVENDATE/>
      <FWMISOPT openmrs_entity="concept" openmrs_entity_id="163400AAAAAAAAAAAAAAAAAAAAAAAAAAAAAA"/>
      <FWMISIMPT openmrs_entity="concept" openmrs_entity_id="163401AAAAAAAAAAAAAAAAAAAAAAAAAAAAAA"/>
      <FWMISBCSOURCE openmrs_entity="concept" openmrs_entity_id="163361AAAAAAAAAAAAAAAAAAAAAAAAAAAAAA"/>
      <meta>
        <instanceID/>
      </meta>
    </MIS_ELCO>
  </instance>
</model>