[
  {
    "parent": "household",
    "child": "members",
    "field": "wife",
    "kind": "one_to_many",
    "from": "household.id",
    "to": "members.relationalid"
  },
  {
    "parent": "eligible_couple",
    "child": "mother",
    "field": "wife",
    "kind": "one_to_one",
    "from": "eligible_couple.id",
    "to": "mother.ecCaseId"
  },
  {
    "parent": "mother",
    "child": "child",
    "field": "children",
    "kind": "one_to_many",
    "from": "mother.id",
    "to": "child.motherCaseId"
  }
]