<?xml version="1.0"?>
<root><form autocomplete="off" novalidate="novalidate" class="or clearfix" dir="ltr" id="Nutrition">
    <!--This form was created by transforming a OpenRosa-flavored (X)Form using an XSLT sheet created by Enketo LLC.--><section class="form-logo"> </section><h3 id="form-title">&#x9AE;&#x9BE; &#x993; &#x9B6;&#x9BF;&#x9B6;&#x9C1;&#x9B0; &#x9AA;&#x9C1;&#x9B7;&#x9CD;&#x99F;&#x9BF;</h3><select id="form-languages" data-default-lang="bn"><option value="bn">Bengali</option> <option value="en">English</option> </select>


    <label class="question non-select "><span lang="bn" class="question-label active" data-itext-id="/Nutrition/Visit_Date:label">&#x9AA;&#x9B0;&#x9BF;&#x9A6;&#x9B0;&#x9CD;&#x9B6;&#x9A8;&#x9C7;&#x9B0; &#x9A4;&#x9BE;&#x9B0;&#x9BF;&#x996;</span><span lang="en" class="question-label " data-itext-id="/Nutrition/Visit_Date:label">Date of Visit</span><span class="required">*</span><span lang="bn" class="or-hint active" data-itext-id="/Nutrition/Visit_Date:hint">&#x986;&#x99C;&#x995;&#x9C7;&#x9B0; &#x9A4;&#x9BE;&#x9B0;&#x9BF;&#x996; &#x9A6;&#x9BF;&#x9A8;</span><span lang="en" class="or-hint " data-itext-id="/Nutrition/Visit_Date:hint">Please Confirm Today&#x2019;s date is correct</span><input type="date" name="/Nutrition/Visit_Date" required="required" data-constraint=".&lt;= /Nutrition/Today " data-type-xml="date"/><span class="or-constraint-msg active" lang="" data-i18n="constraint.invalid">Value not allowed</span><span class="or-required-msg active" lang="" data-i18n="constraint.required">This field is required</span></label>
    <fieldset class="question simple-select "><fieldset><legend><span lang="bn" class="question-label active" data-itext-id="/Nutrition/Visit_Status:label">&#x9AD;&#x9BF;&#x99C;&#x9BF;&#x99F; &#x9B8;&#x9CD;&#x99F;&#x9CD;&#x9AF;&#x9BE;&#x99F;&#x9BE;&#x9B8;</span><span lang="en" class="question-label " data-itext-id="/Nutrition/Visit_Status:label">Visit Status</span><span class="required">*</span>
    </legend><div class="option-wrapper"><label class=""><input type="radio" name="/Nutrition/Visit_Status" data-name="/Nutrition/Visit_Status" value="1" required="required" data-type-xml="select1"/><span lang="bn" class="option-label active" data-itext-id="/Nutrition/Visit_Status/1:label">&#x9AE;&#x9BE;&#x9DF;&#x9C7;&#x9B0; &#x9B8;&#x9BE;&#x9A5;&#x9C7; &#x9A6;&#x9C7;&#x996;&#x9BE; &#x9B9;&#x9DF;&#x9C7;&#x99B;&#x9C7;</span><span lang="en" class="option-label " data-itext-id="/Nutrition/Visit_Status/1:label">Met with new mom</span></label><label class=""><input type="radio" name="/Nutrition/Visit_Status" data-name="/Nutrition/Visit_Status" value="2" required="required" data-type-xml="select1"/><span lang="bn" class="option-label active" data-itext-id="/Nutrition/Visit_Status/2:label">&#x9A6;&#x9C7;&#x996;&#x9BE; &#x9B9;&#x9DF;&#x9A8;&#x9BF;</span><span lang="en" class="option-label " data-itext-id="/Nutrition/Visit_Status/2:label">Not met</span></label><label class=""><input type="radio" name="/Nutrition/Visit_Status" data-name="/Nutrition/Visit_Status" value="3" required="required" data-type-xml="select1"/><span lang="bn" class="option-label active" data-itext-id="/Nutrition/Visit_Status/3:label">&#x989;&#x9A4;&#x9CD;&#x9A4;&#x9B0; &#x9A6;&#x9BF;&#x9A4;&#x9C7;
        &#x985;&#x9B8;&#x9AE;&#x9CD;&#x9AE;&#x9A4;&#x9BF; &#x99C;&#x9BE;&#x9A8;&#x9BF;&#x9DF;&#x9C7;&#x99B;&#x9C7;&#x9A8;</span><span lang="en" class="option-label " data-itext-id="/Nutrition/Visit_Status/3:label">Refused</span></label><label class=""><input type="radio" name="/Nutrition/Visit_Status" data-name="/Nutrition/Visit_Status" value="8" required="required" data-type-xml="select1"/><span lang="bn" class="option-label active" data-itext-id="/Nutrition/Visit_Status/8:label">&#x98F;&#x995;&#x9C7;&#x9AC;&#x9BE;&#x9B0;&#x9C7;&#x987; &#x98F;&#x9B2;&#x9BE;&#x995;&#x9BE;
        &#x99B;&#x9C7;&#x9DC;&#x9C7; &#x99A;&#x9B2;&#x9C7; &#x997;&#x9C7;&#x99B;&#x9C7;&#x9A8;</span><span lang="en" class="option-label " data-itext-id="/Nutrition/Visit_Status/8:label">Permanently moved</span></label><label class=""><input type="radio" name="/Nutrition/Visit_Status" data-name="/Nutrition/Visit_Status" value="10" required="required" data-type-xml="select1"/><span lang="bn" class="option-label active" data-itext-id="/Nutrition/Visit_Status/10:label">&#x9AE;&#x9B9;&#x9BF;&#x9B2;&#x9BE; &#x9AE;&#x9BE;&#x9B0;&#x9BE; &#x997;&#x9C7;&#x99B;&#x9C7;&#x9A8;</span><span lang="en" class="option-label " data-itext-id="/Nutrition/Visit_Status/10:label">Woman died</span></label><label class=""><input type="radio" name="/Nutrition/Visit_Status" data-name="/Nutrition/Visit_Status" value="11" required="required" data-type-xml="select1"/><span lang="bn" class="option-label active" data-itext-id="/Nutrition/Visit_Status/11:label">&#x9AC;&#x9BE;&#x99A;&#x9CD;&#x99A;&#x9BE; &#x9AE;&#x9BE;&#x9B0;&#x9BE; &#x997;&#x9C7;&#x99B;&#x9C7;&#x9A8;</span><span lang="en" class="option-label " data-itext-id="/Nutrition/Visit_Status/11:label">Child died</span></label></div></fieldset><span class="or-constraint-msg active" lang="" data-i18n="constraint.invalid">Value not allowed</span><span class="or-required-msg active" lang="" data-i18n="constraint.required">This field is required</span></fieldset>
    <section class="or-group or-branch pre-init " name="/Nutrition/Met" data-relevant="selected( /Nutrition/Visit_Status ,'1')"><h4><span lang="bn" class="question-label active" data-itext-id="/Nutrition/Met:label">&#x9AE;&#x9BE;&#x9DF;&#x9C7;&#x9B0; &#x9AA;&#x9C1;&#x9B7;&#x9CD;&#x99F;&#x9BF; &#x9B8;&#x9C7;&#x9AC;&#x9BE;&#x983;</span><span lang="en" class="question-label " data-itext-id="/Nutrition/Met:label">Mother's Nutrition:</span></h4><label class="note or-branch pre-init non-select "><span lang="bn" class="question-label active" data-itext-id="/Nutrition/Met/Confirm_Info:label">&#x9AE;&#x9B9;&#x9BF;&#x9B2;&#x9BE;&#x9B0; &#x9A4;&#x9A5;&#x9CD;&#x9AF;&#x997;&#x9C1;&#x9B2;&#x9CB; &#x9B8;&#x9A0;&#x9BF;&#x995; &#x995;&#x9BF;&#x9A8;&#x9BE; &#x9A4;&#x9BE; &#x9A8;&#x9BF;&#x9B6;&#x9CD;&#x99A;&#x9BF;&#x9A4; &#x995;&#x9B0;&#x9C1;&#x9A8;&#x983;
        &#x9A8;&#x9BE;&#x9AE;: <span class="or-output" data-value=" /Nutrition/existing_Mem_F_Name ">
        </span>
        &#x996;&#x9BE;&#x9A8;&#x9BE; &#x9A8;&#x9AE;&#x9CD;&#x9AC;&#x9B0;: <span class="or-output" data-value=" /Nutrition/existing_GoB_HHID ">
        </span>
        &#x996;&#x9BE;&#x9A8;&#x9BE; &#x9AA;&#x9CD;&#x9B0;&#x9A7;&#x9BE;&#x9A8;&#x983; <span class="or-output" data-value=" /Nutrition/existing_HoH_F_Name ">
        </span>
        &#x9B8;&#x9CD;&#x9AC;&#x9BE;&#x9AE;&#x9C0;&#x9B0; &#x9A8;&#x9BE;&#x9AE;&#x983; <span class="or-output" data-value=" /Nutrition/existing_Spouse_Name ">
        </span>
        &#x9A6;&#x9AE;&#x9CD;&#x9AA;&#x9A4;&#x9BF; &#x9A8;&#x982;&#x983;<span class="or-output" data-value=" /Nutrition/existing_Couple_No ">
        </span>
        &#x99F;&#x9BF;&#x99F;&#x9BF; &#x99F;&#x9BF;&#x995;&#x9BE; &#x9A6;&#x9C7;&#x993;&#x9DF;&#x9BE; &#x9B9;&#x9DF;&#x9C7;&#x99B;&#x9C7;&#x983; <span class="or-output" data-value=" /Nutrition/existing_TT_Count ">
        </span> &#x99F;&#x9BF;
        &#x9AE;&#x9CB;&#x9AC;&#x9BE;&#x987;&#x9B2; &#x9A8;&#x9AE;&#x9CD;&#x9AC;&#x9B0;&#x983; <span class="or-output" data-value=" /Nutrition/existing_ELCO_Mobile_Number ">
        </span>
        &#x997;&#x9CD;&#x9B0;&#x9BE;&#x9AE;&#x9C7;&#x9B0; &#x9A8;&#x9BE;&#x9AE;&#x983; <span class="or-output" data-value=" /Nutrition/existing_Final_Vill ">
        </span></span><span lang="en" class="question-label " data-itext-id="/Nutrition/Met/Confirm_Info:label">Confirm woman&#x2019;s infromation are correct:
        Name: <span class="or-output" data-value=" /Nutrition/existing_Mem_F_Name ">
        </span>
        GoB HHID: <span class="or-output" data-value=" /Nutrition/existing_GoB_HHID ">
        </span>
        HoH: <span class="or-output" data-value=" /Nutrition/existing_HoH_F_Name ">
        </span>
        Spouse Name: <span class="or-output" data-value=" /Nutrition/existing_Spouse_Name ">
        </span>
        Couple No: <span class="or-output" data-value=" /Nutrition/existing_Couple_No ">
        </span>
        TT Dose No: <span class="or-output" data-value=" /Nutrition/existing_TT_Count ">
        </span>
        Mobile Number: <span class="or-output" data-value=" /Nutrition/existing_ELCO_Mobile_Number ">
        </span>
        Village Name: <span class="or-output" data-value=" /Nutrition/existing_Final_Vill ">
        </span></span><input type="text" name="/Nutrition/Met/Confirm_Info" data-relevant=" /Nutrition/Calc_Age_Newmom &lt;='3' or  /Nutrition/existing_Preg_Status ='1'" data-type-xml="string" readonly="readonly"/></label><label class="note or-branch pre-init non-select "><span lang="bn" class="question-label active" data-itext-id="/Nutrition/Met/Confirm_Info_Child:label">&#x9B6;&#x9BF;&#x9B6;&#x9C1;&#x9B0; &#x9A4;&#x9A5;&#x9CD;&#x9AF;&#x997;&#x9C1;&#x9B2;&#x9CB; &#x9B8;&#x9A0;&#x9BF;&#x995; &#x995;&#x9BF;&#x9A8;&#x9BE; &#x9A4;&#x9BE; &#x9A8;&#x9BF;&#x9B6;&#x9CD;&#x99A;&#x9BF;&#x9A4; &#x995;&#x9B0;&#x9C1;&#x9A8;&#x983;
        &#x9A8;&#x9BE;&#x9AE;: <span class="or-output" data-value=" /Nutrition/existing_Mem_F_Name ">
        </span>
        &#x996;&#x9BE;&#x9A8;&#x9BE; &#x9A8;&#x9AE;&#x9CD;&#x9AC;&#x9B0;: <span class="or-output" data-value=" /Nutrition/existing_GoB_HHID ">
        </span>
        &#x996;&#x9BE;&#x9A8;&#x9BE; &#x9AA;&#x9CD;&#x9B0;&#x9A7;&#x9BE;&#x9A8;&#x983; <span class="or-output" data-value=" /Nutrition/existing_HoH_F_Name ">
        </span>
        &#x9AC;&#x9BE;&#x9AC;&#x9BE;&#x9B0; &#x9A8;&#x9BE;&#x9AE;&#x983; <span class="or-output" data-value=" /Nutrition/existing_Child_Father ">
        </span>
        &#x9AE;&#x9BE;&#x9DF;&#x9C7;&#x9B0; &#x9A8;&#x9BE;&#x9AE;&#x983; <span class="or-output" data-value=" /Nutrition/existing_Child_Mother ">
        </span>
        &#x997;&#x9CD;&#x9B0;&#x9BE;&#x9AE;&#x9C7;&#x9B0; &#x9A8;&#x9BE;&#x9AE;&#x983; <span class="or-output" data-value=" /Nutrition/existing_Final_Vill ">
        </span></span><span lang="en" class="question-label " data-itext-id="/Nutrition/Met/Confirm_Info_Child:label">Confirm child&#x2019;s infromation are correct:
        Name: <span class="or-output" data-value=" /Nutrition/existing_Mem_F_Name ">
        </span>
        GoB HHID: <span class="or-output" data-value=" /Nutrition/existing_GoB_HHID ">
        </span>
        HoH: <span class="or-output" data-value=" /Nutrition/existing_HoH_F_Name ">
        </span>
        Father Name: <span class="or-output" data-value=" /Nutrition/existing_Child_Father ">
        </span>
        MotherName: <span class="or-output" data-value=" /Nutrition/existing_Child_Mother ">
        </span>
        Village Name: <span class="or-output" data-value=" /Nutrition/existing_Final_Vill ">
        </span></span><input type="text" name="/Nutrition/Met/Confirm_Info_Child" data-relevant=" /Nutrition/Calc_Dob_Confirm &lt;'6'" data-type-xml="string" readonly="readonly"/></label><fieldset class="question simple-select or-branch pre-init "><fieldset><legend><span lang="bn" class="question-label active" data-itext-id="/Nutrition/Met/Mother_Nutrition:label">&#x9AE;&#x9BE;&#x9DF;&#x9C7;&#x9B0; &#x9AA;&#x9C1;&#x9B7;&#x9CD;&#x99F;&#x9BF; &#x9B8;&#x9C7;&#x9AC;&#x9BE; &#x995;&#x9BE;&#x989;&#x9A8;&#x9CD;&#x9B8;&#x9BF;&#x9B2;&#x9BF;&#x982;</span><span lang="en" class="question-label " data-itext-id="/Nutrition/Met/Mother_Nutrition:label">-</span><span class="required">*</span>
    </legend><div class="option-wrapper"><label class=""><input type="checkbox" name="/Nutrition/Met/Mother_Nutrition" value="1" required="required" data-relevant=" /Nutrition/Calc_Dob_Confirm &lt;='3'" data-type-xml="select"/><span lang="bn" class="option-label active" data-itext-id="/Nutrition/Met/Mother_Nutrition/1:label">&#x986;&#x9DF;&#x9B0;&#x9A3; &#x993; &#x9AB;&#x9B2;&#x9BF;&#x995; &#x98F;&#x9B8;&#x9BF;&#x9A1; &#x9AC;&#x9DC;&#x9BF; &#x993; &#x9AC;&#x9BE;&#x9DC;&#x9A4;&#x9BF; &#x996;&#x9BE;&#x9AC;&#x9BE;&#x9B0;</span><span lang="en" class="option-label " data-itext-id="/Nutrition/Met/Mother_Nutrition/1:label">Consume IFA tablet and extra food</span></label><label class=""><input type="checkbox" name="/Nutrition/Met/Mother_Nutrition" value="2" required="required" data-relevant=" /Nutrition/Calc_Dob_Confirm &lt;='3'" data-type-xml="select"/><span lang="bn" class="option-label active" data-itext-id="/Nutrition/Met/Mother_Nutrition/2:label">&#x9AE;&#x9BE;&#x9B2;&#x9CD;&#x99F;&#x9BF;&#x9AA;&#x9B2; &#x9AE;&#x9BE;&#x987;&#x995;&#x9CD;&#x9B0;&#x9CB;&#x9A8;&#x9BF;&#x989;&#x99F;&#x9CD;&#x9B0;&#x9BF;&#x9DF;&#x9C7;&#x9A8;&#x9CD;&#x99F; &#x9AA;&#x9BE;&#x989;&#x9A1;&#x9BE;&#x9B0; (&#x98F;&#x9AE; &#x98F;&#x9A8; &#x9AA;&#x9BF;)</span><span lang="en" class="option-label " data-itext-id="/Nutrition/Met/Mother_Nutrition/2:label">Multiple micronutrient powder (MNP)</span></label><label class=""><input type="checkbox" name="/Nutrition/Met/Mother_Nutrition" value="3" required="required" data-relevant=" /Nutrition/Calc_Dob_Confirm &lt;='3'" data-type-xml="select"/><span lang="bn" class="option-label active" data-itext-id="/Nutrition/Met/Mother_Nutrition/3:label">&#x9AE;&#x9BE;&#x9DF;&#x9C7;&#x9B0; &#x9A6;&#x9C1;&#x9A7; &#x993; &#x9AA;&#x9B0;&#x9BF;&#x9AA;&#x9C2;&#x9B0;&#x995; &#x996;&#x9BE;&#x9AC;&#x9BE;&#x9B0;</span><span lang="en" class="option-label " data-itext-id="/Nutrition/Met/Mother_Nutrition/3:label">Breast milk and supplementary food</span></label><label class=""><input type="checkbox" name="/Nutrition/Met/Mother_Nutrition" value="4" required="required" data-relevant=" /Nutrition/Calc_Dob_Confirm &lt;='3'" data-type-xml="select"/><span lang="bn" class="option-label active" data-itext-id="/Nutrition/Met/Mother_Nutrition/4:label">&#x9B9;&#x9BE;&#x9A4; &#x9A7;&#x9CB;&#x9DF;&#x9BE;</span><span lang="en" class="option-label " data-itext-id="/Nutrition/Met/Mother_Nutrition/4:label">Hand wash</span></label></div></fieldset><span class="or-constraint-msg active" lang="" data-i18n="constraint.invalid">Value not allowed</span><span class="or-required-msg active" lang="" data-i18n="constraint.required">This field is required</span></fieldset><fieldset class="question simple-select or-branch pre-init "><fieldset><legend><span lang="bn" class="question-label active" data-itext-id="/Nutrition/Met/Distrinuted_Nutrition:label">&#x9AE;&#x9BE; &#x993; &#x9B6;&#x9BF;&#x9B6;&#x9C1;&#x9B0; &#x9AA;&#x9C1;&#x9B7;&#x9CD;&#x99F;&#x9BF; &#x989;&#x9AA;&#x995;&#x9B0;&#x9A3; &#x9AC;&#x9BF;&#x9A4;&#x9B0;&#x9A3;</span><span lang="en" class="question-label " data-itext-id="/Nutrition/Met/Distrinuted_Nutrition:label">-</span><span class="required">*</span>
    </legend><div class="option-wrapper"><label class=""><input type="checkbox" name="/Nutrition/Met/Distrinuted_Nutrition" value="1" required="required" data-relevant=" /Nutrition/Calc_Dob_Confirm &lt;='3'" data-type-xml="select"/><span lang="bn" class="option-label active" data-itext-id="/Nutrition/Met/Distrinuted_Nutrition/1:label">&#x986;&#x9DF;&#x9B0;&#x9A3; &#x993; &#x9AB;&#x9B2;&#x9BF;&#x995; &#x98F;&#x9B8;&#x9BF;&#x9A1; &#x9AC;&#x9DC;&#x9BF; &#x993; &#x9AC;&#x9BE;&#x9DC;&#x9A4;&#x9BF; &#x996;&#x9BE;&#x9AC;&#x9BE;&#x9B0;</span><span lang="en" class="option-label " data-itext-id="/Nutrition/Met/Distrinuted_Nutrition/1:label">Consume IFA tablet and extra food</span></label><label class=""><input type="checkbox" name="/Nutrition/Met/Distrinuted_Nutrition" value="2" required="required" data-relevant=" /Nutrition/Calc_Dob_Confirm &lt;='3'" data-type-xml="select"/><span lang="bn" class="option-label active" data-itext-id="/Nutrition/Met/Distrinuted_Nutrition/2:label">&#x9AD;&#x9BF;&#x99F;&#x9BE;&#x9AE;&#x9BF;&#x9A8; &#x993; &#x9AE;&#x9BF;&#x9A8;&#x9BE;&#x9B0;&#x9C7;&#x9B2; &#x9AA;&#x9BE;&#x989;&#x9A1;&#x9BE;&#x9B0;</span><span lang="en" class="option-label " data-itext-id="/Nutrition/Met/Distrinuted_Nutrition/2:label">Vit A and minerals</span></label><label class=""><input type="checkbox" name="/Nutrition/Met/Distrinuted_Nutrition" value="3" required="required" data-relevant=" /Nutrition/Calc_Dob_Confirm &lt;='3'" data-type-xml="select"/><span lang="bn" class="option-label active" data-itext-id="/Nutrition/Met/Distrinuted_Nutrition/3:label">&#x995;&#x9CB;&#x9A8; &#x989;&#x9AA;&#x995;&#x9B0;&#x9A3; &#x9AC;&#x9BF;&#x9A4;&#x9B0;&#x9A3; &#x9B9;&#x9DF; &#x9A8;&#x9BF;</span><span lang="en" class="option-label " data-itext-id="/Nutrition/Met/Distrinuted_Nutrition/3:label">Nothing</span></label></div></fieldset><span class="or-constraint-msg active" lang="" data-i18n="constraint.invalid">Value not allowed</span><span class="or-required-msg active" lang="" data-i18n="constraint.required">This field is required</span></fieldset><label class="question or-branch pre-init non-select "><span lang="bn" class="question-label active" data-itext-id="/Nutrition/Met/IFA_Tablets:label">&#x986;&#x9DF;&#x9B0;&#x9A3; &#x993; &#x9AB;&#x9B2;&#x9BF;&#x995; &#x98F;&#x9B8;&#x9BF;&#x9A1; &#x9AC;&#x9DC;&#x9BF; &#x993; &#x9AC;&#x9BE;&#x9DC;&#x9A4;&#x9BF; &#x996;&#x9BE;&#x9AC;&#x9BE;&#x9B0; (&#x9B8;&#x982;&#x996;&#x9CD;&#x9AF;&#x9BE;)</span><span lang="en" class="question-label " data-itext-id="/Nutrition/Met/IFA_Tablets:label">-</span><span class="required">*</span><input type="number" name="/Nutrition/Met/IFA_Tablets" required="required" data-relevant=" /Nutrition/Calc_Dob_Confirm &lt;='3'" data-type-xml="int"/><span class="or-constraint-msg active" lang="" data-i18n="constraint.invalid">Value not allowed</span><span class="or-required-msg active" lang="" data-i18n="constraint.required">This field is required</span></label><label class="question or-branch pre-init non-select "><span lang="bn" class="question-label active" data-itext-id="/Nutrition/Met/VitA_Minarals:label">&#x9AD;&#x9BF;&#x99F;&#x9BE;&#x9AE;&#x9BF;&#x9A8; &#x993; &#x9AE;&#x9BF;&#x9A8;&#x9BE;&#x9B0;&#x9C7;&#x9B2; &#x9AA;&#x9BE;&#x989;&#x9A1;&#x9BE;&#x9B0; (&#x9B8;&#x982;&#x996;&#x9CD;&#x9AF;&#x9BE;)</span><span lang="en" class="question-label " data-itext-id="/Nutrition/Met/VitA_Minarals:label">-</span><span class="required">*</span><input type="number" name="/Nutrition/Met/VitA_Minarals" required="required" data-relevant=" /Nutrition/Calc_Dob_Confirm &lt;='3'" data-type-xml="int"/><span class="or-constraint-msg active" lang="" data-i18n="constraint.invalid">Value not allowed</span><span class="or-required-msg active" lang="" data-i18n="constraint.required">This field is required</span></label><fieldset class="question simple-select or-branch pre-init "><fieldset><legend><span lang="bn" class="question-label active" data-itext-id="/Nutrition/Met/Child_Nutrition:label">&#x9B6;&#x9BF;&#x9B6;&#x9C1;&#x9B0; &#x9AA;&#x9C1;&#x9B7;&#x9CD;&#x99F;&#x9BF; &#x9B8;&#x9C7;&#x9AC;&#x9BE; &#x995;&#x9BE;&#x989;&#x9A8;&#x9CD;&#x9B8;&#x9BF;&#x9B2;&#x9BF;&#x982;</span><span lang="en" class="question-label " data-itext-id="/Nutrition/Met/Child_Nutrition:label">-</span><span class="required">*</span>
    </legend><div class="option-wrapper"><label class=""><input type="checkbox" name="/Nutrition/Met/Child_Nutrition" value="1" required="required" data-relevant=" /Nutrition/Calc_Dob_Confirm &lt;'6'" data-type-xml="select"/><span lang="bn" class="option-label active" data-itext-id="/Nutrition/Met/Child_Nutrition/1:label">&#x99C;&#x9A8;&#x9CD;&#x9AE;&#x9C7;&#x9B0; &#x98F;&#x995; &#x998;&#x9A8;&#x9CD;&#x99F;&#x9BE;&#x9B0; &#x9AE;&#x9A7;&#x9CD;&#x9AF;&#x9C7; &#x9AC;&#x9C1;&#x995;&#x9C7;&#x9B0; &#x9A6;&#x9C1;&#x9A7; &#x996;&#x9BE;&#x993;&#x9DF;&#x9BE;&#x9A8;&#x9CB; &#x9B9;&#x9DF;&#x9C7;&#x99B;&#x9C7;</span><span lang="en" class="option-label " data-itext-id="/Nutrition/Met/Child_Nutrition/1:label">Breas fed within 1 hour</span></label><label class=""><input type="checkbox" name="/Nutrition/Met/Child_Nutrition" value="2" required="required" data-relevant=" /Nutrition/Calc_Dob_Confirm &lt;'6'" data-type-xml="select"/><span lang="bn" class="option-label active" data-itext-id="/Nutrition/Met/Child_Nutrition/2:label">&#x9EC; &#x9AE;&#x9BE;&#x9B8; &#x9AA;&#x9B0;&#x9CD;&#x9AF;&#x9A8;&#x9CD;&#x9A4; &#x9B6;&#x9C1;&#x9A7;&#x9C1; &#x9AC;&#x9C1;&#x995;&#x9C7;&#x9B0; &#x9A6;&#x9C1;&#x9A7; &#x996;&#x9BE;&#x993;&#x9DF;&#x9BE;&#x9A8;&#x9CB; &#x9B9;&#x9DF;&#x9C7;&#x99B;&#x9C7;/&#x9B9;&#x99A;&#x9CD;&#x99B;&#x9C7;</span><span lang="en" class="option-label " data-itext-id="/Nutrition/Met/Child_Nutrition/2:label">Breat fed for 6months</span></label><label class=""><input type="checkbox" name="/Nutrition/Met/Child_Nutrition" value="3" required="required" data-relevant=" /Nutrition/Calc_Dob_Confirm &lt;'6'" data-type-xml="select"/><span lang="bn" class="option-label active" data-itext-id="/Nutrition/Met/Child_Nutrition/3:label">&#x99C;&#x9A8;&#x9CD;&#x9AE;&#x9C7;&#x9B0; &#x9EC; &#x9AE;&#x9BE;&#x9B8; &#x9AA;&#x9B0; &#x9B9;&#x9A4;&#x9C7; &#x9AA;&#x9B0;&#x9BF;&#x9AA;&#x9C1;&#x9B0;&#x995; &#x996;&#x9BE;&#x9AC;&#x9BE;&#x9B0; &#x996;&#x9BE;&#x993;&#x9DF;&#x9BE;&#x9A8;&#x9CB; &#x9B9;&#x9DF;&#x9C7;&#x99B;&#x9C7;/&#x9B9;&#x99A;&#x9CD;&#x99B;&#x9C7;</span><span lang="en" class="option-label " data-itext-id="/Nutrition/Met/Child_Nutrition/3:label">Supplementary food after 6 months</span></label><label class=""><input type="checkbox" name="/Nutrition/Met/Child_Nutrition" value="4" required="required" data-relevant=" /Nutrition/Calc_Dob_Confirm &lt;'6'" data-type-xml="select"/><span lang="bn" class="option-label active" data-itext-id="/Nutrition/Met/Child_Nutrition/4:label">MAM &#x986;&#x995;&#x9CD;&#x9B0;&#x9BE;&#x9A8;&#x9CD;&#x9A4; &#x9B6;&#x9BF;&#x9B6;&#x9C1;</span><span lang="en" class="option-label " data-itext-id="/Nutrition/Met/Child_Nutrition/4:label">Child is suffering MAM</span></label><label class=""><input type="checkbox" name="/Nutrition/Met/Child_Nutrition" value="5" required="required" data-relevant=" /Nutrition/Calc_Dob_Confirm &lt;'6'" data-type-xml="select"/><span lang="bn" class="option-label active" data-itext-id="/Nutrition/Met/Child_Nutrition/5:label">SAM &#x986;&#x995;&#x9CD;&#x9B0;&#x9BE;&#x9A8;&#x9CD;&#x9A4; &#x9B0;&#x9C7;&#x9AB;&#x9BE;&#x9B0;&#x995;&#x9C3;&#x9A4; &#x9B6;&#x9BF;&#x9B6;&#x9C1;</span><span lang="en" class="option-label " data-itext-id="/Nutrition/Met/Child_Nutrition/5:label">Child is suffering SAM</span></label></div></fieldset><span class="or-constraint-msg active" lang="" data-i18n="constraint.invalid">Value not allowed</span><span class="or-required-msg active" lang="" data-i18n="constraint.required">This field is required</span></fieldset><fieldset class="question simple-select or-branch pre-init "><fieldset><legend><span lang="bn" class="question-label active" data-itext-id="/Nutrition/Met/Supplementary_Food:label">&#x9B6;&#x9BF;&#x9B6;&#x9C1;&#x9B0; &#x9AA;&#x9B0;&#x9BF;&#x9AA;&#x9C2;&#x9B0;&#x995; &#x996;&#x9BE;&#x9AC;&#x9BE;&#x9B0;</span><span lang="en" class="question-label " data-itext-id="/Nutrition/Met/Supplementary_Food:label">-</span><span class="required">*</span>
    </legend><div class="option-wrapper"><label class=""><input type="checkbox" name="/Nutrition/Met/Supplementary_Food" value="1" required="required" data-relevant="selected( /Nutrition/Met/Child_Nutrition ,'3')" data-type-xml="select"/><span lang="bn" class="option-label active" data-itext-id="/Nutrition/Met/Supplementary_Food/1:label">&#x9AE;&#x9BE;&#x99B;/&#x9AE;&#x9BE;&#x982;&#x9B8;/&#x9AE;&#x9C1;&#x9B0;&#x997;&#x9BF;&#x9B0; &#x995;&#x9B2;&#x9BF;&#x99C;&#x9BE;</span><span lang="en" class="option-label " data-itext-id="/Nutrition/Met/Supplementary_Food/1:label">Fish/Meat/Chilcke Lever</span></label><label class=""><input type="checkbox" name="/Nutrition/Met/Supplementary_Food" value="2" required="required" data-relevant="selected( /Nutrition/Met/Child_Nutrition ,'3')" data-type-xml="select"/><span lang="bn" class="option-label active" data-itext-id="/Nutrition/Met/Supplementary_Food/2:label">&#x9A1;&#x9BF;&#x9AE;</span><span lang="en" class="option-label " data-itext-id="/Nutrition/Met/Supplementary_Food/2:label">Egg</span></label><label class=""><input type="checkbox" name="/Nutrition/Met/Supplementary_Food" value="3" required="required" data-relevant="selected( /Nutrition/Met/Child_Nutrition ,'3')" data-type-xml="select"/><span lang="bn" class="option-label active" data-itext-id="/Nutrition/Met/Supplementary_Food/3:label">&#x9AD;&#x9BE;&#x9A4;/&#x9B0;&#x9C1;&#x99F;&#x9BF;/&#x986;&#x9B2;&#x9C1;/&#x9B8;&#x9C1;&#x99C;&#x9BF;/&#x9A8;&#x9C1;&#x9A1;&#x9B2;&#x9B8;</span><span lang="en" class="option-label " data-itext-id="/Nutrition/Met/Supplementary_Food/3:label">Rice/Bread/Potato/Veg/Noodles</span></label><label class=""><input type="checkbox" name="/Nutrition/Met/Supplementary_Food" value="4" required="required" data-relevant="selected( /Nutrition/Met/Child_Nutrition ,'3')" data-type-xml="select"/><span lang="bn" class="option-label active" data-itext-id="/Nutrition/Met/Supplementary_Food/4:label">&#x9A1;&#x9BE;&#x9B2;/&#x9AC;&#x9BE;&#x9A6;&#x9BE;&#x9AE; &#x99C;&#x9BE;&#x9A4;&#x9C0;&#x9DF; &#x996;&#x9BE;&#x9A6;&#x9CD;&#x9AF;</span><span lang="en" class="option-label " data-itext-id="/Nutrition/Met/Supplementary_Food/4:label">Lantil/Nuts</span></label><label class=""><input type="checkbox" name="/Nutrition/Met/Supplementary_Food" value="5" required="required" data-relevant="selected( /Nutrition/Met/Child_Nutrition ,'3')" data-type-xml="select"/><span lang="bn" class="option-label active" data-itext-id="/Nutrition/Met/Supplementary_Food/5:label">&#x9A6;&#x9C1;&#x9A7; &#x993; &#x9A6;&#x9C1;&#x9A7;&#x9C7;&#x9B0; &#x9A4;&#x9C8;&#x9B0;&#x9BF; &#x996;&#x9BE;&#x9A6;&#x9CD;&#x9AF; (&#x9A6;&#x987;, &#x9AA;&#x9A8;&#x9BF;&#x9B0; &#x987;&#x9A4;&#x9CD;&#x9AF;&#x9BE;&#x9A6;&#x9BF;)</span><span lang="en" class="option-label " data-itext-id="/Nutrition/Met/Supplementary_Food/5:label">Milk and Lactose food</span></label><label class=""><input type="checkbox" name="/Nutrition/Met/Supplementary_Food" value="6" required="required" data-relevant="selected( /Nutrition/Met/Child_Nutrition ,'3')" data-type-xml="select"/><span lang="bn" class="option-label active" data-itext-id="/Nutrition/Met/Supplementary_Food/6:label">&#x9AD;&#x9BF;&#x99F;&#x9BE;&#x9AE;&#x9BF;&#x9A8; A &#x9AF;&#x9C1;&#x995;&#x9CD;&#x9A4; &#x9AB;&#x9B2; &#x993; &#x9B8;&#x9AC;&#x99C;&#x9BF; (&#x9AA;&#x9BE;&#x981;&#x995;&#x9BE; &#x986;&#x9AE;, &#x9AA;&#x9BE;&#x981;&#x995;&#x9BE; &#x9AA;&#x9C7;&#x981;&#x9AA;&#x9C7;, &#x995;&#x9BE;&#x981;&#x9A0;&#x9BE;&#x9B2;, &#x997;&#x9BE;&#x99C;&#x9B0;, &#x9AE;&#x9BF;&#x9B7;&#x9CD;&#x99F;&#x9BF; &#x995;&#x9C1;&#x9AE;&#x9DC;&#x9BE; &#x987;&#x9A4;&#x9CD;&#x9AF;&#x9BE;&#x9A6;&#x9BF;)</span><span lang="en" class="option-label " data-itext-id="/Nutrition/Met/Supplementary_Food/6:label">Fruits and Veg containing VitA (Mango, Papaya, Jackfruit, Carrot, Pumpkin etc)</span></label><label class=""><input type="checkbox" name="/Nutrition/Met/Supplementary_Food" value="7" required="required" data-relevant="selected( /Nutrition/Met/Child_Nutrition ,'3')" data-type-xml="select"/><span lang="bn" class="option-label active" data-itext-id="/Nutrition/Met/Supplementary_Food/7:label">&#x985;&#x9A8;&#x9CD;&#x9AF;&#x9BE;&#x9A8;&#x9CD;&#x9AF; &#x9AB;&#x9B2; &#x993; &#x9B8;&#x9AC;&#x99C;&#x9BF;</span><span lang="en" class="option-label " data-itext-id="/Nutrition/Met/Supplementary_Food/7:label">Other gruit and Veg</span></label></div></fieldset><span class="or-constraint-msg active" lang="" data-i18n="constraint.invalid">Value not allowed</span><span class="or-required-msg active" lang="" data-i18n="constraint.required">This field is required</span></fieldset><label class="note or-branch pre-init non-select "><span lang="bn" class="question-label active" data-itext-id="/Nutrition/Met/Refer:label">&#x9AE;&#x9BE;&#x9B0;&#x9BE;&#x9A4;&#x9CD;&#x9AE;&#x995; &#x985;&#x9AA;&#x9C1;&#x9B7;&#x9CD;&#x99F;&#x9BF; &#x993; &#x9B0;&#x995;&#x9CD;&#x9A4;&#x9B6;&#x9C2;&#x9A8;&#x9CD;&#x9AF; &#x9B0;&#x9CB;&#x997;&#x9C0;&#x9A6;&#x9C7;&#x9B0; &#x9AA;&#x9B0;&#x9BF;&#x9AC;&#x9BE;&#x9B0; &#x995;&#x9B2;&#x9CD;&#x9AF;&#x9BE;&#x9A3; &#x995;&#x9C7;&#x9A8;&#x9CD;&#x9A6;&#x9CD;&#x9B0;/ &#x9AE;&#x9BE; &#x993; &#x9B6;&#x9BF;&#x9B6;&#x9C1; &#x995;&#x9B2;&#x9CD;&#x9AF;&#x9BE;&#x9A3; &#x995;&#x9C7;&#x9A8;&#x9CD;&#x9A6;&#x9CD;&#x9B0;/ &#x989;&#x9AA;&#x99C;&#x9C7;&#x9B2;&#x9BE; &#x9B8;&#x9CD;&#x9AC;&#x9BE;&#x9B8;&#x9CD;&#x9A5;&#x9CD;&#x9AF; &#x995;&#x9AE;&#x9AA;&#x9CD;&#x9B2;&#x9C7;&#x995;&#x9CD;&#x9B8;&#x9C7; &#x9AA;&#x9CD;&#x9B0;&#x9C7;&#x9B0;&#x9A3;</span><span lang="en" class="question-label " data-itext-id="/Nutrition/Met/Refer:label">-</span><input type="text" name="/Nutrition/Met/Refer" data-relevant="selected( /Nutrition/Met/Child_Nutrition ,'4') or selected( /Nutrition/Met/Child_Nutrition ,'5')" data-type-xml="string" readonly="readonly"/></label>
    </section><!--end of group -->

    <fieldset id="or-preload-items" style="display:none;"><label class="calculation non-select "><input type="hidden" name="/Nutrition/Today" data-preload="date" data-preload-params="today" data-type-xml="date"/></label><label class="calculation non-select "><input type="hidden" name="/Nutrition/start" data-preload="timestamp" data-preload-params="start" data-type-xml="dateTime"/></label><label class="calculation non-select "><input type="hidden" name="/Nutrition/end" data-preload="timestamp" data-preload-params="end" data-type-xml="dateTime"/></label></fieldset><fieldset id="or-calculated-items" style="display:none;"><label class="calculation non-select "><input type="hidden" name="/Nutrition/Calc_Dob_Confirm" data-calculate="int(( /Nutrition/Today  -  /Nutrition/existing_Calc_Dob_Confirm ) div 365.25)" data-type-xml="string"/></label><label class="calculation non-select "><input type="hidden" name="/Nutrition/Calc_Age_Newmom" data-calculate="int(( /Nutrition/Today  - (format-date(date( /Nutrition/existing_DOO ), '%Y-%n-%e'))) div 365.25)" data-type-xml="string"/></label><label class="calculation non-select "><input type="hidden" name="/Nutrition/meta/instanceID" data-calculate="concat('uuid:', uuid())" data-type-xml="string"/></label><label class="calculation non-select "><input type="hidden" name="/Nutrition/formhub/uuid" data-calculate="'8e6dbfd70c91488d86095e2faa6eeb0b'" data-type-xml="string"/></label></fieldset></form><xsltmessages><message level="0">XML to HTML transformation for form took 0.04 seconds</message></xsltmessages><jrvalidationmessages><message level="1">This validation is yet not functional.</message></jrvalidationmessages><xmlerrors/><xslformerrors/><xsldataerrors/></root>
