{
  "form_data_definition_version": "1",
  "form": {
    "default_bind_path": "/model/instance/Nutrition",
    "bind_type": "members",
    "fields": [
      {
        "name": "id",
        "shouldLoadValue": true
      },
      {
        "name": "version",
        "bind": "/model/instance/Nutrition/version"
      },
      {
        "name": "changes",
        "bind": "/model/instance/Nutrition/changes"
      },
      {
        "name": "existing_Country",
        "bind": "/model/instance/Nutrition/existing_Country",
        "shouldLoadValue": true
      },
      {
        "name": "existing_Division",
        "bind": "/model/instance/Nutrition/existing_Division",
        "shouldLoadValue": true
      },
      {
        "name": "existing_District",
        "bind": "/model/instance/Nutrition/existing_District",
        "shouldLoadValue": true
      },
      {
        "name": "existing_Upazilla",
        "bind": "/model/instance/Nutrition/existing_Upazilla",
        "shouldLoadValue": true
      },
      {
        "name": "existing_Union",
        "bind": "/model/instance/Nutrition/existing_Union",
        "shouldLoadValue": true
      },
      {
        "name": "existing_Ward",
        "bind": "/model/instance/Nutrition/existing_Ward",
        "shouldLoadValue": true
      },
      {
        "name": "existing_Subunit",
        "bind": "/model/instance/Nutrition/existing_Subunit",
        "shouldLoadValue": true
      },
      {
        "name": "existing_Mauzapara",
        "bind": "/model/instance/Nutrition/existing_Mauzapara",
        "shouldLoadValue": true
      },
      {
        "name": "Final_Vill",
        "bind": "/model/instance/Nutrition/existing_Final_Vill",
        "shouldLoadValue": true
      },
      {
        "name": "GPS",
        "bind": "/model/instance/Nutrition/existing_GPS",
        "shouldLoadValue": true
      },
      {
        "name": "existing_location",
        "bind": "/model/instance/Nutrition/existing_location"
      },
      {
        "name": "Mem_F_Name",
        "bind": "/model/instance/Nutrition/existing_Mem_F_Name",
        "shouldLoadValue": true
      },
      {
        "name": "Member_GoB_HHID",
        "bind": "/model/instance/Nutrition/existing_GoB_HHID",
        "shouldLoadValue": true
      },
      {
        "name": "existing_HoH_F_Name",
        "bind": "/model/instance/Nutrition/existing_HoH_F_Name",
        "shouldLoadValue": true
      },
      {
        "name": "Spouse_Name",
        "bind": "/model/instance/Nutrition/existing_Spouse_Name",
        "shouldLoadValue": true
      },
      {
        "name": "Couple_No",
        "bind": "/model/instance/Nutrition/existing_Couple_No",
        "shouldLoadValue": true
      },
      {
        "name": "TT_Count",
        "bind": "/model/instance/Nutrition/existing_TT_Count",
        "shouldLoadValue": true
      },
      {
        "name": "ELCO_Mobile_Number",
        "bind": "/model/instance/Nutrition/existing_ELCO_Mobile_Number",
        "shouldLoadValue": true
      },
      {
        "name": "Injection_Date",
        "bind": "/model/instance/Nutrition/existing_Injection_Date",
        "shouldLoadValue": true
      },
      {
        "name": "Calc_Dob_Confirm",
        "bind": "/model/instance/Nutrition/existing_Calc_Dob_Confirm",
        "shouldLoadValue": true
      },
      {
        "name": "Child_Mother",
        "bind": "/model/instance/Nutrition/existing_Child_Mother",
        "shouldLoadValue": true
      },
      {
        "name": "Child_Father",
        "bind": "/model/instance/Nutrition/existing_Child_Father",
        "shouldLoadValue": true
      },
      {
        "name": "DOO",
        "bind": "/model/instance/Nutrition/existing_DOO",
        "shouldLoadValue": true
      },
      {
        "name": "Child",
        "bind": "/model/instance/Nutrition/existing_Child"      ,
        "shouldLoadValue": true
      },
      {
        "name": "Preg_Status",
        "bind": "/model/instance/Nutrition/existing_Preg_Status",
        "shouldLoadValue": true
      },
      {
        "name": "Today",
        "bind": "/model/instance/Nutrition/Today"
      },
      {
        "name": "start",
        "bind": "/model/instance/Nutrition/start"
      },
      {
        "name": "end",
        "bind": "/model/instance/Nutrition/end"
      },
      {
        "name": "nutrition_Visit_Date",
        "bind": "/model/instance/Nutrition/Visit_Date"
      },
      {
        "name": "Visit_Status",
        "bind": "/model/instance/Nutrition/Visit_Status"
      },
      {
        "name": "display_Calc_Dob_Confirm",
        "bind": "/model/instance/Nutrition/Calc_Dob_Confirm"
      },
      {
        "name": "Calc_Age_Newmom",
        "bind": "/model/instance/Nutrition/Calc_Age_Newmom"
      },
      {
        "name": "Confirm_Info",
        "bind": "/model/instance/Nutrition/Met/Confirm_Info"
      },
      {
        "name": "Confirm_Info_Child",
        "bind": "/model/instance/Nutrition/Met/Confirm_Info_Child"
      },
      {
        "name": "Mother_Nutrition",
        "bind": "/model/instance/Nutrition/Met/Mother_Nutrition"
      },
      {
        "name": "Distrinuted_Nutrition",
        "bind": "/model/instance/Nutrition/Met/Distrinuted_Nutrition"
      },
      {
        "name": "IFA_Tablets",
        "bind": "/model/instance/Nutrition/Met/IFA_Tablets"
      },
      {
        "name": "VitA_Minarals",
        "bind": "/model/instance/Nutrition/Met/VitA_Minarals"
      },
      {
        "name": "Child_Nutrition",
        "bind": "/model/instance/Nutrition/Met/Child_Nutrition"
      },
      {
        "name": "Supplementary_Food",
        "bind": "/model/instance/Nutrition/Met/Supplementary_Food"
      },
      {
        "name": "Refer",
        "bind": "/model/instance/Nutrition/Met/Refer"
      },
      {
        "name": "nutritionrelationalid",
        "bind": "/model/instance/Nutrition/relationalid"
      }
    ]
  }
}