<model>
    <instance>
        <Nutrition encounter_type="Nutrition" id="Nutrition" version="201612200730">
            <formhub>
                <uuid/>
            </formhub>
            <version/>
            <changes/>
            <existing_Country/>
            <existing_Division/>
            <existing_District/>
            <existing_Upazilla/>
            <existing_Union/>
            <existing_Ward/>
            <existing_Subunit/>
            <existing_Mauzapara/>
            <existing_Final_Vill/>
            <existing_GPS/>
            <existing_location openmrs_entity="encounter" openmrs_entity_id="location_id"/>
            <existing_Mem_F_Name/>
            <existing_GoB_HHID/>
            <existing_HoH_F_Name/>
            <existing_Spouse_Name/>
            <existing_Couple_No/>
            <existing_TT_Count/>
            <existing_ELCO_Mobile_Number/>
            <existing_Injection_Date/>
            <existing_Calc_Dob_Confirm/>
            <existing_Child_Mother/>
            <existing_Child_Father/>
            <existing_DOO/>
            <existing_Child/>
            <existing_Preg_Status/>
            <Today openmrs_entity="encounter" openmrs_entity_id="encounter_date"/>
            <start openmrs_entity="concept" openmrs_entity_id="163137AAAAAAAAAAAAAAAAAAAAAAAAAAAAAA"/>
            <end openmrs_entity="concept" openmrs_entity_id="163138AAAAAAAAAAAAAAAAAAAAAAAAAAAAAA"/>
            <Visit_Date openmrs_entity="concept" openmrs_entity_id="160753AAAAAAAAAAAAAAAAAAAAAAAAAAAAAA"/>
            <Visit_Status openmrs_entity="concept" openmrs_entity_id="161641AAAAAAAAAAAAAAAAAAAAAAAAAAAAAA"/>
            <Calc_Dob_Confirm/>
            <Calc_Age_Newmom/>
            <Met>
                <Confirm_Info/>
                <Confirm_Info_Child/>
                <Mother_Nutrition/>
                <Distrinuted_Nutrition/>
                <IFA_Tablets/>
                <VitA_Minarals/>
                <Child_Nutrition/>
                <Supplementary_Food/>
                <Refer/>
            </Met>
            <relationalid/>
            <meta>
                <instanceID/>
            </meta>
        </Nutrition>
    </instance>
</model>