{
  "form_data_definition_version": "1",
  "form": {
    "default_bind_path": "/model/instance/NewHH",
    "bind_type": "household",
    "fields": [
      {
        "name": "id"
      },
      {
        "name": "Version",
        "bind": "/model/instance/NewHH/Version"
      },
      {
        "name": "Changes",
        "bind": "/model/instance/NewHH/Changes"
      },
      {
        "name": "existing_location",
        "bind": "/model/instance/NewHH/existing_location"
      },
      {
        "name": "existing_Country",
        "bind": "/model/instance/NewHH/existing_Country"
      },
      {
        "name": "existing_Division",
        "bind": "/model/instance/NewHH/existing_Division"
      },
      {
        "name": "existing_District",
        "bind": "/model/instance/NewHH/existing_District"
      },
      {
        "name": "existing_Upazilla",
        "bind": "/model/instance/NewHH/existing_Upazilla"
      },
      {
        "name": "existing_Union",
        "bind": "/model/instance/NewHH/existing_Union"
      },
      {
        "name": "existing_Ward",
        "bind": "/model/instance/NewHH/existing_Ward"
      },
      {
        "name": "existing_Subunit",
        "bind": "/model/instance/NewHH/existing_Subunit"
      },
      {
        "name": "existing_Mauzapara",
        "bind": "/model/instance/NewHH/existing_Mauzapara"
      },
      {
        "name": "Form_Name",
        "bind": "/model/instance/NewHH/Form_Name"
      },
      {
        "name": "Today",
        "bind": "/model/instance/NewHH/Today"
      },
      {
        "name": "Start",
        "bind": "/model/instance/NewHH/Start"
      },
      {
        "name": "End",
        "bind": "/model/instance/NewHH/End"
      },
      {
        "name": "Reg_Date",
        "bind": "/model/instance/NewHH/Reg_Date"
      },
      {
        "name": "Village_Name",
        "bind": "/model/instance/NewHH/Village_Name"
      },
      {
        "name": "GoB_HHID",
        "bind": "/model/instance/NewHH/GoB_HHID"
      },
      {
        "name": "No_Of_Couples",
        "bind": "/model/instance/NewHH/No_Of_Couples"
      },
      {
        "name": "Country",
        "bind": "/model/instance/NewHH/Country"
      },
      {
        "name": "Division",
        "bind": "/model/instance/NewHH/Division"
      },
      {
        "name": "District",
        "bind": "/model/instance/NewHH/District"
      },
      {
        "name": "Upazilla",
        "bind": "/model/instance/NewHH/Upazilla"
      },
      {
        "name": "Union",
        "bind": "/model/instance/NewHH/Union"
      },
      {
        "name": "Ward",
        "bind": "/model/instance/NewHH/Ward"
      },
      {
        "name": "Subunit",
        "bind": "/model/instance/NewHH/Subunit"
      },
      {
        "name": "Mauzapara",
        "bind": "/model/instance/NewHH/Mauzapara"
      },
      {
        "name": "GPS",
        "bind": "/model/instance/NewHH/GPS"
      },
      {
        "name": "HoH_F_Name",
        "bind": "/model/instance/NewHH/HoH_F_Name"
      },
      {
        "name": "HoH_L_Name",
        "bind": "/model/instance/NewHH/HoH_L_Name"
      },
      {
        "name": "HoH_Birth_Date",
        "bind": "/model/instance/NewHH/HoH_Birth_Date"
      },
      {
        "name": "HoH_Gender",
        "bind": "/model/instance/NewHH/HoH_Gender"
      },
      {
        "name": "HoH_Birth_Date_Known",
        "bind": "/model/instance/NewHH/HoH_Birth_Date_Known"
      },
      {
        "name": "HoH_Age",
        "bind": "/model/instance/NewHH/HoH_Age"
      },
      {
        "name": "Calc_HoH_Age",
        "bind": "/model/instance/NewHH/Calc_HoH_Age"
      },
      {
        "name": "Calc_HoH_Dob",
        "bind": "/model/instance/NewHH/Calc_HoH_Dob"
      },
      {
        "name": "Calc_HoH_Dob_Confirm",
        "bind": "/model/instance/NewHH/Calc_HoH_Dob_Confirm"
      },
      {
        "name": "Calc_HoH_Age_Confirm",
        "bind": "/model/instance/NewHH/Calc_HoH_Age_Confirm"
      },
      {
        "name": "HoH_Birth_Date_Note",
        "bind": "/model/instance/NewHH/HoH_Birth_Date_Note"
      },
      {
        "name": "HoH_Note_age",
        "bind": "/model/instance/NewHH/HoH_Note_age"
      },
      {
        "name": "HoH_ID_Type",
        "bind": "/model/instance/NewHH/HoH_ID_Type"
      },
      {
        "name": "HoH_NID",
        "bind": "/model/instance/NewHH/HoH_NID"
      },
      {
        "name": "Retype_HoH_NID",
        "bind": "/model/instance/NewHH/Retype_HoH_NID"
      },
      {
        "name": "HoH_NID_Concept",
        "bind": "/model/instance/NewHH/HoH_NID_Concept"
      },
      {
        "name": "HoH_BRID",
        "bind": "/model/instance/NewHH/HoH_BRID"
      },
      {
        "name": "Retype_HoH_BRID",
        "bind": "/model/instance/NewHH/Retype_HoH_BRID"
      },
      {
        "name": "HoH_BRID_Concept",
        "bind": "/model/instance/NewHH/HoH_BRID_Concept"
      },
      {
        "name": "HoH_Mobile_number",
        "bind": "/model/instance/NewHH/HoH_Mobile_number"
      },
      {
        "name": "Member_Number",
        "bind": "/model/instance/NewHH/Member_Number"
      },
      {
        "name": "MWRA",
        "bind": "/model/instance/NewHH/MWRA"
      },
      {
        "name": "Final_ELCO",
        "bind": "/model/instance/NewHH/Final_ELCO"
      },
      {
        "name": "HH_Status",
        "bind": "/model/instance/NewHH/HH_Status"
      }
    ],
    "sub_forms": [
      {
        "name": "member_registration",
        "bind_type": "members",
        "default_bind_path": "/model/instance/NewHH/HH_Member",
        "fields": [
          {
            "name": "id"
          },
          {
            "name": "relationalid"
          },
          {
            "name": "Member_GoB_HHID",
            "bind": "/model/instance/NewHH/HH_Member/Member_GoB_HHID"
          },
          {
            "name": "Member_Reg_Date",
            "bind": "/model/instance/NewHH/HH_Member/Member_Reg_Date"
          },
          {
            "name": "Mem_F_Name",
            "bind": "/model/instance/NewHH/HH_Member/Mem_F_Name"
          },
          {
            "name": "Mem_L_Name",
            "bind": "/model/instance/NewHH/HH_Member/Mem_L_Name"
          },
          {
            "name": "Member_Birth_Date_Known",
            "bind": "/model/instance/NewHH/HH_Member/Member_Birth_Date_Known"
          },
          {
            "name": "Member_Birth_Date",
            "bind": "/model/instance/NewHH/HH_Member/Member_Birth_Date"
          },
          {
            "name": "Member_Age",
            "bind": "/model/instance/NewHH/HH_Member/Member_Age"
          },
          {
            "name": "Calc_Age",
            "bind": "/model/instance/NewHH/HH_Member/Calc_Age"
          },
          {
            "name": "Calc_Dob",
            "bind": "/model/instance/NewHH/HH_Member/Calc_Dob"
          },
          {
            "name": "Calc_Dob_Confirm",
            "bind": "/model/instance/NewHH/HH_Member/Calc_Dob_Confirm"
          },
          {
            "name": "Calc_Age_Confirm",
            "bind": "/model/instance/NewHH/HH_Member/Calc_Age_Confirm"
          },
          {
            "name": "Birth_Date_Note",
            "bind": "/model/instance/NewHH/HH_Member/Birth_Date_Note"
          },
          {
            "name": "Note_age",
            "bind": "/model/instance/NewHH/HH_Member/Note_age"
          },
          {
            "name": "Member_Gender",
            "bind": "/model/instance/NewHH/HH_Member/Member_Gender"
          },
          {
            "name": "Mem_ID_Type",
            "bind": "/model/instance/NewHH/HH_Member/Mem_ID_Type"
          },
          {
            "name": "Mem_NID",
            "bind": "/model/instance/NewHH/HH_Member/Mem_NID"
          },
          {
            "name": "Retype_Mem_NID",
            "bind": "/model/instance/NewHH/HH_Member/Retype_Mem_NID"
          },
          {
            "name": "Mem_NID_Concept",
            "bind": "/model/instance/NewHH/HH_Member/Mem_NID_Concept"
          },
          {
            "name": "Mem_BRID",
            "bind": "/model/instance/NewHH/HH_Member/Mem_BRID"
          },
          {
            "name": "Retype_Mem_BRID",
            "bind": "/model/instance/NewHH/HH_Member/Retype_Mem_BRID"
          },
          {
            "name": "Mem_BRID_Concept",
            "bind": "/model/instance/NewHH/HH_Member/Mem_BRID_Concept"
          },
          {
            "name": "Mem_Mobile_Number",
            "bind": "/model/instance/NewHH/HH_Member/Mem_Mobile_Number"
          },
          {
            "name": "Mem_Marital_Status",
            "bind": "/model/instance/NewHH/HH_Member/Mem_Marital_Status"
          },
          {
            "name": "Couple_No",
            "bind": "/model/instance/NewHH/HH_Member/Couple_No"
          },
          {
            "name": "Spouse_Name",
            "bind": "/model/instance/NewHH/HH_Member/Spouse_Name"
          },
          {
            "name": "Child_Father",
            "bind": "/model/instance/NewHH/HH_Member/Child_Father"
          },
          {
            "name": "Child_Mother",
            "bind": "/model/instance/NewHH/HH_Member/Child_Mother"
          },
          {
            "name": "Wom_Menstruating",
            "bind": "/model/instance/NewHH/HH_Member/Wom_Menstruating"
          },
          {
            "name": "Wom_Sterilized",
            "bind": "/model/instance/NewHH/HH_Member/Wom_Sterilized"
          },
          {
            "name": "Wom_Hus_Live",
            "bind": "/model/instance/NewHH/HH_Member/Wom_Hus_Live"
          },
          {
            "name": "Wom_Hus_Alive",
            "bind": "/model/instance/NewHH/HH_Member/Wom_Hus_Alive"
          },
          {
            "name": "Wom_Hus_Sterilized",
            "bind": "/model/instance/NewHH/HH_Member/Wom_Hus_Sterilized"
          },
          {
            "name": "Eligible",
            "bind": "/model/instance/NewHH/HH_Member/Eligible"
          },
          {
            "name": "Eligible2",
            "bind": "/model/instance/NewHH/HH_Member/Eligible2"
          },
          {
            "name": "ELCO",
            "bind": "/model/instance/NewHH/HH_Member/ELCO"
          },
          {
            "name": "ELCO_Note",
            "bind": "/model/instance/NewHH/HH_Member/ELCO/ELCO_Note"
          },
          {
            "name": "Mem_Country",
            "bind": "/model/instance/NewHH/HH_Member/ELCO/Mem_Country"
          },
          {
            "name": "Mem_Division",
            "bind": "/model/instance/NewHH/HH_Member/ELCO/Mem_Division"
          },
          {
            "name": "Mem_District",
            "bind": "/model/instance/NewHH/HH_Member/ELCO/Mem_District"
          },
          {
            "name": "Mem_Upazilla",
            "bind": "/model/instance/NewHH/HH_Member/ELCO/Mem_Upazilla"
          },
          {
            "name": "Mem_Union",
            "bind": "/model/instance/NewHH/HH_Member/ELCO/Mem_Union"
          },
          {
            "name": "Mem_Ward",
            "bind": "/model/instance/NewHH/HH_Member/ELCO/Mem_Ward"
          },
          {
            "name": "Mem_Subunit",
            "bind": "/model/instance/NewHH/HH_Member/ELCO/Mem_Subunit"
          },
          {
            "name": "Mem_Mauzapara",
            "bind": "/model/instance/NewHH/HH_Member/ELCO/Mem_Mauzapara"
          },
          {
            "name": "Mem_Village_Name",
            "bind": "/model/instance/NewHH/HH_Member/ELCO/Mem_Village_Name"
          },
          {
            "name": "Mem_GPS",
            "bind": "/model/instance/NewHH/HH_Member/ELCO/Mem_GPS"
          },
          {
            "name": "ELCO_ID_Type",
            "bind": "/model/instance/NewHH/HH_Member/ELCO/ELCO_ID_Type"
          },
          {
            "name": "ELCO_NID",
            "bind": "/model/instance/NewHH/HH_Member/ELCO/ELCO_NID"
          },
          {
            "name": "ELCO_NID_Concept",
            "bind": "/model/instance/NewHH/HH_Member/ELCO/ELCO_NID_Concept"
          },
          {
            "name": "ELCO_BRID",
            "bind": "/model/instance/NewHH/HH_Member/ELCO/ELCO_BRID"
          },
          {
            "name": "ELCO_BRID_Concept",
            "bind": "/model/instance/NewHH/HH_Member/ELCO/ELCO_BRID_Concept"
          },
          {
            "name": "ELCO_Mobile_Number",
            "bind": "/model/instance/NewHH/HH_Member/ELCO/ELCO_Mobile_Number"
          },
          {
            "name": "Member_Detail",
            "bind": "/model/instance/NewHH/HH_Member/Member_Detail"
          },
          {
            "name": "Permanent_Address",
            "bind": "/model/instance/NewHH/HH_Member/Member_Detail/Permanent_Address"
          },
          {
            "name": "Updated_Dist",
            "bind": "/model/instance/NewHH/HH_Member/Member_Detail/Updated_Dist"
          },
          {
            "name": "Updated_Union",
            "bind": "/model/instance/NewHH/HH_Member/Member_Detail/Updated_Union"
          },
          {
            "name": "Updated_Vill",
            "bind": "/model/instance/NewHH/HH_Member/Member_Detail/Updated_Vill"
          },
          {
            "name": "Final_Dist",
            "bind": "/model/instance/NewHH/HH_Member/Member_Detail/Final_Dist"
          },
          {
            "name": "Final_Union",
            "bind": "/model/instance/NewHH/HH_Member/Member_Detail/Final_Union"
          },
          {
            "name": "Final_Vill",
            "bind": "/model/instance/NewHH/HH_Member/Member_Detail/Final_Vill"
          },
          {
            "name": "Relation_HoH",
            "bind": "/model/instance/NewHH/HH_Member/Member_Detail/Relation_HoH"
          },
          {
            "name": "Place_Of_Birth",
            "bind": "/model/instance/NewHH/HH_Member/Member_Detail/Place_Of_Birth"
          },
          {
            "name": "Education",
            "bind": "/model/instance/NewHH/HH_Member/Member_Detail/Education"
          },
          {
            "name": "Religion",
            "bind": "/model/instance/NewHH/HH_Member/Member_Detail/Religion"
          },
          {
            "name": "BD_Citizen",
            "bind": "/model/instance/NewHH/HH_Member/Member_Detail/BD_Citizen"
          },
          {
            "name": "Occupation",
            "bind": "/model/instance/NewHH/HH_Member/Member_Detail/Occupation"
          },
          {
            "name": "Child",
            "bind": "/model/instance/NewHH/HH_Member/Child"
          },
          {
            "name": "Adolescent",
            "bind": "/model/instance/NewHH/HH_Member/Adolescent"
          },
          {
            "name": "Nutrition",
            "bind": "/model/instance/NewHH/HH_Member/Nutrition"
          },
          {
            "name": "add_member",
            "bind": "/model/instance/NewHH/HH_Member/add_member"
          }
        ]
      }
    ]
  }
}