<model>
  <instance>
    <NewHH encounter_type="New Household Registration" id="NewHH" version="201612260806">
      <formhub>
        <uuid/>
      </formhub>
      <Version/>
      <Changes/>
      <existing_location openmrs_entity="encounter" openmrs_entity_id="location_id"/>
      <existing_Country/>
      <existing_Division/>
      <existing_District/>
      <existing_Upazilla/>
      <existing_Union/>
      <existing_Ward/>
      <existing_Subunit/>
      <existing_Mauzapara/>
      <Form_Name/>
      <Today openmrs_entity="encounter" openmrs_entity_id="encounter_date"/>
      <Start openmrs_entity="concept" openmrs_entity_id="163137AAAAAAAAAAAAAAAAAAAAAAAAAAAAAA"/>
      <End openmrs_entity="concept" openmrs_entity_id="163138AAAAAAAAAAAAAAAAAAAAAAAAAAAAAA"/>
      <Reg_Date openmrs_entity="concept" openmrs_entity_id="160753AAAAAAAAAAAAAAAAAAAAAAAAAAAAAA"/>
      <Village_Name/>
      <GoB_HHID openmrs_entity="person_attribute" openmrs_entity_id="GoB_HHID"/>
      <No_Of_Couples/>
      <Country openmrs_entity="person_address" openmrs_entity_id="country" openmrs_entity_parent="usual_residence"/>
      <Division openmrs_entity="person_address" openmrs_entity_id="stateProvince" openmrs_entity_parent="usual_residence"/>
      <District openmrs_entity="person_address" openmrs_entity_id="countyDistrict" openmrs_entity_parent="usual_residence"/>
      <Upazilla openmrs_entity="person_address" openmrs_entity_id="cityVillage" openmrs_entity_parent="usual_residence"/>
      <Union openmrs_entity="person_address" openmrs_entity_id="address1" openmrs_entity_parent="usual_residence"/>
      <Ward openmrs_entity="person_address" openmrs_entity_id="address2" openmrs_entity_parent="usual_residence"/>
      <Subunit openmrs_entity="person_address" openmrs_entity_id="address3" openmrs_entity_parent="usual_residence"/>
      <Mauzapara openmrs_entity="person_address" openmrs_entity_id="address4" openmrs_entity_parent="usual_residence"/>
      <GPS openmrs_entity="person_address" openmrs_entity_id="geopoint" openmrs_entity_parent="usual_residence"/>
      <HoH_F_Name openmrs_entity="person" openmrs_entity_id="first_name"/>
      <HoH_L_Name openmrs_entity="person" openmrs_entity_id="last_name"/>
      <HoH_Gender openmrs_entity="person" openmrs_entity_id="gender"/>
      <HoH_Birth_Date_Known openmrs_entity="Concept" openmrs_entity_id="fba6d605-72f4-4e74-8840-8586996a59e3">"1"</HoH_Birth_Date_Known>
      <HoH_Birth_Date/>
      <HoH_Age openmrs_entity="Concep" openmrs_entity_id="a04427c9-c616-48c9-8588-5bb96173f56a"/>
      <Calc_HoH_Age/>
      <Calc_HoH_Dob/>
      <Calc_HoH_Dob_Confirm openmrs_entity="person" openmrs_entity_id="birthdate"/>
      <Calc_HoH_Age_Confirm/>
      <HoH_Birth_Date_Note/>
      <HoH_Note_age/>
      <HoH_ID_Type openmrs_entity="concept" openmrs_entity_id="163087AAAAAAAAAAAAAAAAAAAAAAAAAAAAAA"/>
      <HoH_NID/>
      <Retype_HoH_NID openmrs_entity="person_identifier" openmrs_entity_id="NID"/>
      <HoH_NID_Concept openmrs_entity="concept" openmrs_entity_id="163084AAAAAAAAAAAAAAAAAAAAAAAAAAAAAA"/>
      <HoH_BRID/>
      <Retype_HoH_BRID openmrs_entity="person_identifier" openmrs_entity_id="Birth Registration ID"/>
      <HoH_BRID_Concept openmrs_entity="concept" openmrs_entity_id="163083AAAAAAAAAAAAAAAAAAAAAAAAAAAAAA"/>
      <HoH_Mobile_number/>
      <Member_Number openmrs_entity="concept" openmrs_entity_id="5611AAAAAAAAAAAAAAAAAAAAAAAAAAAAAAAA"/>
      <MWRA/>
      <HH_Member template="" openmrs_entity="person" openmrs_entity_id="New Member Registration">
        <Member_GoB_HHID openmrs_entity="person_attribute" openmrs_entity_id="GoB_HHID"/>
        <Member_Reg_Date/>
        <Mem_F_Name openmrs_entity="person" openmrs_entity_id="first_name"/>
        <Mem_L_Name openmrs_entity="person" openmrs_entity_id="last_name"/>
        <Member_Birth_Date_Known openmrs_entity="Concept" openmrs_entity_id="fba6d605-72f4-4e74-8840-8586996a59e3">"1"</Member_Birth_Date_Known>
        <Member_Birth_Date/>
        <Member_Age openmrs_entity="Concept" openmrs_entity_id="a04427c9-c616-48c9-8588-5bb96173f56a"/>
        <Calc_Age/>
        <Calc_Dob/>
        <Calc_Dob_Confirm openmrs_entity="person" openmrs_entity_id="birthdate"/>
        <Calc_Age_Confirm/>
        <Birth_Date_Note/>
        <Note_age/>
        <Member_Gender openmrs_entity="person" openmrs_entity_id="gender"/>
        <Mem_ID_Type openmrs_entity="concept" openmrs_entity_id="163087AAAAAAAAAAAAAAAAAAAAAAAAAAAAAA"/>
        <Mem_NID/>
        <Retype_Mem_NID openmrs_entity="person_identifier" openmrs_entity_id="NID"/>
        <Mem_NID_Concept openmrs_entity="concept" openmrs_entity_id="163084AAAAAAAAAAAAAAAAAAAAAAAAAAAAAA"/>
        <Mem_BRID/>
        <Retype_Mem_BRID openmrs_entity="person_identifier" openmrs_entity_id="Birth Registration ID"/>
        <Mem_BRID_Concept openmrs_entity="concept" openmrs_entity_id="163083AAAAAAAAAAAAAAAAAAAAAAAAAAAAAA"/>
        <Mem_Mobile_Number/>
        <Mem_Marital_Status/>
        <Couple_No/>
        <Spouse_Name/>
        <Child_Father/>
        <Child_Mother/>
        <Wom_Menstruating/>
        <Wom_Sterilized/>
        <Wom_Hus_Live/>
        <Wom_Hus_Alive/>
        <Wom_Hus_Sterilized/>
        <Eligible/>
        <Eligible2/>
        <ELCO>
          <ELCO_Note/>
          <Mem_Country openmrs_entity="person_address" openmrs_entity_id="country" openmrs_entity_parent="usual_residence"/>
          <Mem_Division openmrs_entity="person_address" openmrs_entity_id="stateProvince" openmrs_entity_parent="usual_residence"/>
          <Mem_District openmrs_entity="person_address" openmrs_entity_id="countyDistrict" openmrs_entity_parent="usual_residence"/>
          <Mem_Upazilla openmrs_entity="person_address" openmrs_entity_id="cityVillage" openmrs_entity_parent="usual_residence"/>
          <Mem_Union openmrs_entity="person_address" openmrs_entity_id="address1" openmrs_entity_parent="usual_residence"/>
          <Mem_Ward openmrs_entity="person_address" openmrs_entity_id="address2" openmrs_entity_parent="usual_residence"/>
          <Mem_Subunit openmrs_entity="person_address" openmrs_entity_id="address3" openmrs_entity_parent="usual_residence"/>
          <Mem_Mauzapara openmrs_entity="person_address" openmrs_entity_id="address4" openmrs_entity_parent="usual_residence"/>
          <Mem_Village_Name/>
          <Mem_GPS openmrs_entity="person_address" openmrs_entity_id="geopoint" openmrs_entity_parent="usual_residence"/>
          <ELCO_ID_Type/>
          <ELCO_NID/>
          <ELCO_NID_Concept/>
          <ELCO_BRID/>
          <ELCO_BRID_Concept/>
          <ELCO_Mobile_Number/>
        </ELCO>
        <Member_Detail>
          <Permanent_Address/>
          <Updated_Dist>${existing_District}</Updated_Dist>
          <Updated_Union>${existing_Union}</Updated_Union>
          <Updated_Vill>${Village_Name}</Updated_Vill>
          <Final_Dist/>
          <Final_Union/>
          <Final_Vill/>
          <Relation_HoH/>
          <Place_Of_Birth/>
          <Education/>
          <Religion/>
          <BD_Citizen/>
          <Occupation/>
        </Member_Detail>
        <Child/>
        <Adolescent/>
        <Nutrition/>
        <add_member/>
      </HH_Member>
      <HH_Status/>
      <Final_ELCO/>
      <meta>
        <instanceID/>
      </meta>
    </NewHH>
  </instance>
</model>