<?xml version="1.0"?>
<root><form autocomplete="off" novalidate="novalidate" class="or clearfix" dir="ltr" id="FamilyPlanning">
    <!--This form was created by transforming a OpenRosa-flavored (X)Form using an XSLT sheet created by Enketo LLC.--><section class="form-logo"> </section><h3 id="form-title">&#x9AB;&#x9CD;&#x9AF;&#x9BE;&#x9AE;&#x9BF;&#x9B2;&#x9BF; &#x9AA;&#x9CD;&#x9B2;&#x9CD;&#x9AF;&#x9BE;&#x9A8;&#x9BF;&#x982;</h3><select id="form-languages" data-default-lang="bn"><option value="bn">Bengali</option> <option value="en">English</option> </select>


    <label class="question non-select "><span lang="bn" class="question-label active" data-itext-id="/FamilyPlanning/DATE_OF_REG:label">&#x9B0;&#x9C7;&#x99C;&#x9BF;&#x9B8;&#x9CD;&#x99F;&#x9CD;&#x9B0;&#x9C7;&#x9B6;&#x9A8; &#x9A4;&#x9BE;&#x9B0;&#x9BF;&#x996;</span><span lang="en" class="question-label " data-itext-id="/FamilyPlanning/DATE_OF_REG:label">Registration Date</span><span class="required">*</span><input type="date" name="/FamilyPlanning/DATE_OF_REG" required="required" data-type-xml="date"/><span class="or-constraint-msg active" lang="" data-i18n="constraint.invalid">Value not allowed</span><span class="or-required-msg active" lang="" data-i18n="constraint.required">This field is required</span></label>
    <fieldset class="question simple-select "><fieldset><legend><span lang="bn" class="question-label active" data-itext-id="/FamilyPlanning/FP_USER:label">&#x99C;&#x9A8;&#x9CD;&#x9AE; &#x9A8;&#x9BF;&#x9DF;&#x9A8;&#x9CD;&#x9A4;&#x9CD;&#x9B0;&#x9A8;&#x9C7;&#x9B0; &#x99C;&#x9A8;&#x9CD;&#x9AF; &#x995;&#x9CB;&#x9A8; &#x9AA;&#x9A6;&#x9CD;&#x9A7;&#x9A4;&#x9BF; &#x9AC;&#x9CD;&#x9AF;&#x9AC;&#x9B9;&#x9BE;&#x9B0; &#x995;&#x9B0;&#x99B;&#x9C7;&#x9A8; &#x995;&#x9BF;?</span><span lang="en" class="question-label " data-itext-id="/FamilyPlanning/FP_USER:label">Are you on any FP methods?</span>
    </legend><div class="option-wrapper"><label class=""><input type="radio" name="/FamilyPlanning/FP_USER" data-name="/FamilyPlanning/FP_USER" value="0" data-type-xml="select1"/><span lang="bn" class="option-label active" data-itext-id="/FamilyPlanning/FP_USER/0:label">&#x9A8;&#x9BE;</span><span lang="en" class="option-label " data-itext-id="/FamilyPlanning/FP_USER/0:label">No</span></label><label class=""><input type="radio" name="/FamilyPlanning/FP_USER" data-name="/FamilyPlanning/FP_USER" value="1" data-type-xml="select1"/><span lang="bn" class="option-label active" data-itext-id="/FamilyPlanning/FP_USER/1:label">&#x9B9;&#x9CD;&#x9AF;&#x9BE;&#x981;</span><span lang="en" class="option-label " data-itext-id="/FamilyPlanning/FP_USER/1:label">Yes</span></label><label class=""><input type="radio" name="/FamilyPlanning/FP_USER" data-name="/FamilyPlanning/FP_USER" value="2" data-type-xml="select1"/><span lang="bn" class="option-label active" data-itext-id="/FamilyPlanning/FP_USER/2:label">&#x99C;&#x9BE;&#x9A8;&#x9BF;&#x9A8;&#x9BE;</span><span lang="en" class="option-label " data-itext-id="/FamilyPlanning/FP_USER/2:label">Don&#x2019;t know</span></label></div></fieldset><span class="or-constraint-msg active" lang="" data-i18n="constraint.invalid">Value not allowed</span></fieldset>
    <fieldset class="question simple-select or-branch pre-init "><fieldset><legend><span lang="bn" class="question-label active" data-itext-id="/FamilyPlanning/FP_Methods:label">&#x995;&#x9CB;&#x9A8; &#x9AA;&#x9A6;&#x9CD;&#x9A7;&#x9A4;&#x9BF; &#x9AC;&#x9CD;&#x9AF;&#x9AC;&#x9B9;&#x9BE;&#x9B0; &#x995;&#x9B0;&#x99B;&#x9C7;&#x9A8;?</span><span lang="en" class="question-label " data-itext-id="/FamilyPlanning/FP_Methods:label">Which method?</span>
    </legend><div class="option-wrapper"><label class=""><input type="checkbox" name="/FamilyPlanning/FP_Methods" value="0" data-relevant="selected( /FamilyPlanning/FP_USER ,'1')" data-type-xml="select"/><span lang="bn" class="option-label active" data-itext-id="/FamilyPlanning/FP_Methods/0:label">Condoms</span><span lang="en" class="option-label " data-itext-id="/FamilyPlanning/FP_Methods/0:label">Condoms</span></label><label class=""><input type="checkbox" name="/FamilyPlanning/FP_Methods" value="1" data-relevant="selected( /FamilyPlanning/FP_USER ,'1')" data-type-xml="select"/><span lang="bn" class="option-label active" data-itext-id="/FamilyPlanning/FP_Methods/1:label">Oral Pill</span><span lang="en" class="option-label " data-itext-id="/FamilyPlanning/FP_Methods/1:label">Oral Pill</span></label><label class=""><input type="checkbox" name="/FamilyPlanning/FP_Methods" value="2" data-relevant="selected( /FamilyPlanning/FP_USER ,'1')" data-type-xml="select"/><span lang="bn" class="option-label active" data-itext-id="/FamilyPlanning/FP_Methods/2:label">Injectable</span><span lang="en" class="option-label " data-itext-id="/FamilyPlanning/FP_Methods/2:label">Injectable</span></label></div></fieldset><span class="or-constraint-msg active" lang="" data-i18n="constraint.invalid">Value not allowed</span></fieldset>

    <fieldset id="or-preload-items" style="display:none;"><label class="calculation non-select "><input type="hidden" name="/FamilyPlanning/start" data-preload="timestamp" data-preload-params="start" data-type-xml="dateTime"/></label><label class="calculation non-select "><input type="hidden" name="/FamilyPlanning/today" data-preload="date" data-preload-params="today" data-type-xml="date"/></label><label class="calculation non-select "><input type="hidden" name="/FamilyPlanning/end" data-preload="timestamp" data-preload-params="end" data-type-xml="dateTime"/></label></fieldset><fieldset id="or-calculated-items" style="display:none;"><label class="calculation non-select "><input type="hidden" name="/FamilyPlanning/meta/instanceID" data-calculate="concat('uuid:', uuid())" data-type-xml="string"/></label><label class="calculation non-select "><input type="hidden" name="/FamilyPlanning/formhub/uuid" data-calculate="'ca3d7a12942b45f89f2e87c3c4562e6b'" data-type-xml="string"/></label></fieldset></form><xsltmessages><message level="0">XML to HTML transformation for form took 0.01 seconds</message></xsltmessages><jrvalidationmessages><message level="1">This validation is yet not functional.</message></jrvalidationmessages><xmlerrors/><xslformerrors/><xsldataerrors/></root>
