{
  "form_data_definition_version": "1",
  "form": {
    "default_bind_path": "/model/instance/FamilyPlanning",
    "bind_type": "members",
    "fields": [
      {
        "name": "id",
        "shouldLoadValue": true
      },
      {
        "name": "start",
        "bind": "/model/instance/FamilyPlanning/start"
      },
      {
        "name": "today",
        "bind": "/model/instance/FamilyPlanning/today"
      },
      {
        "name": "FP_DATE_OF_REG",
        "bind": "/model/instance/FamilyPlanning/DATE_OF_REG"
      },
      {
        "name": "FP_USER",
        "bind": "/model/instance/FamilyPlanning/FP_USER"
      },
      {
        "name": "FP_Methods",
        "bind": "/model/instance/FamilyPlanning/FP_Methods"
      },
      {
        "name": "end",
        "bind": "/model/instance/FamilyPlanning/end"
      }
    ]
  }
}