<?xml version="1.0"?>
<root><form autocomplete="off" novalidate="novalidate" class="or clearfix" dir="ltr" id="GeneralPatient">
    <!--This form was created by transforming a OpenRosa-flavored (X)Form using an XSLT sheet created by Enketo LLC.--><section class="form-logo"> </section><h3 id="form-title">&#x9B8;&#x9BE;&#x9A7;&#x9BE;&#x9B0;&#x9A8; &#x9B0;&#x9CB;&#x997;&#x9C0;&#x9B0; &#x9AB;&#x9B0;&#x9CD;&#x9AE;</h3><select id="form-languages" data-default-lang="bn"><option value="bn">Bengali</option> <option value="en">English</option> </select>


    <label class="question non-select "><span lang="bn" class="question-label active" data-itext-id="/GeneralPatient/Date_Of_Reg:label">&#x9B0;&#x9C7;&#x99C;&#x9BF;&#x9B8;&#x9CD;&#x99F;&#x9CD;&#x9B0;&#x9C7;&#x9B6;&#x9A8; &#x9A4;&#x9BE;&#x9B0;&#x9BF;&#x996;</span><span lang="en" class="question-label " data-itext-id="/GeneralPatient/Date_Of_Reg:label">Date of Registration</span><span class="required">*</span><input type="date" name="/GeneralPatient/Date_Of_Reg" required="required" data-type-xml="date"/><span class="or-constraint-msg active" lang="" data-i18n="constraint.invalid">Value not allowed</span><span class="or-required-msg active" lang="" data-i18n="constraint.required">This field is required</span></label>
    <fieldset class="question simple-select "><fieldset><legend><span lang="bn" class="question-label active" data-itext-id="/GeneralPatient/Patient_Diagnosis:label">&#x9B0;&#x9CB;&#x997;&#x9C0;&#x9B0; &#x9B8;&#x9AE;&#x9B8;&#x9CD;&#x9AF;&#x9BE;</span><span lang="en" class="question-label " data-itext-id="/GeneralPatient/Patient_Diagnosis:label">Patient Diagnosis</span><span class="required">*</span>
    </legend><div class="option-wrapper"><label class=""><input type="checkbox" name="/GeneralPatient/Patient_Diagnosis" value="0" required="required" data-type-xml="select"/><span lang="bn" class="option-label active" data-itext-id="/GeneralPatient/Patient_Diagnosis/0:label">Allergy</span><span lang="en" class="option-label " data-itext-id="/GeneralPatient/Patient_Diagnosis/0:label">Allergy</span></label><label class=""><input type="checkbox" name="/GeneralPatient/Patient_Diagnosis" value="1" required="required" data-type-xml="select"/><span lang="bn" class="option-label active" data-itext-id="/GeneralPatient/Patient_Diagnosis/1:label">Arthitis</span><span lang="en" class="option-label " data-itext-id="/GeneralPatient/Patient_Diagnosis/1:label">Arthitis</span></label><label class=""><input type="checkbox" name="/GeneralPatient/Patient_Diagnosis" value="2" required="required" data-type-xml="select"/><span lang="bn" class="option-label active" data-itext-id="/GeneralPatient/Patient_Diagnosis/2:label">Asthma</span><span lang="en" class="option-label " data-itext-id="/GeneralPatient/Patient_Diagnosis/2:label">Asthma</span></label><label class=""><input type="checkbox" name="/GeneralPatient/Patient_Diagnosis" value="3" required="required" data-type-xml="select"/><span lang="bn" class="option-label active" data-itext-id="/GeneralPatient/Patient_Diagnosis/3:label">Burn of unspecified body parts</span><span lang="en" class="option-label " data-itext-id="/GeneralPatient/Patient_Diagnosis/3:label">Burn of unspecified body parts</span></label><label class=""><input type="checkbox" name="/GeneralPatient/Patient_Diagnosis" value="4" required="required" data-type-xml="select"/><span lang="bn" class="option-label active" data-itext-id="/GeneralPatient/Patient_Diagnosis/4:label">Diarrhea</span><span lang="en" class="option-label " data-itext-id="/GeneralPatient/Patient_Diagnosis/4:label">Diarrhea</span></label><label class=""><input type="checkbox" name="/GeneralPatient/Patient_Diagnosis" value="5" required="required" data-type-xml="select"/><span lang="bn" class="option-label active" data-itext-id="/GeneralPatient/Patient_Diagnosis/5:label">Iron Deficiency</span><span lang="en" class="option-label " data-itext-id="/GeneralPatient/Patient_Diagnosis/5:label">Iron Deficiency</span></label><label class=""><input type="checkbox" name="/GeneralPatient/Patient_Diagnosis" value="6" required="required" data-type-xml="select"/><span lang="bn" class="option-label active" data-itext-id="/GeneralPatient/Patient_Diagnosis/6:label">Peptic Ulcer</span><span lang="en" class="option-label " data-itext-id="/GeneralPatient/Patient_Diagnosis/6:label">Peptic Ulcer</span></label><label class=""><input type="checkbox" name="/GeneralPatient/Patient_Diagnosis" value="7" required="required" data-type-xml="select"/><span lang="bn" class="option-label active" data-itext-id="/GeneralPatient/Patient_Diagnosis/7:label">Worm Infestation</span><span lang="en" class="option-label " data-itext-id="/GeneralPatient/Patient_Diagnosis/7:label">Worm Infestation</span></label></div></fieldset><span class="or-constraint-msg active" lang="" data-i18n="constraint.invalid">Value not allowed</span><span class="or-required-msg active" lang="" data-i18n="constraint.required">This field is required</span></fieldset>
    <label class="question non-select "><span lang="bn" class="question-label active" data-itext-id="/GeneralPatient/Comment:label">&#x9AE;&#x9A4;&#x9BE;&#x9AE;&#x9A4;</span><span lang="en" class="question-label " data-itext-id="/GeneralPatient/Comment:label">Comment</span><input type="text" name="/GeneralPatient/Comment" data-type-xml="string"/><span class="or-constraint-msg active" lang="" data-i18n="constraint.invalid">Value not allowed</span></label>
    <fieldset class="question simple-select "><fieldset><legend><span lang="bn" class="question-label active" data-itext-id="/GeneralPatient/Treatment:label">&#x994;&#x9B7;&#x9A7;&#x9C7;&#x9B0; &#x9A8;&#x9BE;&#x9AE;</span><span lang="en" class="question-label " data-itext-id="/GeneralPatient/Treatment:label">Treatment</span><span class="required">*</span>
    </legend><div class="option-wrapper"><label class=""><input type="checkbox" name="/GeneralPatient/Treatment" value="0" required="required" data-type-xml="select"/><span lang="bn" class="option-label active" data-itext-id="/GeneralPatient/Treatment/0:label">Amoxilin</span><span lang="en" class="option-label " data-itext-id="/GeneralPatient/Treatment/0:label">Amoxilin</span></label><label class=""><input type="checkbox" name="/GeneralPatient/Treatment" value="1" required="required" data-type-xml="select"/><span lang="bn" class="option-label active" data-itext-id="/GeneralPatient/Treatment/1:label">Paracetamol</span><span lang="en" class="option-label " data-itext-id="/GeneralPatient/Treatment/1:label">Paracetamol</span></label><label class=""><input type="checkbox" name="/GeneralPatient/Treatment" value="2" required="required" data-type-xml="select"/><span lang="bn" class="option-label active" data-itext-id="/GeneralPatient/Treatment/2:label">Salbutamol</span><span lang="en" class="option-label " data-itext-id="/GeneralPatient/Treatment/2:label">Salbutamol</span></label><label class=""><input type="checkbox" name="/GeneralPatient/Treatment" value="3" required="required" data-type-xml="select"/><span lang="bn" class="option-label active" data-itext-id="/GeneralPatient/Treatment/3:label">Vitamin B complex</span><span lang="en" class="option-label " data-itext-id="/GeneralPatient/Treatment/3:label">Vitamin B complex</span></label></div></fieldset><span class="or-constraint-msg active" lang="" data-i18n="constraint.invalid">Value not allowed</span><span class="or-required-msg active" lang="" data-i18n="constraint.required">This field is required</span></fieldset>

    <fieldset id="or-preload-items" style="display:none;"><label class="calculation non-select "><input type="hidden" name="/GeneralPatient/start" data-preload="timestamp" data-preload-params="start" data-type-xml="dateTime"/></label><label class="calculation non-select "><input type="hidden" name="/GeneralPatient/today" data-preload="date" data-preload-params="today" data-type-xml="date"/></label><label class="calculation non-select "><input type="hidden" name="/GeneralPatient/end" data-preload="timestamp" data-preload-params="end" data-type-xml="dateTime"/></label></fieldset><fieldset id="or-calculated-items" style="display:none;"><label class="calculation non-select "><input type="hidden" name="/GeneralPatient/meta/instanceID" data-calculate="concat('uuid:', uuid())" data-type-xml="string"/></label><label class="calculation non-select "><input type="hidden" name="/GeneralPatient/formhub/uuid" data-calculate="'f82b9d88af2a470aa94c8cafe7eb80e7'" data-type-xml="string"/></label></fieldset></form><xsltmessages><message level="0">XML to HTML transformation for form took 0.02 seconds</message></xsltmessages><jrvalidationmessages><message level="1">This validation is yet not functional.</message></jrvalidationmessages><xmlerrors/><xslformerrors/><xsldataerrors/></root>
