<model>
    <instance>
        <PNCVisit3 encounter_type="PNC Visit 3" id="PNCVisit3" version="201611281133">
            <formhub>
                <uuid/>
            </formhub>
            <version/>
            <changes/>
            <existing_GoB_HHID/>
            <existing_ELCO_NID/>
            <existing_ELCO_BRID/>
            <existing_Mem_F_Name/>
            <existing_Spouse_Name/>
            <existing_LMP/>
            <existing_ELCO/>
            <existing_HoH_F_Name/>
            <existing_Couple_No/>
            <existing_Final_Vill/>
            <exising_Union/>
            <exising_Upazilla/>
            <existing_TT_Count/>
            <existing_ELCO_Mobile_Number/>
            <existing_DOO/>
            <existing_Total_Child_Alive/>
            <existing_Num_Live_Birth/>
            <existing_Premature_Birth/>
            <existing_Delivery_Type/>
            <existing_Visit_Status/>
            <existing_Risky_Preg/>
            <existing_Where_Delivered/>
            <existing_Mauzapara openmrs_entity="encounter" openmrs_entity_id="location_id"/>
            <today openmrs_entity="encounter" openmrs_entity_id="encounter_date"/>
            <start openmrs_entity="concept" openmrs_entity_id="163137AAAAAAAAAAAAAAAAAAAAAAAAAAAAAA"/>
            <end openmrs_entity="concept" openmrs_entity_id="163138AAAAAAAAAAAAAAAAAAAAAAAAAAAAAA"/>
            <Visit_Status openmrs_entity="concept" openmrs_entity_id="163088AAAAAAAAAAAAAAAAAAAAAAAAAAAAAA"/>
            <Met>
                <Confirm_Info/>
                <Visit_Date openmrs_entity="concept" openmrs_entity_id="160753AAAAAAAAAAAAAAAAAAAAAAAAAAAAAA"/>
                <PNC3_Due_Date/>
                <Is_On_Time/>
                <PNC3_Post_Due_Date/>
                <Is_Post_Due/>
                <PNC3_Expired_Date/>
                <Is_Expired/>
                <Calc_On_Time/>
                <Has_PNC_Given_On_Time/>
                <Symptoms>
                    <yn_dk_label/>
                    <Menstruation/>
                    <Headache_Blur_Vision/>
                    <High_Fever/>
                    <Convulsions/>
                </Symptoms>
                <Newborn>
                    <yn_dk_label/>
                    <Is_Cleaned/>
                    <Chlorhexidin/>
                    <Breasmilk_Fed/>
                    <Not_Bathed/>
                </Newborn>
                <Comment/>
            </Met>
            <Visit_No>"1"</Visit_No>
            <HR/>
            <PNC3_current_formStatus/>
            <meta>
                <instanceID/>
            </meta>
        </PNCVisit3>
    </instance>
</model>