{
  "form_data_definition_version": "1",
  "form": {
    "default_bind_path": "/model/instance/HHMemberReg",
    "bind_type": "household",
    "fields": [
      {
        "name": "id",
        "shouldLoadValue": true
      },
      {
        "name": "existing_location",
        "bind": "/model/instance/HHMemberReg/existing_location"
      },
      {
        "name": "existing_Country",
        "bind": "/model/instance/HHMemberReg/existing_Country"
      },
      {
        "name": "existing_Division",
        "bind": "/model/instance/HHMemberReg/existing_Division"
      },
      {
        "name": "existing_District",
        "bind": "/model/instance/HHMemberReg/existing_District"
      },
      {
        "name": "existing_Upazilla",
        "bind": "/model/instance/HHMemberReg/existing_Upazilla"
      },
      {
        "name": "existing_Paurasava",
        "bind": "/model/instance/HHMemberReg/existing_Paurasava"
      },
      {
        "name": "existing_Union",
        "bind": "/model/instance/HHMemberReg/existing_Union"
      },
      {
        "name": "existing_HIE_facilities",
        "bind": "/model/instance/HHMemberReg/existing_HIE_facilities"
      },
      {
        "name": "start",
        "bind": "/model/instance/HHMemberReg/start"
      },
      {
        "name": "end",
        "bind": "/model/instance/HHMemberReg/end"
      },
      {
        "name": "today",
        "bind": "/model/instance/HHMemberReg/today"
      },
      {
        "name": "deviceid",
        "bind": "/model/instance/HHMemberReg/deviceid"
      },
      {
        "name": "subscriberid",
        "bind": "/model/instance/HHMemberReg/subscriberid"
      },
      {
        "name": "simserial",
        "bind": "/model/instance/HHMemberReg/simserial"
      },
      {
        "name": "phonenumber",
        "bind": "/model/instance/HHMemberReg/phonenumber"
      },
      {
        "name": "WARD",
        "bind": "/model/instance/HHMemberReg/WARD"
      },
      {
        "name": "BLOCK",
        "bind": "/model/instance/HHMemberReg/BLOCK"
      },
      {
        "name": "COUNTRY",
        "bind": "/model/instance/HHMemberReg/COUNTRY"
      },
      {
        "name": "DIVISION",
        "bind": "/model/instance/HHMemberReg/DIVISION"
      },
      {
        "name": "DISTRICT",
        "bind": "/model/instance/HHMemberReg/DISTRICT"
      },
      {
        "name": "UPAZILLA",
        "bind": "/model/instance/HHMemberReg/UPAZILLA"
      },
      {
        "name": "PAURASAVA",
        "bind": "/model/instance/HHMemberReg/PAURASAVA"
      },
      {
        "name": "UNION",
        "bind": "/model/instance/HHMemberReg/UNION"
      },
      {
        "name": "ADDRESS_LINE",
        "bind": "/model/instance/HHMemberReg/ADDRESS_LINE"
      },
      {
        "name": "HIE_FACILITIES",
        "bind": "/model/instance/HHMemberReg/HIE_FACILITIES"
      },
      {
        "name": "GPS",
        "bind": "/model/instance/HHMemberReg/GPS"
      },
      {
        "name": "Date_Of_Reg",
        "bind": "/model/instance/HHMemberReg/Date_Of_Reg"
      },
      {
        "name": "HHID",
        "bind": "/model/instance/HHMemberReg/HHID"
      },
      {
        "name": "HoH_Reg_No",
        "bind": "/model/instance/HHMemberReg/HoH_Reg_No"
      },
      {
        "name": "HoH_Fname",
        "bind": "/model/instance/HHMemberReg/HoH_Fname"
      },
      {
        "name": "HoH_Lname",
        "bind": "/model/instance/HHMemberReg/HoH_Lname"
      },
      {
        "name": "HoH_birth_date_known",
        "bind": "/model/instance/HHMemberReg/HoH_birth_date_known"
      },
      {
        "name": "HoH_birth_date",
        "bind": "/model/instance/HHMemberReg/HoH_birth_date"
      },
      {
        "name": "HoH_age",
        "bind": "/model/instance/HHMemberReg/HoH_age"
      },
      {
        "name": "calc_HoH_age",
        "bind": "/model/instance/HHMemberReg/calc_HoH_age"
      },
      {
        "name": "calc_HoH_dob",
        "bind": "/model/instance/HHMemberReg/calc_HoH_dob"
      },
      {
        "name": "calc_HoH_dob_confirm",
        "bind": "/model/instance/HHMemberReg/calc_HoH_dob_confirm"
      },
      {
        "name": "calc_dob_estimated",
        "bind": "/model/instance/HHMemberReg/calc_dob_estimated"
      },
      {
        "name": "calc_HoH_age_confirm",
        "bind": "/model/instance/HHMemberReg/calc_HoH_age_confirm"
      },
      {
        "name": "birth_date_note",
        "bind": "/model/instance/HHMemberReg/birth_date_note"
      },
      {
        "name": "note_age",
        "bind": "/model/instance/HHMemberReg/note_age"
      },
      {
        "name": "HoH_Gender",
        "bind": "/model/instance/HHMemberReg/HoH_Gender"
      },
      {
        "name": "HoH_Unique_ID",
        "bind": "/model/instance/HHMemberReg/HoH_Unique_ID"
      },
      {
        "name": "HoH_NID",
        "bind": "/model/instance/HHMemberReg/HoH_NID"
      },
      {
        "name": "HoH_BRID",
        "bind": "/model/instance/HHMemberReg/HoH_BRID"
      },
      {
        "name": "HoH_HID",
        "bind": "/model/instance/HHMemberReg/HoH_HID"
      },
      {
        "name": "HoH_Mobile_No",
        "bind": "/model/instance/HHMemberReg/HoH_Mobile_No"
      },
      {
        "name": "HoH_Education",
        "bind": "/model/instance/HHMemberReg/HoH_Education"
      },
      {
        "name": "HoH_Occupation",
        "bind": "/model/instance/HHMemberReg/HoH_Occupation"
      },
      {
        "name": "HH_Member_No",
        "bind": "/model/instance/HHMemberReg/HH_Member_No"
      }
    ],
    "sub_forms": [
      {
        "name": "member_registration",
        "bind_type": "members",
        "default_bind_path": "/model/instance/HHMemberReg/HH_Member",
        "fields": [
          {
            "name": "id",
            "shouldLoadValue": true
          },
          {
            "name": "Member_COUNTRY",
            "bind": "/model/instance/HHMemberReg/HH_Member/Member_COUNTRY"
          },
          {
            "name": "Member_DIVISION",
            "bind": "/model/instance/HHMemberReg/HH_Member/Member_DIVISION"
          },
          {
            "name": "Member_DISTRICT",
            "bind": "/model/instance/HHMemberReg/HH_Member/Member_DISTRICT"
          },
          {
            "name": "Member_UPAZILLA",
            "bind": "/model/instance/HHMemberReg/HH_Member/Member_UPAZILLA"
          },
          {
            "name": "Member_Paurasava",
            "bind": "/model/instance/HHMemberReg/HH_Member/Member_Paurasava"
          },
          {
            "name": "Member_UNION",
            "bind": "/model/instance/HHMemberReg/HH_Member/Member_UNION"
          },
          {
            "name": "Member_WARD",
            "bind": "/model/instance/HHMemberReg/HH_Member/Member_WARD"
          },
          {
            "name": "Member_BLOCK",
            "bind": "/model/instance/HHMemberReg/HH_Member/Member_BLOCK"
          },
          {
            "name": "Member_Address_line",
            "bind": "/model/instance/HHMemberReg/HH_Member/Member_Address_line"
          },
          {
            "name": "Member_HIE_facilities",
            "bind": "/model/instance/HHMemberReg/HH_Member/Member_HIE_facilities"
          },
          {
            "name": "Member_GPS",
            "bind": "/model/instance/HHMemberReg/HH_Member/Member_GPS"
          },
          {
            "name": "HH_Address",
            "bind": "/model/instance/HHMemberReg/HH_Member/HH_Address"
          },
          {
            "name": "Member_type",
            "bind": "/model/instance/HHMemberReg/HH_Member/Member_type"
          },
          {
            "name": "Reg_No",
            "bind": "/model/instance/HHMemberReg/HH_Member/Reg_No"
          },
          {
            "name": "Member_Fname",
            "bind": "/model/instance/HHMemberReg/HH_Member/Member_Fname"
          },
          {
            "name": "Member_LName",
            "bind": "/model/instance/HHMemberReg/HH_Member/Member_LName"
          },
          {
            "name": "Member_Unique_ID",
            "bind": "/model/instance/HHMemberReg/HH_Member/Member_Unique_ID"
          },
          {
            "name": "Member_NID",
            "bind": "/model/instance/HHMemberReg/HH_Member/Member_NID"
          },
          {
            "name": "Member_BRID",
            "bind": "/model/instance/HHMemberReg/HH_Member/Member_BRID"
          },
          {
            "name": "Member_HID",
            "bind": "/model/instance/HHMemberReg/HH_Member/Member_HID"
          },
          {
            "name": "member_birth_date_known",
            "bind": "/model/instance/HHMemberReg/HH_Member/member_birth_date_known"
          },
          {
            "name": "member_birth_date",
            "bind": "/model/instance/HHMemberReg/HH_Member/member_birth_date"
          },
          {
            "name": "age",
            "bind": "/model/instance/HHMemberReg/HH_Member/age"
          },
          {
            "name": "calc_age",
            "bind": "/model/instance/HHMemberReg/HH_Member/calc_age"
          },
          {
            "name": "calc_dob",
            "bind": "/model/instance/HHMemberReg/HH_Member/calc_dob"
          },
          {
            "name": "calc_dob_confirm",
            "bind": "/model/instance/HHMemberReg/HH_Member/calc_dob_confirm"
          },
          {
            "name": "calc_dob_estimated",
            "bind": "/model/instance/HHMemberReg/HH_Member/calc_dob_estimated"
          },
          {
            "name": "calc_age_confirm",
            "bind": "/model/instance/HHMemberReg/HH_Member/calc_age_confirm"
          },
          {
            "name": "birth_date_note",
            "bind": "/model/instance/HHMemberReg/HH_Member/birth_date_note"
          },
          {
            "name": "note_age",
            "bind": "/model/instance/HHMemberReg/HH_Member/note_age"
          },
          {
            "name": "Gender",
            "bind": "/model/instance/HHMemberReg/HH_Member/Gender"
          },
          {
            "name": "Father_name",
            "bind": "/model/instance/HHMemberReg/HH_Member/Father_name"
          },
          {
            "name": "Husband_name",
            "bind": "/model/instance/HHMemberReg/HH_Member/Husband_name"
          },
          {
            "name": "epi_card_number",
            "bind": "/model/instance/HHMemberReg/HH_Member/epi_card_number"
          },
          {
            "name": "Marital_status",
            "bind": "/model/instance/HHMemberReg/HH_Member/Marital_status"
          },
          {
            "name": "Couple_No",
            "bind": "/model/instance/HHMemberReg/HH_Member/Couple_No"
          },
          {
            "name": "WomanInfo",
            "bind": "/model/instance/HHMemberReg/HH_Member/WomanInfo"
          },
          {
            "name": "pregnant",
            "bind": "/model/instance/HHMemberReg/HH_Member/WomanInfo/pregnant"
          },
          {
            "name": "FP_USER",
            "bind": "/model/instance/HHMemberReg/HH_Member/WomanInfo/FP_USER"
          },
          {
            "name": "FP_Methods",
            "bind": "/model/instance/HHMemberReg/HH_Member/WomanInfo/FP_Methods"
          },
          {
            "name": "edd_lmp",
            "bind": "/model/instance/HHMemberReg/HH_Member/WomanInfo/edd_lmp"
          },
          {
            "name": "edd",
            "bind": "/model/instance/HHMemberReg/HH_Member/WomanInfo/edd"
          },
          {
            "name": "lmp",
            "bind": "/model/instance/HHMemberReg/HH_Member/WomanInfo/lmp"
          },
          {
            "name": "ultrasound_date",
            "bind": "/model/instance/HHMemberReg/HH_Member/WomanInfo/ultrasound_date"
          },
          {
            "name": "ultrasound_weeks",
            "bind": "/model/instance/HHMemberReg/HH_Member/WomanInfo/ultrasound_weeks"
          },
          {
            "name": "edd_calc_lmp",
            "bind": "/model/instance/HHMemberReg/HH_Member/WomanInfo/edd_calc_lmp"
          },
          {
            "name": "edd_calc_ultrasound",
            "bind": "/model/instance/HHMemberReg/HH_Member/WomanInfo/edd_calc_ultrasound"
          },
          {
            "name": "edd_calc_lmp_formatted",
            "bind": "/model/instance/HHMemberReg/HH_Member/WomanInfo/edd_calc_lmp_formatted"
          },
          {
            "name": "edd_calc_ultrasound_formatted",
            "bind": "/model/instance/HHMemberReg/HH_Member/WomanInfo/edd_calc_ultrasound_formatted"
          },
          {
            "name": "lmp_calc_edd",
            "bind": "/model/instance/HHMemberReg/HH_Member/WomanInfo/lmp_calc_edd"
          },
          {
            "name": "lmp_calc_ultrasound",
            "bind": "/model/instance/HHMemberReg/HH_Member/WomanInfo/lmp_calc_ultrasound"
          },
          {
            "name": "lmp_calc_edd_formatted",
            "bind": "/model/instance/HHMemberReg/HH_Member/WomanInfo/lmp_calc_edd_formatted"
          },
          {
            "name": "lmp_calc_ultrasound_formatted",
            "bind": "/model/instance/HHMemberReg/HH_Member/WomanInfo/lmp_calc_ultrasound_formatted"
          },
          {
            "name": "final_edd",
            "bind": "/model/instance/HHMemberReg/HH_Member/WomanInfo/final_edd"
          },
          {
            "name": "final_lmp",
            "bind": "/model/instance/HHMemberReg/HH_Member/WomanInfo/final_lmp"
          },
          {
            "name": "ga_edd",
            "bind": "/model/instance/HHMemberReg/HH_Member/WomanInfo/ga_edd"
          },
          {
            "name": "ga_lmp",
            "bind": "/model/instance/HHMemberReg/HH_Member/WomanInfo/ga_lmp"
          },
          {
            "name": "ga_ult",
            "bind": "/model/instance/HHMemberReg/HH_Member/WomanInfo/ga_ult"
          },
          {
            "name": "final_edd_note",
            "bind": "/model/instance/HHMemberReg/HH_Member/WomanInfo/final_edd_note"
          },
          {
            "name": "final_lmp_note",
            "bind": "/model/instance/HHMemberReg/HH_Member/WomanInfo/final_lmp_note"
          },
          {
            "name": "final_ga",
            "bind": "/model/instance/HHMemberReg/HH_Member/WomanInfo/final_ga"
          },
          {
            "name": "final_ga_note",
            "bind": "/model/instance/HHMemberReg/HH_Member/WomanInfo/final_ga_note"
          },
          {
            "name": "vaccines",
            "bind": "/model/instance/HHMemberReg/HH_Member/WomanInfo/vaccines"
          },
          {
            "name": "tt1_retro",
            "bind": "/model/instance/HHMemberReg/HH_Member/WomanInfo/tt1_retro"
          },
          {
            "name": "tt_1_dose",
            "bind": "/model/instance/HHMemberReg/HH_Member/WomanInfo/tt_1_dose"
          },
          {
            "name": "tt2_retro",
            "bind": "/model/instance/HHMemberReg/HH_Member/WomanInfo/tt2_retro"
          },
          {
            "name": "tt_2_dose",
            "bind": "/model/instance/HHMemberReg/HH_Member/WomanInfo/tt_2_dose"
          },
          {
            "name": "tt3_retro",
            "bind": "/model/instance/HHMemberReg/HH_Member/WomanInfo/tt3_retro"
          },
          {
            "name": "tt_3_dose",
            "bind": "/model/instance/HHMemberReg/HH_Member/WomanInfo/tt_3_dose"
          },
          {
            "name": "tt4_retro",
            "bind": "/model/instance/HHMemberReg/HH_Member/WomanInfo/tt4_retro"
          },
          {
            "name": "tt_4_dose",
            "bind": "/model/instance/HHMemberReg/HH_Member/WomanInfo/tt_4_dose"
          },
          {
            "name": "vaccines_2",
            "bind": "/model/instance/HHMemberReg/HH_Member/WomanInfo/vaccines_2"
          },
          {
            "name": "tt1",
            "bind": "/model/instance/HHMemberReg/HH_Member/WomanInfo/tt1"
          },
          {
            "name": "tt_1_dose_today",
            "bind": "/model/instance/HHMemberReg/HH_Member/WomanInfo/tt_1_dose_today"
          },
          {
            "name": "tt2",
            "bind": "/model/instance/HHMemberReg/HH_Member/WomanInfo/tt2"
          },
          {
            "name": "tt_2_dose_today",
            "bind": "/model/instance/HHMemberReg/HH_Member/WomanInfo/tt_2_dose_today"
          },
          {
            "name": "tt3",
            "bind": "/model/instance/HHMemberReg/HH_Member/WomanInfo/tt3"
          },
          {
            "name": "tt_3_dose_today",
            "bind": "/model/instance/HHMemberReg/HH_Member/WomanInfo/tt_3_dose_today"
          },
          {
            "name": "tt4",
            "bind": "/model/instance/HHMemberReg/HH_Member/WomanInfo/tt4"
          },
          {
            "name": "tt_4_dose_today",
            "bind": "/model/instance/HHMemberReg/HH_Member/WomanInfo/tt_4_dose_today"
          },
          {
            "name": "tt5",
            "bind": "/model/instance/HHMemberReg/HH_Member/WomanInfo/tt5"
          },
          {
            "name": "tt_5_dose_today",
            "bind": "/model/instance/HHMemberReg/HH_Member/WomanInfo/tt_5_dose_today"
          },
          {
            "name": "tt1_final",
            "bind": "/model/instance/HHMemberReg/HH_Member/WomanInfo/tt1_final"
          },
          {
            "name": "tt2_final",
            "bind": "/model/instance/HHMemberReg/HH_Member/WomanInfo/tt2_final"
          },
          {
            "name": "tt3_final",
            "bind": "/model/instance/HHMemberReg/HH_Member/WomanInfo/tt3_final"
          },
          {
            "name": "tt4_final",
            "bind": "/model/instance/HHMemberReg/HH_Member/WomanInfo/tt4_final"
          },
          {
            "name": "tt5_final",
            "bind": "/model/instance/HHMemberReg/HH_Member/WomanInfo/tt5_final"
          },
          {
            "name": "Child_birth_date_known",
            "bind": "/model/instance/HHMemberReg/HH_Member/ChildInfo/Child_birth_date_known"
          },
          {
            "name": "Child_birth_date",
            "bind": "/model/instance/HHMemberReg/HH_Member/ChildInfo/Child_birth_date"
          },
          {
            "name": "Child_age",
            "bind": "/model/instance/HHMemberReg/HH_Member/ChildInfo/Child_age"
          },
          {
            "name": "Child_calc_age",
            "bind": "/model/instance/HHMemberReg/HH_Member/ChildInfo/Child_calc_age"
          },
          {
            "name": "Child_calc_dob",
            "bind": "/model/instance/HHMemberReg/HH_Member/ChildInfo/Child_calc_dob"
          },
          {
            "name": "Child_dob",
            "bind": "/model/instance/HHMemberReg/HH_Member/ChildInfo/Child_dob"
          },
          {
            "name": "Child_dob_estimated",
            "bind": "/model/instance/HHMemberReg/HH_Member/ChildInfo/Child_dob_estimated"
          },
          {
            "name": "Child_age_days",
            "bind": "/model/instance/HHMemberReg/HH_Member/ChildInfo/Child_age_days"
          },
          {
            "name": "Child_birth_date_note",
            "bind": "/model/instance/HHMemberReg/HH_Member/ChildInfo/Child_birth_date_note"
          },
          {
            "name": "Birth_Weigtht",
            "bind": "/model/instance/HHMemberReg/HH_Member/ChildInfo/Birth_Weigtht"
          },
          {
            "name": "Newborn_Care_Received",
            "bind": "/model/instance/HHMemberReg/HH_Member/ChildInfo/Newborn_Care_Received"
          },
          {
            "name": "Child_gender",
            "bind": "/model/instance/HHMemberReg/HH_Member/ChildInfo/Child_gender"
          },
          {
            "name": "Child_mother_name",
            "bind": "/model/instance/HHMemberReg/HH_Member/ChildInfo/Child_mother_name"
          },
          {
            "name": "Child_father_name",
            "bind": "/model/instance/HHMemberReg/HH_Member/ChildInfo/Child_father_name"
          },
          {
            "name": "Child_guardian_id",
            "bind": "/model/instance/HHMemberReg/HH_Member/ChildInfo/Child_guardian_id"
          },
          {
            "name": "Child_Mother_NID",
            "bind": "/model/instance/HHMemberReg/HH_Member/ChildInfo/Child_Mother_NID"
          },
          {
            "name": "Child_Mother_BRID",
            "bind": "/model/instance/HHMemberReg/HH_Member/ChildInfo/Child_Mother_BRID"
          },
          {
            "name": "Child_Father_NID",
            "bind": "/model/instance/HHMemberReg/HH_Member/ChildInfo/Child_Father_NID"
          },
          {
            "name": "Child_Father_BRID",
            "bind": "/model/instance/HHMemberReg/HH_Member/ChildInfo/Child_Father_BRID"
          },
          {
            "name": "Child_Other_Guardian_NID",
            "bind": "/model/instance/HHMemberReg/HH_Member/ChildInfo/Child_Other_Guardian_NID"
          },
          {
            "name": "Child_Other_Guardian_BRID",
            "bind": "/model/instance/HHMemberReg/HH_Member/ChildInfo/Child_Other_Guardian_BRID"
          },
          {
            "name": "epi_card_number",
            "bind": "/model/instance/HHMemberReg/HH_Member/ChildInfo/epi_card_number"
          },
          {
            "name": "child_was_suffering_from_a_disease_at_birth",
            "bind": "/model/instance/HHMemberReg/HH_Member/ChildInfo/child_was_suffering_from_a_disease_at_birth"
          },
          {
            "name": "reminders_approval",
            "bind": "/model/instance/HHMemberReg/HH_Member/ChildInfo/reminders_approval"
          },
          {
            "name": "contact_phone_number",
            "bind": "/model/instance/HHMemberReg/HH_Member/ChildInfo/contact_phone_number"
          },
          {
            "name": "child_vaccines",
            "bind": "/model/instance/HHMemberReg/HH_Member/ChildInfo/child_vaccines"
          },
          {
            "name": "bcg_retro",
            "bind": "/model/instance/HHMemberReg/HH_Member/ChildInfo/child_vaccines_group/bcg_retro"
          },
          {
            "name": "opv0_retro",
            "bind": "/model/instance/HHMemberReg/HH_Member/ChildInfo/child_vaccines_group/opv0_retro"
          },
          {
            "name": "opv0_dose",
            "bind": "/model/instance/HHMemberReg/HH_Member/ChildInfo/child_vaccines_group/opv0_dose"
          },
          {
            "name": "pcv1_retro",
            "bind": "/model/instance/HHMemberReg/HH_Member/ChildInfo/child_vaccines_group/pcv1_retro"
          },
          {
            "name": "pcv1_dose",
            "bind": "/model/instance/HHMemberReg/HH_Member/ChildInfo/child_vaccines_group/pcv1_dose"
          },
          {
            "name": "opv1_retro",
            "bind": "/model/instance/HHMemberReg/HH_Member/ChildInfo/child_vaccines_group/opv1_retro"
          },
          {
            "name": "opv1_dose",
            "bind": "/model/instance/HHMemberReg/HH_Member/ChildInfo/child_vaccines_group/opv1_dose"
          },
          {
            "name": "penta1_retro",
            "bind": "/model/instance/HHMemberReg/HH_Member/ChildInfo/child_vaccines_group/penta1_retro"
          },
          {
            "name": "penta1_dose",
            "bind": "/model/instance/HHMemberReg/HH_Member/ChildInfo/child_vaccines_group/penta1_dose"
          },
          {
            "name": "pcv2_retro",
            "bind": "/model/instance/HHMemberReg/HH_Member/ChildInfo/child_vaccines_group/pcv2_retro"
          },
          {
            "name": "pcv2_dose",
            "bind": "/model/instance/HHMemberReg/HH_Member/ChildInfo/child_vaccines_group/pcv2_dose"
          },
          {
            "name": "opv2_retro",
            "bind": "/model/instance/HHMemberReg/HH_Member/ChildInfo/child_vaccines_group/opv2_retro"
          },
          {
            "name": "opv2_dose",
            "bind": "/model/instance/HHMemberReg/HH_Member/ChildInfo/child_vaccines_group/opv2_dose"
          },
          {
            "name": "penta2_retro",
            "bind": "/model/instance/HHMemberReg/HH_Member/ChildInfo/child_vaccines_group/penta2_retro"
          },
          {
            "name": "penta2_dose",
            "bind": "/model/instance/HHMemberReg/HH_Member/ChildInfo/child_vaccines_group/penta2_dose"
          },
          {
            "name": "pcv3_retro",
            "bind": "/model/instance/HHMemberReg/HH_Member/ChildInfo/child_vaccines_group/pcv3_retro"
          },
          {
            "name": "pcv3_dose",
            "bind": "/model/instance/HHMemberReg/HH_Member/ChildInfo/child_vaccines_group/pcv3_dose"
          },
          {
            "name": "opv3_retro",
            "bind": "/model/instance/HHMemberReg/HH_Member/ChildInfo/child_vaccines_group/opv3_retro"
          },
          {
            "name": "opv3_dose",
            "bind": "/model/instance/HHMemberReg/HH_Member/ChildInfo/child_vaccines_group/opv3_dose"
          },
          {
            "name": "penta3_retro",
            "bind": "/model/instance/HHMemberReg/HH_Member/ChildInfo/child_vaccines_group/penta3_retro"
          },
          {
            "name": "penta3_dose",
            "bind": "/model/instance/HHMemberReg/HH_Member/ChildInfo/child_vaccines_group/penta3_dose"
          },
          {
            "name": "ipv_retro",
            "bind": "/model/instance/HHMemberReg/HH_Member/ChildInfo/child_vaccines_group/ipv_retro"
          },
          {
            "name": "measles1_retro",
            "bind": "/model/instance/HHMemberReg/HH_Member/ChildInfo/child_vaccines_group/measles1_retro"
          },
          {
            "name": "measles1_dose",
            "bind": "/model/instance/HHMemberReg/HH_Member/ChildInfo/child_vaccines_group/measles1_dose"
          },
          {
            "name": "measles2_retro",
            "bind": "/model/instance/HHMemberReg/HH_Member/ChildInfo/child_vaccines_group/measles2_retro"
          },
          {
            "name": "measles2_dose",
            "bind": "/model/instance/HHMemberReg/HH_Member/ChildInfo/child_vaccines_group/measles2_dose"
          },
          {
            "name": "bcg",
            "bind": "/model/instance/HHMemberReg/HH_Member/ChildInfo/child_vaccines_2/bcg"
          },
          {
            "name": "opv0",
            "bind": "/model/instance/HHMemberReg/HH_Member/ChildInfo/child_vaccines_2/opv0"
          },
          {
            "name": "opv0_dose_today",
            "bind": "/model/instance/HHMemberReg/HH_Member/ChildInfo/child_vaccines_2/opv0_dose_today"
          },
          {
            "name": "pcv1",
            "bind": "/model/instance/HHMemberReg/HH_Member/ChildInfo/child_vaccines_2/pcv1"
          },
          {
            "name": "pcv1_dose_today",
            "bind": "/model/instance/HHMemberReg/HH_Member/ChildInfo/child_vaccines_2/pcv1_dose_today"
          },
          {
            "name": "opv1",
            "bind": "/model/instance/HHMemberReg/HH_Member/ChildInfo/child_vaccines_2/opv1"
          },
          {
            "name": "opv1_dose_today",
            "bind": "/model/instance/HHMemberReg/HH_Member/ChildInfo/child_vaccines_2/opv1_dose_today"
          },
          {
            "name": "penta1",
            "bind": "/model/instance/HHMemberReg/HH_Member/ChildInfo/child_vaccines_2/penta1"
          },
          {
            "name": "penta1_dose_today",
            "bind": "/model/instance/HHMemberReg/HH_Member/ChildInfo/child_vaccines_2/penta1_dose_today"
          },
          {
            "name": "pcv2",
            "bind": "/model/instance/HHMemberReg/HH_Member/ChildInfo/child_vaccines_2/pcv2"
          },
          {
            "name": "pcv2_dose_today",
            "bind": "/model/instance/HHMemberReg/HH_Member/ChildInfo/child_vaccines_2/pcv2_dose_today"
          },
          {
            "name": "opv2",
            "bind": "/model/instance/HHMemberReg/HH_Member/ChildInfo/child_vaccines_2/opv2"
          },
          {
            "name": "opv2_dose_today",
            "bind": "/model/instance/HHMemberReg/HH_Member/ChildInfo/child_vaccines_2/opv2_dose_today"
          },
          {
            "name": "penta2",
            "bind": "/model/instance/HHMemberReg/HH_Member/ChildInfo/child_vaccines_2/penta2"
          },
          {
            "name": "penta2_dose_today",
            "bind": "/model/instance/HHMemberReg/HH_Member/ChildInfo/child_vaccines_2/penta2_dose_today"
          },
          {
            "name": "pcv3",
            "bind": "/model/instance/HHMemberReg/HH_Member/ChildInfo/child_vaccines_2/pcv3"
          },
          {
            "name": "pcv3_dose_today",
            "bind": "/model/instance/HHMemberReg/HH_Member/ChildInfo/child_vaccines_2/pcv3_dose_today"
          },
          {
            "name": "opv3",
            "bind": "/model/instance/HHMemberReg/HH_Member/ChildInfo/child_vaccines_2/opv3"
          },
          {
            "name": "opv3_dose_today",
            "bind": "/model/instance/HHMemberReg/HH_Member/ChildInfo/child_vaccines_2/opv3_dose_today"
          },
          {
            "name": "penta3",
            "bind": "/model/instance/HHMemberReg/HH_Member/ChildInfo/child_vaccines_2/penta3"
          },
          {
            "name": "penta3_dose_today",
            "bind": "/model/instance/HHMemberReg/HH_Member/ChildInfo/child_vaccines_2/penta3_dose_today"
          },
          {
            "name": "ipv",
            "bind": "/model/instance/HHMemberReg/HH_Member/ChildInfo/child_vaccines_2/ipv"
          },
          {
            "name": "measles1",
            "bind": "/model/instance/HHMemberReg/HH_Member/ChildInfo/child_vaccines_2/measles1"
          },
          {
            "name": "measles1_dose_today",
            "bind": "/model/instance/HHMemberReg/HH_Member/ChildInfo/child_vaccines_2/measles1_dose_today"
          },
          {
            "name": "measles2",
            "bind": "/model/instance/HHMemberReg/HH_Member/ChildInfo/child_vaccines_2/measles2"
          },
          {
            "name": "measles2_dose_today",
            "bind": "/model/instance/HHMemberReg/HH_Member/ChildInfo/child_vaccines_2/measles2_dose_today"
          },
          {
            "name": "final_bcg",
            "bind": "/model/instance/HHMemberReg/HH_Member/ChildInfo/child_vaccines_2/final_bcg"
          },
          {
            "name": "final_opv0",
            "bind": "/model/instance/HHMemberReg/HH_Member/ChildInfo/child_vaccines_2/final_opv0"
          },
          {
            "name": "final_pcv1",
            "bind": "/model/instance/HHMemberReg/HH_Member/ChildInfo/child_vaccines_2/final_pcv1"
          },
          {
            "name": "final_opv1",
            "bind": "/model/instance/HHMemberReg/HH_Member/ChildInfo/child_vaccines_2/final_opv1"
          },
          {
            "name": "final_penta1",
            "bind": "/model/instance/HHMemberReg/HH_Member/ChildInfo/child_vaccines_2/final_penta1"
          },
          {
            "name": "final_pcv2",
            "bind": "/model/instance/HHMemberReg/HH_Member/ChildInfo/child_vaccines_2/final_pcv2"
          },
          {
            "name": "final_opv2",
            "bind": "/model/instance/HHMemberReg/HH_Member/ChildInfo/child_vaccines_2/final_opv2"
          },
          {
            "name": "final_penta2",
            "bind": "/model/instance/HHMemberReg/HH_Member/ChildInfo/child_vaccines_2/final_penta2"
          },
          {
            "name": "final_pcv3",
            "bind": "/model/instance/HHMemberReg/HH_Member/ChildInfo/child_vaccines_2/final_pcv3"
          },
          {
            "name": "final_opv3",
            "bind": "/model/instance/HHMemberReg/HH_Member/ChildInfo/child_vaccines_2/final_opv3"
          },
          {
            "name": "final_penta3",
            "bind": "/model/instance/HHMemberReg/HH_Member/ChildInfo/child_vaccines_2/final_penta3"
          },
          {
            "name": "final_ipv",
            "bind": "/model/instance/HHMemberReg/HH_Member/ChildInfo/child_vaccines_2/final_ipv"
          },
          {
            "name": "final_measles1",
            "bind": "/model/instance/HHMemberReg/HH_Member/ChildInfo/child_vaccines_2/final_measles1"
          },
          {
            "name": "final_measles2",
            "bind": "/model/instance/HHMemberReg/HH_Member/ChildInfo/child_vaccines_2/final_measles2"
          },
          {
            "name": "Is_woman",
            "bind": "/model/instance/HHMemberReg/HH_Member/Is_woman"
          },
          {
            "name": "Is_child",
            "bind": "/model/instance/HHMemberReg/HH_Member/Is_child"
          },
          {
            "name": "Is_preg_outcome",
            "bind": "/model/instance/HHMemberReg/HH_Member/Is_preg_outcome"
          }
        ]
      }
    ]
  }
}