<?xml version="1.0"?>
<root><form autocomplete="off" novalidate="novalidate" class="or clearfix" dir="ltr" id="Injectable">
    <!--This form was created by transforming a OpenRosa-flavored (X)Form using an XSLT sheet created by Enketo LLC.--><section class="form-logo"> </section><h3 id="form-title">&#x987;&#x9A8;&#x99C;&#x9C7;&#x995;&#x99F;&#x9C7;&#x9AC;&#x9B2;</h3><select id="form-languages" data-default-lang="bn"><option value="bn">Bengali</option> <option value="en">English</option> </select>


    <label class="question non-select "><span lang="bn" class="question-label active" data-itext-id="/Injectable/Visit_Date:label">&#x9AA;&#x9B0;&#x9BF;&#x9A6;&#x9B0;&#x9CD;&#x9B6;&#x9A8;&#x9C7;&#x9B0; &#x9A4;&#x9BE;&#x9B0;&#x9BF;&#x996;</span><span lang="en" class="question-label " data-itext-id="/Injectable/Visit_Date:label">Date of Visit</span><span class="required">*</span><span lang="bn" class="or-hint active" data-itext-id="/Injectable/Visit_Date:hint">&#x986;&#x99C;&#x995;&#x9C7;&#x9B0; &#x9A4;&#x9BE;&#x9B0;&#x9BF;&#x996; &#x9A6;&#x9BF;&#x9A8;</span><span lang="en" class="or-hint " data-itext-id="/Injectable/Visit_Date:hint">Please Confirm Today&#x2019;s date is correct</span><input type="date" name="/Injectable/Visit_Date" required="required" data-constraint=".&lt;= /Injectable/Today " data-type-xml="date"/><span class="or-constraint-msg active" lang="" data-i18n="constraint.invalid">Value not allowed</span><span class="or-required-msg active" lang="" data-i18n="constraint.required">This field is required</span></label>
    <fieldset class="question simple-select "><fieldset><legend><span lang="bn" class="question-label active" data-itext-id="/Injectable/Visit_Status:label">&#x9AD;&#x9BF;&#x99C;&#x9BF;&#x99F; &#x9B8;&#x9CD;&#x99F;&#x9CD;&#x9AF;&#x9BE;&#x99F;&#x9BE;&#x9B8;</span><span lang="en" class="question-label " data-itext-id="/Injectable/Visit_Status:label">Visit Status</span><span class="required">*</span>
    </legend><div class="option-wrapper"><label class=""><input type="radio" name="/Injectable/Visit_Status" data-name="/Injectable/Visit_Status" value="1" required="required" data-type-xml="select1"/><span lang="bn" class="option-label active" data-itext-id="/Injectable/Visit_Status/1:label">&#x9A6;&#x9C7;&#x996;&#x9BE; &#x9B9;&#x9DF;&#x9C7;&#x99B;&#x9C7;</span><span lang="en" class="option-label " data-itext-id="/Injectable/Visit_Status/1:label">Met with woman</span></label><label class=""><input type="radio" name="/Injectable/Visit_Status" data-name="/Injectable/Visit_Status" value="2" required="required" data-type-xml="select1"/><span lang="bn" class="option-label active" data-itext-id="/Injectable/Visit_Status/2:label">&#x9A6;&#x9C7;&#x996;&#x9BE; &#x9B9;&#x9DF;&#x9A8;&#x9BF;</span><span lang="en" class="option-label " data-itext-id="/Injectable/Visit_Status/2:label">Not met</span></label><label class=""><input type="radio" name="/Injectable/Visit_Status" data-name="/Injectable/Visit_Status" value="6" required="required" data-type-xml="select1"/><span lang="bn" class="option-label active" data-itext-id="/Injectable/Visit_Status/6:label">&#x989;&#x9A4;&#x9CD;&#x9A4;&#x9B0; &#x9A6;&#x9BF;&#x9A4;&#x9C7;
        &#x985;&#x9B8;&#x9AE;&#x9CD;&#x9AE;&#x9A4;&#x9BF; &#x99C;&#x9BE;&#x9A8;&#x9BF;&#x9DF;&#x9C7;&#x99B;&#x9C7;&#x9A8;</span><span lang="en" class="option-label " data-itext-id="/Injectable/Visit_Status/6:label">Refused</span></label><label class=""><input type="radio" name="/Injectable/Visit_Status" data-name="/Injectable/Visit_Status" value="8" required="required" data-type-xml="select1"/><span lang="bn" class="option-label active" data-itext-id="/Injectable/Visit_Status/8:label">&#x98F;&#x995;&#x9C7;&#x9AC;&#x9BE;&#x9B0;&#x9C7;&#x987; &#x98F;&#x9B2;&#x9BE;&#x995;&#x9BE;
        &#x99B;&#x9C7;&#x9DC;&#x9C7; &#x99A;&#x9B2;&#x9C7; &#x997;&#x9C7;&#x99B;&#x9C7;&#x9A8;</span><span lang="en" class="option-label " data-itext-id="/Injectable/Visit_Status/8:label">Permanently moved</span></label><label class=""><input type="radio" name="/Injectable/Visit_Status" data-name="/Injectable/Visit_Status" value="10" required="required" data-type-xml="select1"/><span lang="bn" class="option-label active" data-itext-id="/Injectable/Visit_Status/10:label">&#x9AE;&#x9B9;&#x9BF;&#x9B2;&#x9BE; &#x9AE;&#x9BE;&#x9B0;&#x9BE; &#x997;&#x9C7;&#x99B;&#x9C7;&#x9A8;</span><span lang="en" class="option-label " data-itext-id="/Injectable/Visit_Status/10:label">Woman died \</span></label></div></fieldset><span class="or-constraint-msg active" lang="" data-i18n="constraint.invalid">Value not allowed</span><span class="or-required-msg active" lang="" data-i18n="constraint.required">This field is required</span></fieldset>
    <section class="or-group-data or-branch pre-init " name="/Injectable/Woman_Met" data-relevant="selected( /Injectable/Visit_Status ,'1')"><label class="note non-select "><span lang="bn" class="question-label active" data-itext-id="/Injectable/Woman_Met/Confirm_Info:label">&#x9AE;&#x9B9;&#x9BF;&#x9B2;&#x9BE;&#x9B0; &#x9A4;&#x9A5;&#x9CD;&#x9AF;&#x997;&#x9C1;&#x9B2;&#x9CB; &#x9B8;&#x9A0;&#x9BF;&#x995; &#x995;&#x9BF;&#x9A8;&#x9BE; &#x9A4;&#x9BE; &#x9A8;&#x9BF;&#x9B6;&#x9CD;&#x99A;&#x9BF;&#x9A4; &#x995;&#x9B0;&#x9C1;&#x9A8;&#x983;
        &#x9A8;&#x9BE;&#x9AE;: <span class="or-output" data-value=" /Injectable/existing_Mem_F_Name ">
        </span>
        &#x996;&#x9BE;&#x9A8;&#x9BE; &#x9A8;&#x9AE;&#x9CD;&#x9AC;&#x9B0;: <span class="or-output" data-value=" /Injectable/existing_GoB_HHID ">
        </span>
        &#x996;&#x9BE;&#x9A8;&#x9BE; &#x9AA;&#x9CD;&#x9B0;&#x9A7;&#x9BE;&#x9A8;&#x983; <span class="or-output" data-value=" /Injectable/existing_HoH_F_Name ">
        </span>
        &#x9B8;&#x9CD;&#x9AC;&#x9BE;&#x9AE;&#x9C0;&#x9B0; &#x9A8;&#x9BE;&#x9AE;&#x983; <span class="or-output" data-value=" /Injectable/existing_Spouse_Name ">
        </span>
        &#x9A6;&#x9AE;&#x9CD;&#x9AA;&#x9A4;&#x9BF; &#x9A8;&#x982;&#x983;<span class="or-output" data-value=" /Injectable/existing_Couple_No ">
        </span>
        &#x99F;&#x9BF;&#x99F;&#x9BF; &#x99F;&#x9BF;&#x995;&#x9BE; &#x9A6;&#x9C7;&#x993;&#x9DF;&#x9BE; &#x9B9;&#x9DF;&#x9C7;&#x99B;&#x9C7;&#x983; <span class="or-output" data-value=" /Injectable/existing_TT_Count ">
        </span> &#x99F;&#x9BF;
        &#x9AE;&#x9CB;&#x9AC;&#x9BE;&#x987;&#x9B2; &#x9A8;&#x9AE;&#x9CD;&#x9AC;&#x9B0;&#x983; <span class="or-output" data-value=" /Injectable/existing_ELCO_Mobile_Number ">
        </span>
        &#x997;&#x9CD;&#x9B0;&#x9BE;&#x9AE;&#x9C7;&#x9B0; &#x9A8;&#x9BE;&#x9AE;&#x983; <span class="or-output" data-value=" /Injectable/existing_Final_Vill ">
        </span>
        &#x987;&#x99E;&#x9CD;&#x99C;&#x9C7;&#x995;&#x99F;&#x9C7;&#x9AC;&#x9B2; &#x9A6;&#x9C7;&#x993;&#x9DF;&#x9BE; &#x9B9;&#x9DF;&#x9C7;&#x99B;&#x9C7;&#x983; <span class="or-output" data-value=" /Injectable/existing_Dose_No ">
        </span> &#x99F;&#x9BF;</span><span lang="en" class="question-label " data-itext-id="/Injectable/Woman_Met/Confirm_Info:label">Confirm woman&#x2019;s infromation are correct:
        Name: <span class="or-output" data-value=" /Injectable/existing_Mem_F_Name ">
        </span>
        GoB HHID: <span class="or-output" data-value=" /Injectable/existing_GoB_HHID ">
        </span>
        HoH: <span class="or-output" data-value=" /Injectable/existing_HoH_F_Name ">
        </span>
        Spouse Name: <span class="or-output" data-value=" /Injectable/existing_Spouse_Name ">
        </span>
        Couple No: <span class="or-output" data-value=" /Injectable/existing_Couple_No ">
        </span>
        TT Dose No: <span class="or-output" data-value=" /Injectable/existing_TT_Count ">
        </span>
        Mobile Number: <span class="or-output" data-value=" /Injectable/existing_ELCO_Mobile_Number ">
        </span>
        Village Name: <span class="or-output" data-value=" /Injectable/existing_Final_Vill ">
        </span>
        Injectables given: <span class="or-output" data-value=" /Injectable/existing_Dose_No ">
        </span></span><input type="text" name="/Injectable/Woman_Met/Confirm_Info" data-type-xml="string" readonly="readonly"/></label><label class="note non-select "><span lang="bn" class="question-label active" data-itext-id="/Injectable/Woman_Met/Previoud_Dose_Inject:label">&#x9AA;&#x9C2;&#x9B0;&#x9CD;&#x9AC;&#x9C7;&#x9B0; &#x9A1;&#x9CB;&#x99C;&#x9C7;&#x9B0; &#x9A4;&#x9BE;&#x9B0;&#x9BF;&#x996; <span class="or-output" data-value=" /Injectable/existing_Injection_Date ">
    </span></span><span lang="en" class="question-label " data-itext-id="/Injectable/Woman_Met/Previoud_Dose_Inject:label">Date of Previous dose <span class="or-output" data-value=" /Injectable/existing_Injection_Date ">
    </span></span><input type="text" name="/Injectable/Woman_Met/Previoud_Dose_Inject" data-type-xml="string" readonly="readonly"/></label><fieldset class="question simple-select "><fieldset><legend><span lang="bn" class="question-label active" data-itext-id="/Injectable/Woman_Met/Side_Effects:label">&#x9AA;&#x9BE;&#x9B0;&#x9CD;&#x9B6; &#x9AA;&#x9CD;&#x9B0;&#x9A4;&#x9BF;&#x995;&#x9CD;&#x9B0;&#x9BF;&#x9DF;&#x9BE;</span><span lang="en" class="question-label " data-itext-id="/Injectable/Woman_Met/Side_Effects:label">-</span><span class="required">*</span>
    </legend><div class="option-wrapper"><label class=""><input type="checkbox" name="/Injectable/Woman_Met/Side_Effects" value="1" required="required" data-type-xml="select"/><span lang="bn" class="option-label active" data-itext-id="/Injectable/Woman_Met/Side_Effects/1:label">&#x9AE;&#x9BE;&#x9B8;&#x9BF;&#x9B2; &#x9AC;&#x9A8;&#x9CD;&#x9A7;</span><span lang="en" class="option-label " data-itext-id="/Injectable/Woman_Met/Side_Effects/1:label">Menstruation stopped</span></label><label class=""><input type="checkbox" name="/Injectable/Woman_Met/Side_Effects" value="2" required="required" data-type-xml="select"/><span lang="bn" class="option-label active" data-itext-id="/Injectable/Woman_Met/Side_Effects/2:label">&#x985;&#x9A4;&#x9BF;&#x9B0;&#x9BF;&#x995;&#x9CD;&#x9A4; &#x9B0;&#x995;&#x9CD;&#x9A4;&#x9B8;&#x9CD;&#x9B0;&#x9BE;&#x9AC;</span><span lang="en" class="option-label " data-itext-id="/Injectable/Woman_Met/Side_Effects/2:label">Heavy blood flow during mentruation</span></label><label class=""><input type="checkbox" name="/Injectable/Woman_Met/Side_Effects" value="3" required="required" data-type-xml="select"/><span lang="bn" class="option-label active" data-itext-id="/Injectable/Woman_Met/Side_Effects/3:label">&#x9A6;&#x9C1;&#x987; &#x9AE;&#x9BE;&#x9B8;&#x9BF;&#x995;&#x9C7;&#x9B0; &#x9AE;&#x9A7;&#x9CD;&#x9AF;&#x9C7; &#x9AB;&#x9CB;&#x981;&#x99F;&#x9BE; &#x9AB;&#x9CB;&#x981;&#x99F;&#x9BE; &#x9B0;&#x995;&#x9CD;&#x9A4;&#x9B8;&#x9CD;&#x9B0;&#x9BE;&#x9AC;</span><span lang="en" class="option-label " data-itext-id="/Injectable/Woman_Met/Side_Effects/3:label">Blood drip between two mentrual</span></label><label class=""><input type="checkbox" name="/Injectable/Woman_Met/Side_Effects" value="4" required="required" data-type-xml="select"/><span lang="bn" class="option-label active" data-itext-id="/Injectable/Woman_Met/Side_Effects/4:label">&#x985;&#x9A8;&#x9BF;&#x9DF;&#x9AE;&#x9BF;&#x9A4; &#x9AE;&#x9BE;&#x9B8;&#x9BF;&#x995;</span><span lang="en" class="option-label " data-itext-id="/Injectable/Woman_Met/Side_Effects/4:label">Irregular period</span></label><label class=""><input type="checkbox" name="/Injectable/Woman_Met/Side_Effects" value="5" required="required" data-type-xml="select"/><span lang="bn" class="option-label active" data-itext-id="/Injectable/Woman_Met/Side_Effects/5:label">&#x9B8;&#x9BE;&#x9AE;&#x9BE;&#x9A8;&#x9CD;&#x9AF; &#x993;&#x99C;&#x9A8; &#x9AC;&#x9C7;&#x9DC;&#x9C7; &#x9AF;&#x9BE;&#x993;&#x9DF;&#x9BE;</span><span lang="en" class="option-label " data-itext-id="/Injectable/Woman_Met/Side_Effects/5:label">Slightly weight gain</span></label></div></fieldset><span class="or-constraint-msg active" lang="" data-i18n="constraint.invalid">Value not allowed</span><span class="or-required-msg active" lang="" data-i18n="constraint.required">This field is required</span></fieldset><label class="note or-branch pre-init non-select "><span lang="bn" class="question-label active" data-itext-id="/Injectable/Woman_Met/Note_SE1:label">&#x9AE;&#x9BE;&#x9B8;&#x9BF;&#x995; &#x9AC;&#x9A8;&#x9CD;&#x9A7; &#x9A5;&#x9BE;&#x995;&#x9BE;&#x9DF; &#x997;&#x9CD;&#x9B0;&#x9B9;&#x9C0;&#x9A4;&#x9BE; &#x996;&#x9C1;&#x9AC; &#x989;&#x9A6;&#x9CD;&#x9AC;&#x9BF;&#x997;&#x9CD;&#x9A8; &#x9B9;&#x9B2;&#x9C7; &#x98F;&#x995; &#x99A;&#x995;&#x9CD;&#x9B0; &#x996;&#x9BE;&#x9AC;&#x9BE;&#x9B0; &#x9AC;&#x9DC;&#x9BF; &#x996;&#x9BE;&#x993;&#x9DF;&#x9BE;&#x9B0; &#x985;&#x9A5;&#x9AC;&#x9BE; &#x985;&#x9A8;&#x9CD;&#x9AF; &#x9AA;&#x9A6;&#x9CD;&#x9A7;&#x9A4;&#x9BF; &#x9A8;&#x9C7;&#x993;&#x9DF;&#x9BE;&#x9B0; &#x9AA;&#x9B0;&#x9BE;&#x9AE;&#x9B0;&#x9CD;&#x9B6; &#x9A6;&#x9BF;&#x9A8;</span><span lang="en" class="question-label " data-itext-id="/Injectable/Woman_Met/Note_SE1:label">-</span><input type="text" name="/Injectable/Woman_Met/Note_SE1" data-relevant="selected( /Injectable/Woman_Met/Side_Effects ,'1')" data-type-xml="string" readonly="readonly"/></label><label class="note or-branch pre-init non-select "><span lang="bn" class="question-label active" data-itext-id="/Injectable/Woman_Met/Note_SE2:label">&#x985;&#x9A4;&#x9BF;&#x9B0;&#x9BF;&#x995;&#x9CD;&#x9A4; &#x9B0;&#x995;&#x9CD;&#x9A4;&#x9B8;&#x9CD;&#x9B0;&#x9BE;&#x9AC; &#x9B9;&#x9B2;&#x9C7; &#x9AA;&#x9CD;&#x9B0;&#x9A4;&#x9BF;&#x9A6;&#x9BF;&#x9A8; &#x9E7;&#x99F;&#x9BF; &#x995;&#x9B0;&#x9C7; &#x9B8;&#x9CD;&#x9AC;&#x9B2;&#x9CD;&#x9AA;&#x9AE;&#x9BE;&#x9A4;&#x9CD;&#x9B0;&#x9BE;&#x9B0; &#x996;&#x9BE;&#x9AC;&#x9BE;&#x9B0; &#x9AC;&#x9DC;&#x9BF; (&#x9B8;&#x9C1;&#x996;&#x9C0;) &#x9E8;&#x9E7; &#x9A6;&#x9BF;&#x9A8; &#x9A6;&#x9BF;&#x9A8; &#x98F;&#x9AC;&#x982; &#x9AA;&#x9CD;&#x9B0;&#x9DF;&#x9CB;&#x99C;&#x9A8;&#x9AC;&#x9CB;&#x9A7;&#x9C7; &#x98F;&#x9AD;&#x9BE;&#x9AC;&#x9C7; &#x9E8;/&#x9E9; &#x99A;&#x995;&#x9CD;&#x9B0; &#x9AC;&#x9DC;&#x9BF; &#x996;&#x9C7;&#x9A4;&#x9C7; &#x9AC;&#x9B2;&#x9C1;&#x9A8;</span><span lang="en" class="question-label " data-itext-id="/Injectable/Woman_Met/Note_SE2:label">-</span><input type="text" name="/Injectable/Woman_Met/Note_SE2" data-relevant="selected( /Injectable/Woman_Met/Side_Effects ,'2')" data-type-xml="string" readonly="readonly"/></label><label class="note or-branch pre-init non-select "><span lang="bn" class="question-label active" data-itext-id="/Injectable/Woman_Met/Note_SE3:label">&#x9AB;&#x9CB;&#x981;&#x99F;&#x9BE; &#x9AB;&#x9CB;&#x981;&#x99F;&#x9BE; &#x9B0;&#x995;&#x9CD;&#x9A4;&#x9B8;&#x9CD;&#x9B0;&#x9BE;&#x9AC;&#x9C7;&#x9B0; &#x99C;&#x9A8;&#x9CD;&#x9AF; &#x9B8;&#x9CD;&#x9AC;&#x9B2;&#x9CD;&#x9AA;&#x9AE;&#x9BE;&#x9A4;&#x9CD;&#x9B0;&#x9BE;&#x9B0; &#x98F;&#x995;&#x99F;&#x9BF; &#x995;&#x9B0;&#x9C7; &#x996;&#x9BE;&#x9AC;&#x9BE;&#x9B0; &#x9AC;&#x9DC;&#x9BF; (&#x9B8;&#x9C1;&#x996;&#x9C0;) &#x9E8;&#x9E7; &#x9A6;&#x9BF;&#x9A8; &#x996;&#x9C7;&#x9A4;&#x9C7; &#x9A6;&#x9BF;&#x9A8;</span><span lang="en" class="question-label " data-itext-id="/Injectable/Woman_Met/Note_SE3:label">-</span><input type="text" name="/Injectable/Woman_Met/Note_SE3" data-relevant="selected( /Injectable/Woman_Met/Side_Effects ,'3')" data-type-xml="string" readonly="readonly"/></label><label class="note or-branch pre-init non-select "><span lang="bn" class="question-label active" data-itext-id="/Injectable/Woman_Met/Note_SE4:label">&#x985;&#x9A8;&#x9BF;&#x9DF;&#x9AE;&#x9BF;&#x9A4; &#x9B0;&#x995;&#x9CD;&#x9A4;&#x9B8;&#x9CD;&#x9B0;&#x9BE;&#x9AC; &#x987;&#x99E;&#x9CD;&#x99C;&#x9C7;&#x995;&#x9CD;&#x99F;&#x9C7;&#x9AC;&#x9B2; &#x997;&#x9CD;&#x9B0;&#x9B9;&#x9C0;&#x9A4;&#x9BE;&#x9B0; &#x99C;&#x9A8;&#x9CD;&#x9AF; &#x9B8;&#x9CD;&#x9AC;&#x9BE;&#x9AD;&#x9BE;&#x9AC;&#x9BF;&#x995;&#x964; &#x997;&#x9CD;&#x9B0;&#x9B9;&#x9C0;&#x9A4;&#x9BE;&#x995;&#x9C7; &#x986;&#x9B6;&#x9CD;&#x9AC;&#x9B8;&#x9CD;&#x9A4; &#x995;&#x9B0;&#x9A4;&#x9C7; &#x9B9;&#x9AC;&#x9C7; &#x9AF;&#x9C7; &#x9A6;&#x9C1;&#x987;/&#x9A4;&#x9BF;&#x9A8; &#x9A1;&#x9CB;&#x99C; &#x9A8;&#x9C7;&#x9DF;&#x9BE;&#x9B0; &#x9AA;&#x9B0; &#x98F;&#x997;&#x9C1;&#x9B2;&#x9CB; &#x995;&#x9BE;&#x99C;&#x9C7; &#x986;&#x9B8;&#x9AC;&#x9C7;</span><span lang="en" class="question-label " data-itext-id="/Injectable/Woman_Met/Note_SE4:label">-</span><input type="text" name="/Injectable/Woman_Met/Note_SE4" data-relevant="selected( /Injectable/Woman_Met/Side_Effects ,'4')" data-type-xml="string" readonly="readonly"/></label><label class="question non-select "><span lang="bn" class="question-label active" data-itext-id="/Injectable/Woman_Met/Injection_Date:label">&#x9AA;&#x9CD;&#x9B0;&#x9DF;&#x9CB;&#x997;&#x9C7;&#x9B0; &#x9A4;&#x9BE;&#x9B0;&#x9BF;&#x996;</span><span lang="en" class="question-label " data-itext-id="/Injectable/Woman_Met/Injection_Date:label">-</span><span class="required">*</span><input type="date" name="/Injectable/Woman_Met/Injection_Date" required="required" data-type-xml="date"/><span class="or-constraint-msg active" lang="" data-i18n="constraint.invalid">Value not allowed</span><span class="or-required-msg active" lang="" data-i18n="constraint.required">This field is required</span></label><label class="note non-select "><span lang="bn" class="question-label active" data-itext-id="/Injectable/Woman_Met/Next_Injection_Date:label">&#x9AA;&#x9B0;&#x9AC;&#x9B0;&#x9CD;&#x9A4;&#x9C0; &#x987;&#x99E;&#x9CD;&#x99C;&#x9C7;&#x995;&#x9B6;&#x9A8; &#x9A8;&#x9C7;&#x993;&#x9DF;&#x9BE;&#x9B0; &#x9A4;&#x9BE;&#x9B0;&#x9BF;&#x996; <span class="or-output" data-value=" /Injectable/Woman_Met/Format_Next_Injection_Date ">
    </span></span><span lang="en" class="question-label " data-itext-id="/Injectable/Woman_Met/Next_Injection_Date:label">Next due date for Injectable <span class="or-output" data-value=" /Injectable/Woman_Met/Format_Next_Injection_Date ">
    </span></span><input type="text" name="/Injectable/Woman_Met/Next_Injection_Date" data-type-xml="string" readonly="readonly"/></label>
    </section><!--end of group -->

    <fieldset id="or-preload-items" style="display:none;"><label class="calculation non-select "><input type="hidden" name="/Injectable/Today" data-preload="date" data-preload-params="today" data-type-xml="date"/></label><label class="calculation non-select "><input type="hidden" name="/Injectable/start" data-preload="timestamp" data-preload-params="start" data-type-xml="dateTime"/></label><label class="calculation non-select "><input type="hidden" name="/Injectable/end" data-preload="timestamp" data-preload-params="end" data-type-xml="dateTime"/></label></fieldset><fieldset id="or-calculated-items" style="display:none;"><label class="calculation non-select "><input type="hidden" name="/Injectable/Woman_Met/Todays_Dose_No" data-calculate=" /Injectable/existing_Dose_No +'1'" data-type-xml="string"/></label><label class="calculation non-select "><input type="hidden" name="/Injectable/Woman_Met/Dose_No" data-calculate=" /Injectable/Woman_Met/Todays_Dose_No +'1'" data-type-xml="string"/></label><label class="calculation non-select "><input type="hidden" name="/Injectable/Woman_Met/Is_Due" data-calculate="if( /Injectable/Woman_Met/Injection_Date &gt;=(date( /Injectable/existing_Injection_Date +90)) and  /Injectable/Woman_Met/Injection_Date &lt;(date( /Injectable/existing_Injection_Date +100)),'1','0')" data-type-xml="string"/></label><label class="calculation non-select "><input type="hidden" name="/Injectable/Woman_Met/Is_Post_Due" data-calculate="if( /Injectable/Woman_Met/Injection_Date &gt;(date( /Injectable/existing_Injection_Date +100)),'1','0')" data-type-xml="string"/></label><label class="calculation non-select "><input type="hidden" name="/Injectable/Woman_Met/Format_Next_Injection_Date" data-calculate="format-date (date(( /Injectable/Woman_Met/Injection_Date )+90), '%Y-%m-%d')" data-type-xml="string"/></label><label class="calculation non-select "><input type="hidden" name="/Injectable/meta/instanceID" data-calculate="concat('uuid:', uuid())" data-type-xml="string"/></label><label class="calculation non-select "><input type="hidden" name="/Injectable/formhub/uuid" data-calculate="'8f77bbac0c5e4cb787e8b6d1bf73ac7e'" data-type-xml="string"/></label></fieldset></form><xsltmessages><message level="0">XML to HTML transformation for form took 0.04 seconds</message></xsltmessages><jrvalidationmessages><message level="1">This validation is yet not functional.</message></jrvalidationmessages><xmlerrors/><xslformerrors/><xsldataerrors/></root>
