{
  "form_data_definition_version": "1",
  "form": {
    "default_bind_path": "/model/instance/Injectable",
    "bind_type": "members",
    "fields": [
      {
        "name": "id",
        "shouldLoadValue": true
      },
      {
        "name": "version",
        "bind": "/model/instance/Injectable/version"
      },
      {
        "name": "changes",
        "bind": "/model/instance/Injectable/changes"
      },
      {
        "name": "existing_Country",
        "bind": "/model/instance/Injectable/existing_Country",
        "shouldLoadValue": true
      },
      {
        "name": "existing_Division",
        "bind": "/model/instance/Injectable/existing_Division",
        "shouldLoadValue": true
      },
      {
        "name": "existing_District",
        "bind": "/model/instance/Injectable/existing_District",
        "shouldLoadValue": true
      },
      {
        "name": "existing_Upazilla",
        "bind": "/model/instance/Injectable/existing_Upazilla",
        "shouldLoadValue": true
      },
      {
        "name": "existing_Union",
        "bind": "/model/instance/Injectable/existing_Union",
        "shouldLoadValue": true
      },
      {
        "name": "existing_Ward",
        "bind": "/model/instance/Injectable/existing_Ward",
        "shouldLoadValue": true
      },
      {
        "name": "existing_Subunit",
        "bind": "/model/instance/Injectable/existing_Subunit",
        "shouldLoadValue": true
      },
      {
        "name": "existing_Mauzapara",
        "bind": "/model/instance/Injectable/existing_Mauzapara",
        "shouldLoadValue": true
      },
      {
        "name": "Final_Vill",
        "bind": "/model/instance/Injectable/existing_Final_Vill",
        "shouldLoadValue": true
      },
      {
        "name": "GPS",
        "bind": "/model/instance/Injectable/existing_GPS",
        "shouldLoadValue": true
      },
      {
        "name": "existing_location",
        "bind": "/model/instance/Injectable/existing_location"
      },
      {
        "name": "Mem_F_Name",
        "bind": "/model/instance/Injectable/existing_Mem_F_Name",
        "shouldLoadValue": true
      },
      {
        "name": "Member_GoB_HHID",
        "bind": "/model/instance/Injectable/existing_GoB_HHID",
        "shouldLoadValue": true
      },
      {
        "name": "Mem_NID",
        "bind": "/model/instance/Injectable/existing_Mem_NID",
        "shouldLoadValue": true
      },
      {
        "name": "Mem_BRID",
        "bind": "/model/instance/Injectable/existing_Mem_BRID",
        "shouldLoadValue": true
      },
      {
        "name": "existing_HoH_F_Name",
        "bind": "/model/instance/Injectable/existing_HoH_F_Name",
        "shouldLoadValue": true
      },
      {
        "name": "Spouse_Name",
        "bind": "/model/instance/Injectable/existing_Spouse_Name",
        "shouldLoadValue": true
      },
      {
        "name": "Couple_No",
        "bind": "/model/instance/Injectable/existing_Couple_No",
        "shouldLoadValue": true
      },
      {
        "name": "TT_Count",
        "bind": "/model/instance/Injectable/existing_TT_Count",
        "shouldLoadValue": true
      },
      {
        "name": "ELCO_Mobile_Number",
        "bind": "/model/instance/Injectable/existing_ELCO_Mobile_Number",
        "shouldLoadValue": true
      },
      {
        "name": "Injection_Date",
        "bind": "/model/instance/Injectable/existing_Injection_Date",
        "shouldLoadValue": true
      },
      {
        "name": "Dose_No",
        "bind": "/model/instance/Injectable/existing_Dose_No",
        "shouldLoadValue": true
      },
      {
        "name": "Today",
        "bind": "/model/instance/Injectable/Today"
      },
      {
        "name": "start",
        "bind": "/model/instance/Injectable/start"
      },
      {
        "name": "end",
        "bind": "/model/instance/Injectable/end"
      },
      {
        "name": "Visit_Date",
        "bind": "/model/instance/Injectable/Visit_Date"
      },
      {
        "name": "Visit_Status",
        "bind": "/model/instance/Injectable/Visit_Status"
      },
      {
        "name": "Confirm_Info",
        "bind": "/model/instance/Injectable/Woman_Met/Confirm_Info"
      },
      {
        "name": "Previoud_Dose_Inject",
        "bind": "/model/instance/Injectable/Woman_Met/Previoud_Dose_Inject"
      },
      {
        "name": "Side_Effects",
        "bind": "/model/instance/Injectable/Woman_Met/Side_Effects"
      },
      {
        "name": "Note_SE1",
        "bind": "/model/instance/Injectable/Woman_Met/Note_SE1"
      },
      {
        "name": "Note_SE2",
        "bind": "/model/instance/Injectable/Woman_Met/Note_SE2"
      },
      {
        "name": "Note_SE3",
        "bind": "/model/instance/Injectable/Woman_Met/Note_SE3"
      },
      {
        "name": "Note_SE4",
        "bind": "/model/instance/Injectable/Woman_Met/Note_SE4"
      },
      {
        "name": "Injection_Date",
        "bind": "/model/instance/Injectable/Woman_Met/Injection_Date"
      },
      {
        "name": "Todays_Dose_No",
        "bind": "/model/instance/Injectable/Woman_Met/Todays_Dose_No"
      },
      {
        "name": "Dose_No",
        "bind": "/model/instance/Injectable/Woman_Met/Dose_No"
      },
      {
        "name": "Is_Due",
        "bind": "/model/instance/Injectable/Woman_Met/Is_Due"
      },
      {
        "name": "Is_Post_Due",
        "bind": "/model/instance/Injectable/Woman_Met/Is_Post_Due"
      },
      {
        "name": "Format_Next_Injection_Date",
        "bind": "/model/instance/Injectable/Woman_Met/Format_Next_Injection_Date"
      },
      {
        "name": "Next_Injection_Date",
        "bind": "/model/instance/Injectable/Woman_Met/Next_Injection_Date"
      },
      {
        "name": "injectablerelationalid",
        "bind": "/model/instance/Injectable/relationalid"
      },
      {
        "name": "injectable_current_formStatus",
        "bind": "/model/instance/Injectable/injectable_current_formStatus"
      }
    ]
  }
}