<model>
    <instance>
        <Injectable encounter_type="Injectable" id="Injectable" version="201612051247">
            <formhub>
                <uuid/>
            </formhub>
            <version/>
            <changes/>
            <existing_Country/>
            <existing_Division/>
            <existing_District/>
            <existing_Upazilla/>
            <existing_Union/>
            <existing_Ward/>
            <existing_Subunit/>
            <existing_Mauzapara/>
            <existing_Final_Vill/>
            <existing_GPS/>
            <existing_location openmrs_entity="encounter" openmrs_entity_id="location_id"/>
            <existing_Mem_F_Name/>
            <existing_GoB_HHID/>
            <existing_Mem_NID/>
            <existing_Mem_BRID/>
            <existing_HoH_F_Name/>
            <existing_Spouse_Name/>
            <existing_Couple_No/>
            <existing_TT_Count/>
            <existing_ELCO_Mobile_Number/>
            <existing_Injection_Date/>
            <existing_Dose_No/>
            <Today openmrs_entity="encounter" openmrs_entity_id="encounter_date"/>
            <start openmrs_entity="concept" openmrs_entity_id="163137AAAAAAAAAAAAAAAAAAAAAAAAAAAAAA"/>
            <end openmrs_entity="concept" openmrs_entity_id="163138AAAAAAAAAAAAAAAAAAAAAAAAAAAAAA"/>
            <Visit_Date openmrs_entity="concept" openmrs_entity_id="160753AAAAAAAAAAAAAAAAAAAAAAAAAAAAAA"/>
            <Visit_Status openmrs_entity="concept" openmrs_entity_id="161641AAAAAAAAAAAAAAAAAAAAAAAAAAAAAA"/>
            <Woman_Met>
                <Confirm_Info/>
                <Previoud_Dose_Inject/>
                <Side_Effects/>
                <Note_SE1/>
                <Note_SE2/>
                <Note_SE3/>
                <Note_SE4/>
                <Injection_Date/>
                <Todays_Dose_No/>
                <Dose_No/>
                <Is_Due/>
                <Is_Post_Due/>
                <Format_Next_Injection_Date/>
                <Next_Injection_Date/>
            </Woman_Met>
            <relationalid/>
            <injectable_current_formStatus/>
            <meta>
                <instanceID/>
            </meta>
        </Injectable>
    </instance>
</model>