<form autocomplete="off" novalidate="novalidate" class="or clearfix" dir="ltr" id="ANCVisit1"> <!--This form was created by transforming a OpenRosa-flavored (X)Form using an XSL stylesheet created by Enketo LLC.--><section class="form-logo"> </section><h3 dir="auto" id="form-title">গর্ভকালীন সেবার তথ্য (ANC-1)</h3><select id="form-languages" data-default-lang="bn"><option value="bn" data-dir="ltr">Bengali</option> <option value="en" data-dir="ltr">English</option> </select> <fieldset class="question simple-select "><fieldset><legend><span lang="bn" class="question-label active" data-itext-id="/ANCVisit1/Visit_Status:label">ভিজিট স্ট্যাটাস</span><span lang="en" class="question-label " data-itext-id="/ANCVisit1/Visit_Status:label">Visit Status</span><span class="required">*</span> </legend><div class="option-wrapper"><label class=""><input type="radio" name="/ANCVisit1/Visit_Status" data-name="/ANCVisit1/Visit_Status" value="1" data-required="true()" data-type-xml="select1"/><span lang="bn" class="option-label active" data-itext-id="/ANCVisit1/Visit_Status/1:label">মহিলার সাথে দেখা হয়েছে</span><span lang="en" class="option-label " data-itext-id="/ANCVisit1/Visit_Status/1:label">Met with woman</span></label><label class=""><input type="radio" name="/ANCVisit1/Visit_Status" data-name="/ANCVisit1/Visit_Status" value="2" data-required="true()" data-type-xml="select1"/><span lang="bn" class="option-label active" data-itext-id="/ANCVisit1/Visit_Status/2:label">উত্তর দিতে রাজী হন নি</span><span lang="en" class="option-label " data-itext-id="/ANCVisit1/Visit_Status/2:label">Refused</span></label><label class=""><input type="radio" name="/ANCVisit1/Visit_Status" data-name="/ANCVisit1/Visit_Status" value="8" data-required="true()" data-type-xml="select1"/><span lang="bn" class="option-label active" data-itext-id="/ANCVisit1/Visit_Status/8:label">স্থায়ী ভাবে অন্যত্র চলে গেছেন</span><span lang="en" class="option-label " data-itext-id="/ANCVisit1/Visit_Status/8:label">Permanently Moved</span></label><label class=""><input type="radio" name="/ANCVisit1/Visit_Status" data-name="/ANCVisit1/Visit_Status" value="10" data-required="true()" data-type-xml="select1"/><span lang="bn" class="option-label active" data-itext-id="/ANCVisit1/Visit_Status/10:label">মহিলা মারা গেছেন</span><span lang="en" class="option-label " data-itext-id="/ANCVisit1/Visit_Status/10:label">Woman Died</span></label></div></fieldset><span class="or-required-msg active" lang="" data-i18n="constraint.required">This field is required</span></fieldset> <section class="or-group-data or-branch pre-init " name="/ANCVisit1/Met" data-relevant=" /ANCVisit1/Visit_Status ='1'"><label class="question note non-select "><span lang="bn" class="question-label active" data-itext-id="/ANCVisit1/Met/Confirm_Info:label"><p>মহিলার তথ্যগুলো সঠিক কিনা তা নিশ্চিত করুনঃ</p><p>নাম: <span class="or-output" data-value=" /ANCVisit1/existing_Mem_F_Name "> </span></p><p>খানা নম্বর: <span class="or-output" data-value=" /ANCVisit1/existing_GoB_HHID "> </span></p><p>খানা প্রধানঃ <span class="or-output" data-value=" /ANCVisit1/existing_HoH_F_Name "> </span></p><p>স্বামীর নামঃ <span class="or-output" data-value=" /ANCVisit1/existing_Spouse_Name "> </span></p><p>দম্পতি নংঃ<span class="or-output" data-value=" /ANCVisit1/existing_Couple_No "> </span></p><p>টিটি টিকা দেওয়া হয়েছেঃ <span class="or-output" data-value=" /ANCVisit1/existing_TT_Count "> </span> টি</p><p>মোবাইল নম্বরঃ <span class="or-output" data-value=" /ANCVisit1/existing_ELCO_Mobile_Number "> </span></p><p>গ্রামের নামঃ <span class="or-output" data-value=" /ANCVisit1/existing_Final_Vill "> </span></p><p>প্রসবের সম্ভাব্য তারিখঃ <span class="or-output" data-value=" /ANCVisit1/existing_EDD "> </span></p>উচ্চতাঃ <span class="or-output" data-value=" /ANCVisit1/existing_Height "> </span></span><span lang="en" class="question-label " data-itext-id="/ANCVisit1/Met/Confirm_Info:label"><p>Confirm woman’s infromation are correct:</p><p>Name: <span class="or-output" data-value=" /ANCVisit1/existing_Mem_F_Name "> </span></p><p>GoB HHID: <span class="or-output" data-value=" /ANCVisit1/existing_GoB_HHID "> </span></p><p>HoH: <span class="or-output" data-value=" /ANCVisit1/existing_HoH_F_Name "> </span></p><p>Spouse Name: <span class="or-output" data-value=" /ANCVisit1/existing_Spouse_Name "> </span></p><p>Couple No: <span class="or-output" data-value=" /ANCVisit1/existing_Couple_No "> </span></p><p>TT Dose No: <span class="or-output" data-value=" /ANCVisit1/existing_TT_Count "> </span></p><p>Mobile Number: <span class="or-output" data-value=" /ANCVisit1/existing_ELCO_Mobile_Number "> </span></p><p>Village Name: <span class="or-output" data-value=" /ANCVisit1/existing_Final_Vill "> </span></p><p>EDD: <span class="or-output" data-value=" /ANCVisit1/existing_EDD "> </span></p>Height: <span class="or-output" data-value=" /ANCVisit1/existing_Height "> </span></span><input type="text" name="/ANCVisit1/Met/Confirm_Info" data-type-xml="string" readonly="readonly"/></label><label class="question non-select "><span lang="bn" class="question-label active" data-itext-id="/ANCVisit1/Met/Visit_Date:label">পরিদর্শন-১ (তারিখ)</span><span lang="en" class="question-label " data-itext-id="/ANCVisit1/Met/Visit_Date:label">Visit-1 (Date)</span><span class="required">*</span><input type="date" name="/ANCVisit1/Met/Visit_Date" data-required="true()" data-constraint=".&lt;= /ANCVisit1/today " data-type-xml="date"/><span class="or-constraint-msg active" lang="" data-i18n="constraint.invalid">Value not allowed</span><span class="or-required-msg active" lang="" data-i18n="constraint.required">This field is required</span></label><fieldset class="question simple-select "><fieldset><legend><span lang="bn" class="question-label active" data-itext-id="/ANCVisit1/Met/Preg_Status:label">গর্ভের অবস্থা</span><span lang="en" class="question-label " data-itext-id="/ANCVisit1/Met/Preg_Status:label">Pregnancy status</span><span class="required">*</span> </legend><div class="option-wrapper"><label class=""><input type="radio" name="/ANCVisit1/Met/Preg_Status" data-name="/ANCVisit1/Met/Preg_Status" value="4" data-required="true()" data-type-xml="select1"/><span lang="bn" class="option-label active" data-itext-id="/ANCVisit1/Met/Preg_Status/4:label">প্রসব হয়েছে</span><span lang="en" class="option-label " data-itext-id="/ANCVisit1/Met/Preg_Status/4:label">Delivery occurred</span></label><label class=""><input type="radio" name="/ANCVisit1/Met/Preg_Status" data-name="/ANCVisit1/Met/Preg_Status" value="5" data-required="true()" data-type-xml="select1"/><span lang="bn" class="option-label active" data-itext-id="/ANCVisit1/Met/Preg_Status/5:label">গর্ভপাত হয়েছে</span><span lang="en" class="option-label " data-itext-id="/ANCVisit1/Met/Preg_Status/5:label">Miscarriage</span></label><label class=""><input type="radio" name="/ANCVisit1/Met/Preg_Status" data-name="/ANCVisit1/Met/Preg_Status" value="1" data-required="true()" data-type-xml="select1"/><span lang="bn" class="option-label active" data-itext-id="/ANCVisit1/Met/Preg_Status/1:label">এখনও গর্ভবতী</span><span lang="en" class="option-label " data-itext-id="/ANCVisit1/Met/Preg_Status/1:label">Still Pregnant</span></label></div></fieldset><span class="or-required-msg active" lang="" data-i18n="constraint.required">This field is required</span></fieldset><section class="or-group or-appearance-field-list " name="/ANCVisit1/Met/Symptoms"><h4><span lang="bn" class="question-label active" data-itext-id="/ANCVisit1/Met/Symptoms:label">ঝুকিপূর্ণ/জটিল অবস্থার লক্ষণ</span><span lang="en" class="question-label " data-itext-id="/ANCVisit1/Met/Symptoms:label">Symptoms for Critical/Risky conditions</span></h4><fieldset class="question or-appearance-label "><fieldset><legend><span lang="bn" class="question-label active" data-itext-id="/ANCVisit1/Met/Symptoms/yn_dk_label:label">প্রত্যেক অবস্থার জন্য একটি করে উত্তর নির্বাচন করুন-</span><span lang="en" class="question-label " data-itext-id="/ANCVisit1/Met/Symptoms/yn_dk_label:label">Select one response for each condition:</span> </legend><div class="option-wrapper"><label class=""><input type="radio" name="/ANCVisit1/Met/Symptoms/yn_dk_label" data-name="/ANCVisit1/Met/Symptoms/yn_dk_label" value="0" data-type-xml="select1"/><span lang="bn" class="option-label active" data-itext-id="/ANCVisit1/Met/Symptoms/yn_dk_label/0:label">না</span><span lang="en" class="option-label " data-itext-id="/ANCVisit1/Met/Symptoms/yn_dk_label/0:label">No</span></label><label class=""><input type="radio" name="/ANCVisit1/Met/Symptoms/yn_dk_label" data-name="/ANCVisit1/Met/Symptoms/yn_dk_label" value="1" data-type-xml="select1"/><span lang="bn" class="option-label active" data-itext-id="/ANCVisit1/Met/Symptoms/yn_dk_label/1:label">হ্যাঁ</span><span lang="en" class="option-label " data-itext-id="/ANCVisit1/Met/Symptoms/yn_dk_label/1:label">Yes</span></label></div></fieldset></fieldset><fieldset class="question or-branch pre-init or-appearance-list-nolabel "><fieldset><legend><span lang="bn" class="question-label active" data-itext-id="/ANCVisit1/Met/Symptoms/Menstruation:label">গর্ভাবস্থায় রক্তস্রাব</span><span lang="en" class="question-label " data-itext-id="/ANCVisit1/Met/Symptoms/Menstruation:label">Menstruation during pregnancy</span> </legend><div class="option-wrapper"><label class=""><input type="radio" name="/ANCVisit1/Met/Symptoms/Menstruation" data-name="/ANCVisit1/Met/Symptoms/Menstruation" value="0" data-relevant="not(selected( /ANCVisit1/Met/Preg_Status ,'1'))" data-type-xml="select1"/><span lang="bn" class="option-label active" data-itext-id="/ANCVisit1/Met/Symptoms/Menstruation/0:label">না</span><span lang="en" class="option-label " data-itext-id="/ANCVisit1/Met/Symptoms/Menstruation/0:label">No</span></label><label class=""><input type="radio" name="/ANCVisit1/Met/Symptoms/Menstruation" data-name="/ANCVisit1/Met/Symptoms/Menstruation" value="1" data-relevant="not(selected( /ANCVisit1/Met/Preg_Status ,'1'))" data-type-xml="select1"/><span lang="bn" class="option-label active" data-itext-id="/ANCVisit1/Met/Symptoms/Menstruation/1:label">হ্যাঁ</span><span lang="en" class="option-label " data-itext-id="/ANCVisit1/Met/Symptoms/Menstruation/1:label">Yes</span></label></div></fieldset></fieldset><fieldset class="question or-appearance-list-nolabel "><fieldset><legend><span lang="bn" class="question-label active" data-itext-id="/ANCVisit1/Met/Symptoms/Headache_Blur_Vision:label">শরীরে পানি আসা, খুব বেশি মাথাব্যথা, চোখে ঝাপসা দেখা</span><span lang="en" class="question-label " data-itext-id="/ANCVisit1/Met/Symptoms/Headache_Blur_Vision:label">Swelling, bad headache, blurr vision</span> </legend><div class="option-wrapper"><label class=""><input type="radio" name="/ANCVisit1/Met/Symptoms/Headache_Blur_Vision" data-name="/ANCVisit1/Met/Symptoms/Headache_Blur_Vision" value="0" data-type-xml="select1"/><span lang="bn" class="option-label active" data-itext-id="/ANCVisit1/Met/Symptoms/Headache_Blur_Vision/0:label">না</span><span lang="en" class="option-label " data-itext-id="/ANCVisit1/Met/Symptoms/Headache_Blur_Vision/0:label">No</span></label><label class=""><input type="radio" name="/ANCVisit1/Met/Symptoms/Headache_Blur_Vision" data-name="/ANCVisit1/Met/Symptoms/Headache_Blur_Vision" value="1" data-type-xml="select1"/><span lang="bn" class="option-label active" data-itext-id="/ANCVisit1/Met/Symptoms/Headache_Blur_Vision/1:label">হ্যাঁ</span><span lang="en" class="option-label " data-itext-id="/ANCVisit1/Met/Symptoms/Headache_Blur_Vision/1:label">Yes</span></label></div></fieldset></fieldset><fieldset class="question or-appearance-list-nolabel "><fieldset><legend><span lang="bn" class="question-label active" data-itext-id="/ANCVisit1/Met/Symptoms/High_Fever:label">তিন দিনের বেশী জ্বর/দুর্গন্ধযুক্ত স্রাব</span><span lang="en" class="question-label " data-itext-id="/ANCVisit1/Met/Symptoms/High_Fever:label">High fever/Smelly discharge for more than 3 days</span> </legend><div class="option-wrapper"><label class=""><input type="radio" name="/ANCVisit1/Met/Symptoms/High_Fever" data-name="/ANCVisit1/Met/Symptoms/High_Fever" value="0" data-type-xml="select1"/><span lang="bn" class="option-label active" data-itext-id="/ANCVisit1/Met/Symptoms/High_Fever/0:label">না</span><span lang="en" class="option-label " data-itext-id="/ANCVisit1/Met/Symptoms/High_Fever/0:label">No</span></label><label class=""><input type="radio" name="/ANCVisit1/Met/Symptoms/High_Fever" data-name="/ANCVisit1/Met/Symptoms/High_Fever" value="1" data-type-xml="select1"/><span lang="bn" class="option-label active" data-itext-id="/ANCVisit1/Met/Symptoms/High_Fever/1:label">হ্যাঁ</span><span lang="en" class="option-label " data-itext-id="/ANCVisit1/Met/Symptoms/High_Fever/1:label">Yes</span></label></div></fieldset></fieldset><fieldset class="question or-branch pre-init or-appearance-list-nolabel "><fieldset><legend><span lang="bn" class="question-label active" data-itext-id="/ANCVisit1/Met/Symptoms/Prolonged_Delivery:label">প্রসব ব্যথা ১২ ঘণ্টার বেশী থাকা</span><span lang="en" class="question-label " data-itext-id="/ANCVisit1/Met/Symptoms/Prolonged_Delivery:label">Labor pain for more than 12 hours</span> </legend><div class="option-wrapper"><label class=""><input type="radio" name="/ANCVisit1/Met/Symptoms/Prolonged_Delivery" data-name="/ANCVisit1/Met/Symptoms/Prolonged_Delivery" value="0" data-relevant="selected( /ANCVisit1/Met/Preg_Status ,'1')" data-type-xml="select1"/><span lang="bn" class="option-label active" data-itext-id="/ANCVisit1/Met/Symptoms/Prolonged_Delivery/0:label">না</span><span lang="en" class="option-label " data-itext-id="/ANCVisit1/Met/Symptoms/Prolonged_Delivery/0:label">No</span></label><label class=""><input type="radio" name="/ANCVisit1/Met/Symptoms/Prolonged_Delivery" data-name="/ANCVisit1/Met/Symptoms/Prolonged_Delivery" value="1" data-relevant="selected( /ANCVisit1/Met/Preg_Status ,'1')" data-type-xml="select1"/><span lang="bn" class="option-label active" data-itext-id="/ANCVisit1/Met/Symptoms/Prolonged_Delivery/1:label">হ্যাঁ</span><span lang="en" class="option-label " data-itext-id="/ANCVisit1/Met/Symptoms/Prolonged_Delivery/1:label">Yes</span></label></div></fieldset></fieldset><fieldset class="question or-branch pre-init or-appearance-list-nolabel "><fieldset><legend><span lang="bn" class="question-label active" data-itext-id="/ANCVisit1/Met/Symptoms/Position_Child_During_Delivery:label">প্রসবের সময় বাচ্চার মাথা ছাড়া অন্য কোন অঙ্গ প্রথমে বের হওয়া</span><span lang="en" class="question-label " data-itext-id="/ANCVisit1/Met/Symptoms/Position_Child_During_Delivery:label">During delivery if any body part other than head comes out first</span> </legend><div class="option-wrapper"><label class=""><input type="radio" name="/ANCVisit1/Met/Symptoms/Position_Child_During_Delivery" data-name="/ANCVisit1/Met/Symptoms/Position_Child_During_Delivery" value="0" data-relevant="selected( /ANCVisit1/Met/Preg_Status ,'1')" data-type-xml="select1"/><span lang="bn" class="option-label active" data-itext-id="/ANCVisit1/Met/Symptoms/Position_Child_During_Delivery/0:label">না</span><span lang="en" class="option-label " data-itext-id="/ANCVisit1/Met/Symptoms/Position_Child_During_Delivery/0:label">No</span></label><label class=""><input type="radio" name="/ANCVisit1/Met/Symptoms/Position_Child_During_Delivery" data-name="/ANCVisit1/Met/Symptoms/Position_Child_During_Delivery" value="1" data-relevant="selected( /ANCVisit1/Met/Preg_Status ,'1')" data-type-xml="select1"/><span lang="bn" class="option-label active" data-itext-id="/ANCVisit1/Met/Symptoms/Position_Child_During_Delivery/1:label">হ্যাঁ</span><span lang="en" class="option-label " data-itext-id="/ANCVisit1/Met/Symptoms/Position_Child_During_Delivery/1:label">Yes</span></label></div></fieldset></fieldset><fieldset class="question or-appearance-list-nolabel "><fieldset><legend><span lang="bn" class="question-label active" data-itext-id="/ANCVisit1/Met/Symptoms/Convulsions:label">খিঁচুনি</span><span lang="en" class="question-label " data-itext-id="/ANCVisit1/Met/Symptoms/Convulsions:label">Convulasions</span> </legend><div class="option-wrapper"><label class=""><input type="radio" name="/ANCVisit1/Met/Symptoms/Convulsions" data-name="/ANCVisit1/Met/Symptoms/Convulsions" value="0" data-type-xml="select1"/><span lang="bn" class="option-label active" data-itext-id="/ANCVisit1/Met/Symptoms/Convulsions/0:label">না</span><span lang="en" class="option-label " data-itext-id="/ANCVisit1/Met/Symptoms/Convulsions/0:label">No</span></label><label class=""><input type="radio" name="/ANCVisit1/Met/Symptoms/Convulsions" data-name="/ANCVisit1/Met/Symptoms/Convulsions" value="1" data-type-xml="select1"/><span lang="bn" class="option-label active" data-itext-id="/ANCVisit1/Met/Symptoms/Convulsions/1:label">হ্যাঁ</span><span lang="en" class="option-label " data-itext-id="/ANCVisit1/Met/Symptoms/Convulsions/1:label">Yes</span></label></div></fieldset></fieldset> </section><!--end of group --><fieldset class="question simple-select "><fieldset><legend><span lang="bn" class="question-label active" data-itext-id="/ANCVisit1/Met/Is_Critical:label">মায়ের অবস্থা কি ঝুঁকিপূর্ণ/জটিল?</span><span lang="en" class="question-label " data-itext-id="/ANCVisit1/Met/Is_Critical:label">Is the mother's condition risky/critical?</span><span class="required">*</span> </legend><div class="option-wrapper"><label class=""><input type="radio" name="/ANCVisit1/Met/Is_Critical" data-name="/ANCVisit1/Met/Is_Critical" value="0" data-required="true()" data-type-xml="select1"/><span lang="bn" class="option-label active" data-itext-id="/ANCVisit1/Met/Is_Critical/0:label">না</span><span lang="en" class="option-label " data-itext-id="/ANCVisit1/Met/Is_Critical/0:label">No</span></label><label class=""><input type="radio" name="/ANCVisit1/Met/Is_Critical" data-name="/ANCVisit1/Met/Is_Critical" value="1" data-required="true()" data-type-xml="select1"/><span lang="bn" class="option-label active" data-itext-id="/ANCVisit1/Met/Is_Critical/1:label">হ্যাঁ</span><span lang="en" class="option-label " data-itext-id="/ANCVisit1/Met/Is_Critical/1:label">Yes</span></label></div></fieldset><span class="or-required-msg active" lang="" data-i18n="constraint.required">This field is required</span></fieldset><fieldset class="question simple-select or-branch pre-init "><fieldset><legend><span lang="bn" class="question-label active" data-itext-id="/ANCVisit1/Met/Is_Reffered:label">ঝুঁকিপূর্ণ/জটিল গর্ভবতী মাকে রেফার করা হয়েছে?</span><span lang="en" class="question-label " data-itext-id="/ANCVisit1/Met/Is_Reffered:label">Has the pregnant mother referred duringrisky/ critical condition?</span><span class="required">*</span> </legend><div class="option-wrapper"><label class=""><input type="radio" name="/ANCVisit1/Met/Is_Reffered" data-name="/ANCVisit1/Met/Is_Reffered" value="0" data-required="true()" data-relevant=" /ANCVisit1/Met/Is_Critical ='1'" data-type-xml="select1"/><span lang="bn" class="option-label active" data-itext-id="/ANCVisit1/Met/Is_Reffered/0:label">না</span><span lang="en" class="option-label " data-itext-id="/ANCVisit1/Met/Is_Reffered/0:label">No</span></label><label class=""><input type="radio" name="/ANCVisit1/Met/Is_Reffered" data-name="/ANCVisit1/Met/Is_Reffered" value="1" data-required="true()" data-relevant=" /ANCVisit1/Met/Is_Critical ='1'" data-type-xml="select1"/><span lang="bn" class="option-label active" data-itext-id="/ANCVisit1/Met/Is_Reffered/1:label">হ্যাঁ</span><span lang="en" class="option-label " data-itext-id="/ANCVisit1/Met/Is_Reffered/1:label">Yes</span></label></div></fieldset><span class="or-required-msg active" lang="" data-i18n="constraint.required">This field is required</span></fieldset><fieldset class="question simple-select or-branch pre-init "><fieldset><legend><span lang="bn" class="question-label active" data-itext-id="/ANCVisit1/Met/IFA_Received:label">আয়রন ও ফলিক এসিড বড়ি পেয়েছেন কি না?</span><span lang="en" class="question-label " data-itext-id="/ANCVisit1/Met/IFA_Received:label">Has she received IFA tablets?</span><span class="required">*</span> </legend><div class="option-wrapper"><label class=""><input type="radio" name="/ANCVisit1/Met/IFA_Received" data-name="/ANCVisit1/Met/IFA_Received" value="0" data-required="true()" data-relevant="not(selected( /ANCVisit1/Met/Preg_Status ,'2'))" data-type-xml="select1"/><span lang="bn" class="option-label active" data-itext-id="/ANCVisit1/Met/IFA_Received/0:label">না</span><span lang="en" class="option-label " data-itext-id="/ANCVisit1/Met/IFA_Received/0:label">No</span></label><label class=""><input type="radio" name="/ANCVisit1/Met/IFA_Received" data-name="/ANCVisit1/Met/IFA_Received" value="1" data-required="true()" data-relevant="not(selected( /ANCVisit1/Met/Preg_Status ,'2'))" data-type-xml="select1"/><span lang="bn" class="option-label active" data-itext-id="/ANCVisit1/Met/IFA_Received/1:label">হ্যাঁ</span><span lang="en" class="option-label " data-itext-id="/ANCVisit1/Met/IFA_Received/1:label">Yes</span></label></div></fieldset><span class="or-required-msg active" lang="" data-i18n="constraint.required">This field is required</span></fieldset> </section><!--end of group --> <fieldset id="or-preload-items" style="display:none;"><label class="calculation non-select "><input type="hidden" name="/ANCVisit1/today" data-preload="date" data-preload-params="today" data-type-xml="date"/></label><label class="calculation non-select "><input type="hidden" name="/ANCVisit1/start" data-preload="timestamp" data-preload-params="start" data-type-xml="dateTime"/></label><label class="calculation non-select "><input type="hidden" name="/ANCVisit1/end" data-preload="timestamp" data-preload-params="end" data-type-xml="dateTime"/></label></fieldset><fieldset id="or-calculated-items" style="display:none;"><label class="calculation non-select "><input type="hidden" name="/ANCVisit1/Met/ANC1_Due_Date" data-calculate="format-date(date( /ANCVisit1/existing_LMP +56), '%Y-%m-%d')" data-type-xml="string"/></label><label class="calculation non-select "><input type="hidden" name="/ANCVisit1/Met/Is_On_Time" data-calculate="if(( /ANCVisit1/Met/Visit_Date &lt;= /ANCVisit1/Met/ANC1_Due_Date ),'1','0')" data-type-xml="string"/></label><label class="calculation non-select "><input type="hidden" name="/ANCVisit1/Met/ANC1_Post_Due_Date" data-calculate="format-date(date( /ANCVisit1/existing_LMP +167), '%Y-%m-%d')" data-type-xml="string"/></label><label class="calculation non-select "><input type="hidden" name="/ANCVisit1/Met/Is_Post_Due" data-calculate="if(( /ANCVisit1/Met/Visit_Date &lt;= /ANCVisit1/Met/ANC1_Post_Due_Date ) and ( /ANCVisit1/Met/Visit_Date &gt; /ANCVisit1/Met/ANC1_Due_Date ) ,'1','0')" data-type-xml="string"/></label><label class="calculation non-select "><input type="hidden" name="/ANCVisit1/Met/ANC1_Expired_Date" data-calculate="format-date(date( /ANCVisit1/existing_LMP +168), '%Y-%m-%d')" data-type-xml="string"/></label><label class="calculation non-select "><input type="hidden" name="/ANCVisit1/Met/Is_Expired" data-calculate="if(( /ANCVisit1/Met/Visit_Date &gt;= /ANCVisit1/Met/ANC1_Expired_Date ) ,'1','0')" data-type-xml="string"/></label><label class="calculation non-select "><input type="hidden" name="/ANCVisit1/Not_Eligible" data-calculate="if( /ANCVisit1/Visit_Status = '3' or /ANCVisit1/Visit_Status = '4', '1', '0')" data-type-xml="string"/></label><label class="calculation non-select "><input type="hidden" name="/ANCVisit1/ELCO" data-calculate=" /ANCVisit1/existing_ELCO - /ANCVisit1/Not_Eligible " data-type-xml="string"/></label><label class="calculation non-select "><input type="hidden" name="/ANCVisit1/meta/instanceID" data-calculate="concat('uuid:', uuid())" data-type-xml="string"/></label><label class="calculation non-select "><input type="hidden" name="/ANCVisit1/formhub/uuid" data-calculate="'a574311df177477090d6fc770034d1e9'" data-type-xml="string"/></label></fieldset></form>
