<?xml version="1.0"?>
<root><form autocomplete="off" novalidate="novalidate" class="or clearfix" dir="ltr" id="DeathReg">
    <!--This form was created by transforming a OpenRosa-flavored (X)Form using an XSLT sheet created by Enketo LLC.--><section class="form-logo"> </section><h3 id="form-title">&#x9AE;&#x9C3;&#x9A4;&#x9CD;&#x9AF;&#x9C1; &#x9A8;&#x9BF;&#x9AC;&#x9A8;&#x9CD;&#x9A7;&#x9A8;</h3><select id="form-languages" data-default-lang="bn"><option value="bn">Bengali</option> <option value="en">English</option> </select>


    <label class="question non-select "><span lang="bn" class="question-label active" data-itext-id="/DeathReg/Visit_Date:label">&#x9AA;&#x9B0;&#x9BF;&#x9A6;&#x9B0;&#x9CD;&#x9B6;&#x9A8;&#x9C7;&#x9B0; &#x9A4;&#x9BE;&#x9B0;&#x9BF;&#x996;</span><span lang="en" class="question-label " data-itext-id="/DeathReg/Visit_Date:label">Date of Visit</span><span class="required">*</span><input type="date" name="/DeathReg/Visit_Date" required="required" data-constraint=".&lt;= /DeathReg/today " data-type-xml="date"/><span class="or-constraint-msg active" lang="" data-i18n="constraint.invalid">Value not allowed</span><span class="or-required-msg active" lang="" data-i18n="constraint.required">This field is required</span></label>
    <label class="note or-branch pre-init non-select "><span lang="bn" class="question-label active" data-itext-id="/DeathReg/Confirm_Info:label">&#x9A4;&#x9A5;&#x9CD;&#x9AF;&#x997;&#x9C1;&#x9B2;&#x9CB; &#x9B8;&#x9A0;&#x9BF;&#x995; &#x995;&#x9BF;&#x9A8;&#x9BE; &#x9A4;&#x9BE; &#x9A8;&#x9BF;&#x9B6;&#x9CD;&#x99A;&#x9BF;&#x9A4; &#x995;&#x9B0;&#x9C1;&#x9A8;&#x983;
        &#x9A8;&#x9BE;&#x9AE;: <span class="or-output" data-value=" /DeathReg/existing_Mem_F_Name ">
        </span>
        &#x996;&#x9BE;&#x9A8;&#x9BE; &#x9A8;&#x9AE;&#x9CD;&#x9AC;&#x9B0;: <span class="or-output" data-value=" /DeathReg/existing_GoB_HHID ">
        </span>
        &#x996;&#x9BE;&#x9A8;&#x9BE; &#x9AA;&#x9CD;&#x9B0;&#x9A7;&#x9BE;&#x9A8;&#x983; <span class="or-output" data-value=" /DeathReg/existing_HoH_F_Name ">
        </span>
        &#x9B8;&#x9CD;&#x9AC;&#x9BE;&#x9AE;&#x9C0;&#x9B0; &#x9A8;&#x9BE;&#x9AE;&#x983; <span class="or-output" data-value=" /DeathReg/existing_Spouse_Name ">
        </span>
        &#x9A6;&#x9AE;&#x9CD;&#x9AA;&#x9A4;&#x9BF; &#x9A8;&#x982;&#x983;<span class="or-output" data-value=" /DeathReg/existing_Couple_No ">
        </span>
        &#x997;&#x9CD;&#x9B0;&#x9BE;&#x9AE;&#x9C7;&#x9B0; &#x9A8;&#x9BE;&#x9AE;&#x983; <span class="or-output" data-value=" /DeathReg/existing_Final_Vill ">
        </span></span><span lang="en" class="question-label " data-itext-id="/DeathReg/Confirm_Info:label">Confirm if the below infromation is correct:
        Name: <span class="or-output" data-value=" /DeathReg/existing_Mem_F_Name ">
        </span>
        GoB HHID: <span class="or-output" data-value=" /DeathReg/existing_GoB_HHID ">
        </span>
        HoH: <span class="or-output" data-value=" /DeathReg/existing_HoH_F_Name ">
        </span>
        Spouse Name: <span class="or-output" data-value=" /DeathReg/existing_Spouse_Name ">
        </span>
        Couple No: <span class="or-output" data-value=" /DeathReg/existing_Couple_No ">
        </span>
        Village Name: <span class="or-output" data-value=" /DeathReg/existing_Final_Vill ">
        </span></span><input type="text" name="/DeathReg/Confirm_Info" data-relevant=" /DeathReg/existing_Calc_DoB_Confirm &gt;'5'" data-type-xml="string" readonly="readonly"/></label>
    <label class="note or-branch pre-init non-select "><span lang="bn" class="question-label active" data-itext-id="/DeathReg/Confirm_Info_Child:label">&#x9A4;&#x9A5;&#x9CD;&#x9AF;&#x997;&#x9C1;&#x9B2;&#x9CB; &#x9B8;&#x9A0;&#x9BF;&#x995; &#x995;&#x9BF;&#x9A8;&#x9BE; &#x9A4;&#x9BE; &#x9A8;&#x9BF;&#x9B6;&#x9CD;&#x99A;&#x9BF;&#x9A4; &#x995;&#x9B0;&#x9C1;&#x9A8;&#x983;
        &#x9A8;&#x9BE;&#x9AE;: <span class="or-output" data-value=" /DeathReg/existing_Mem_F_Name ">
        </span>
        &#x996;&#x9BE;&#x9A8;&#x9BE; &#x9A8;&#x9AE;&#x9CD;&#x9AC;&#x9B0;: <span class="or-output" data-value=" /DeathReg/existing_GoB_HHID ">
        </span>
        &#x996;&#x9BE;&#x9A8;&#x9BE; &#x9AA;&#x9CD;&#x9B0;&#x9A7;&#x9BE;&#x9A8;&#x983; <span class="or-output" data-value=" /DeathReg/existing_HoH_F_Name ">
        </span>
        &#x9AC;&#x9BE;&#x9AC;&#x9BE;&#x9B0; &#x9A8;&#x9BE;&#x9AE;&#x983; <span class="or-output" data-value=" /DeathReg/existing_Child_Father ">
        </span>
        &#x9AE;&#x9BE;&#x9DF;&#x9C7;&#x9B0; &#x9A8;&#x9BE;&#x9AE;&#x983; <span class="or-output" data-value=" /DeathReg/existing_Child_Mother ">
        </span>
        &#x997;&#x9CD;&#x9B0;&#x9BE;&#x9AE;&#x9C7;&#x9B0; &#x9A8;&#x9BE;&#x9AE;&#x983; <span class="or-output" data-value=" /DeathReg/existing_Final_Vill ">
        </span></span><span lang="en" class="question-label " data-itext-id="/DeathReg/Confirm_Info_Child:label">Confirm if the below infromation is correct:
        Name: <span class="or-output" data-value=" /DeathReg/existing_Mem_F_Name ">
        </span>
        GoB HHID: <span class="or-output" data-value=" /DeathReg/existing_GoB_HHID ">
        </span>
        HoH: <span class="or-output" data-value=" /DeathReg/existing_HoH_F_Name ">
        </span>
        Father Name: <span class="or-output" data-value=" /DeathReg/existing_Child_Father ">
        </span>
        MotherName: <span class="or-output" data-value=" /DeathReg/existing_Child_Mother ">
        </span>
        Village Name: <span class="or-output" data-value=" /DeathReg/existing_Final_Vill ">
        </span></span><input type="text" name="/DeathReg/Confirm_Info_Child" data-relevant=" /DeathReg/existing_Calc_DoB_Confirm &lt;'6'" data-type-xml="string" readonly="readonly"/></label>
    <label class="note non-select "><span lang="bn" class="question-label active" data-itext-id="/DeathReg/Date_Death:label">&#x9AE;&#x9C3;&#x9A4;&#x9CD;&#x9AF;&#x9C1;&#x9B0; &#x9A4;&#x9BE;&#x9B0;&#x9BF;&#x996;</span><span lang="en" class="question-label " data-itext-id="/DeathReg/Date_Death:label">Date of death</span><input type="date" name="/DeathReg/Date_Death" data-type-xml="date" readonly="readonly"/></label>
    <fieldset class="question simple-select "><fieldset><legend><span lang="bn" class="question-label active" data-itext-id="/DeathReg/Deceased_Age_Group:label">&#x9AE;&#x9C3;&#x9A4;&#x9CD;&#x9AF;&#x9C1;&#x995;&#x9BE;&#x9B2;&#x9C0;&#x9A8; &#x9AC;&#x9DF;&#x9B8;&#x9C7;&#x9B0; &#x997;&#x9CD;&#x9B0;&#x9C1;&#x9AA;</span><span lang="en" class="question-label " data-itext-id="/DeathReg/Deceased_Age_Group:label">-</span><span class="required">*</span>
    </legend><div class="option-wrapper"><label class=""><input type="radio" name="/DeathReg/Deceased_Age_Group" data-name="/DeathReg/Deceased_Age_Group" value="1" required="required" data-type-xml="select1"/><span lang="bn" class="option-label active" data-itext-id="/DeathReg/Deceased_Age_Group/1:label">&#x9E6;-&#x9ED; &#x9A6;&#x9BF;&#x9A8;</span><span lang="en" class="option-label " data-itext-id="/DeathReg/Deceased_Age_Group/1:label">0-7 days</span></label><label class=""><input type="radio" name="/DeathReg/Deceased_Age_Group" data-name="/DeathReg/Deceased_Age_Group" value="2" required="required" data-type-xml="select1"/><span lang="bn" class="option-label active" data-itext-id="/DeathReg/Deceased_Age_Group/2:label">&#x9EE;-&#x9E8;&#x9EE; &#x9A6;&#x9BF;&#x9A8;</span><span lang="en" class="option-label " data-itext-id="/DeathReg/Deceased_Age_Group/2:label">8-28 days</span></label><label class=""><input type="radio" name="/DeathReg/Deceased_Age_Group" data-name="/DeathReg/Deceased_Age_Group" value="3" required="required" data-type-xml="select1"/><span lang="bn" class="option-label active" data-itext-id="/DeathReg/Deceased_Age_Group/3:label">&#x9E8;&#x9EF; &#x9A6;&#x9BF;&#x9A8; &#x9A5;&#x9C7;&#x995;&#x9C7; &#x9E7; &#x9AC;&#x9CE;&#x9B8;&#x9B0;&#x9C7;&#x9B0; &#x995;&#x9AE;</span><span lang="en" class="option-label " data-itext-id="/DeathReg/Deceased_Age_Group/3:label">29 days to less than 1year</span></label><label class=""><input type="radio" name="/DeathReg/Deceased_Age_Group" data-name="/DeathReg/Deceased_Age_Group" value="4" required="required" data-type-xml="select1"/><span lang="bn" class="option-label active" data-itext-id="/DeathReg/Deceased_Age_Group/4:label">&#x9E7; &#x9AC;&#x9CE;&#x9B8;&#x9B0; &#x9A5;&#x9C7;&#x995;&#x9C7; &#x9EB; &#x9AC;&#x9CE;&#x9B8;&#x9B0;&#x9C7;&#x9B0; &#x995;&#x9AE;</span><span lang="en" class="option-label " data-itext-id="/DeathReg/Deceased_Age_Group/4:label">1 year to less than 5 years</span></label><label class=""><input type="radio" name="/DeathReg/Deceased_Age_Group" data-name="/DeathReg/Deceased_Age_Group" value="5" required="required" data-type-xml="select1"/><span lang="bn" class="option-label active" data-itext-id="/DeathReg/Deceased_Age_Group/5:label">&#x9AE;&#x9BE;&#x9A4;&#x9C3; &#x9AE;&#x9C3;&#x9A4;&#x9CD;&#x9AF;&#x9C1;</span><span lang="en" class="option-label " data-itext-id="/DeathReg/Deceased_Age_Group/5:label">Mother mortality</span></label><label class=""><input type="radio" name="/DeathReg/Deceased_Age_Group" data-name="/DeathReg/Deceased_Age_Group" value="6" required="required" data-type-xml="select1"/><span lang="bn" class="option-label active" data-itext-id="/DeathReg/Deceased_Age_Group/6:label">&#x985;&#x9A8;&#x9CD;&#x9AF;&#x9BE;&#x9A8;&#x9CD;&#x9AF; &#x9B8;&#x995;&#x9B2; &#x9AE;&#x9C3;&#x9A4;&#x9CD;&#x9AF;&#x9C1;</span><span lang="en" class="option-label " data-itext-id="/DeathReg/Deceased_Age_Group/6:label">Other death</span></label></div></fieldset><span class="or-constraint-msg active" lang="" data-i18n="constraint.invalid">Value not allowed</span><span class="or-required-msg active" lang="" data-i18n="constraint.required">This field is required</span></fieldset>
    <label class="question non-select "><span lang="bn" class="question-label active" data-itext-id="/DeathReg/Deceased_Age:label">&#x9AE;&#x9C3;&#x9A4;&#x9CD;&#x9AF;&#x9C1;&#x995;&#x9BE;&#x9B2;&#x9C0;&#x9A8; &#x9AC;&#x9DF;&#x9B8;</span><span lang="en" class="question-label " data-itext-id="/DeathReg/Deceased_Age:label">-</span><input type="text" name="/DeathReg/Deceased_Age" data-constraint=".&lt;='101'" data-type-xml="string"/><span class="or-constraint-msg active" lang="" data-i18n="constraint.invalid">Value not allowed</span></label>
    <label class="question non-select "><span lang="bn" class="question-label active" data-itext-id="/DeathReg/Reason_Death:label">&#x9AE;&#x9C3;&#x9A4;&#x9CD;&#x9AF;&#x9C1;&#x9B0; &#x995;&#x9BE;&#x9B0;&#x9A3;</span><span lang="en" class="question-label " data-itext-id="/DeathReg/Reason_Death:label">-</span><input type="text" name="/DeathReg/Reason_Death" data-type-xml="string"/><span class="or-constraint-msg active" lang="" data-i18n="constraint.invalid">Value not allowed</span></label>

    <fieldset id="or-preload-items" style="display:none;"><label class="calculation non-select "><input type="hidden" name="/DeathReg/today" data-preload="date" data-preload-params="today" data-type-xml="date"/></label><label class="calculation non-select "><input type="hidden" name="/DeathReg/start" data-preload="timestamp" data-preload-params="start" data-type-xml="dateTime"/></label><label class="calculation non-select "><input type="hidden" name="/DeathReg/end" data-preload="timestamp" data-preload-params="end" data-type-xml="dateTime"/></label></fieldset><fieldset id="or-calculated-items" style="display:none;"><label class="calculation non-select "><input type="hidden" name="/DeathReg/Gender_Deceased" data-calculate=" /DeathReg/existing_Member_Gender " data-type-xml="string"/></label><label class="calculation non-select "><input type="hidden" name="/DeathReg/meta/instanceID" data-calculate="concat('uuid:', uuid())" data-type-xml="string"/></label><label class="calculation non-select "><input type="hidden" name="/DeathReg/formhub/uuid" data-calculate="'4177be8822e841a7a5d22ddf58f48fa9'" data-type-xml="string"/></label></fieldset></form><xsltmessages><message level="0">XML to HTML transformation for form took 0.04 seconds</message></xsltmessages><jrvalidationmessages><message level="1">This validation is yet not functional.</message></jrvalidationmessages><xmlerrors/><xslformerrors/><xsldataerrors/></root>