<model>
    <instance>
        <DeathReg encounter_type="DeathReg" id="DeathReg" version="201612191237">
            <formhub>
                <uuid/>
            </formhub>
            <version/>
            <changes/>
            <existing_Calc_DoB_Confirm/>
            <existing_GoB_HHID/>
            <existing_Mem_F_Name/>
            <existing_Child_Mother/>
            <existing_Child_Father/>
            <existing_Final_Vill/>
            <existing_Mem_Mobile_Number/>
            <existing_Couple_No/>
            <existing_Spouse_Name/>
            <existing_Member_Gender/>
            <existing_HoH_F_Name/>
            <existing_ELCO_NID/>
            <existing_ELCO_BRID/>
            <existing_Mem_BRID/>
            <existing_Mauzapara openmrs_entity="encounter" openmrs_entity_id="location_id"/>
            <today openmrs_entity="encounter" openmrs_entity_id="encounter_date"/>
            <start openmrs_entity="concept" openmrs_entity_id="163137AAAAAAAAAAAAAAAAAAAAAAAAAAAAAA"/>
            <end openmrs_entity="concept" openmrs_entity_id="163138AAAAAAAAAAAAAAAAAAAAAAAAAAAAAA"/>
            <Visit_Date openmrs_entity="concept" openmrs_entity_id="160753AAAAAAAAAAAAAAAAAAAAAAAAAAAAAA"/>
            <Confirm_Info/>
            <Confirm_Info_Child/>
            <Date_Death/>
            <Gender_Deceased/>
            <Deceased_Age_Group/>
            <Deceased_Age/>
            <Reason_Death/>
            <meta>
                <instanceID/>
            </meta>
        </DeathReg>
    </instance>
</model>