<model>
  <instance>
    <Woman_TT_Followup_Form encounter_type="Woman TT Follow Up" id="woman_tt_followup_form" version="201609081201">
      <formhub>
        <uuid/>
      </formhub>
      <existing_location openmrs_entity="encounter" openmrs_entity_id="location_id"/>
      <existing_Country/>
      <existing_Division/>
      <existing_District/>
      <existing_Upazilla/>
      <existing_Paurasava/>
      <existing_Union/>
      <existing_Ward/>
      <existing_Block/>
      <existing_HIE_facilities/>
      <existing_Address_line/>
      <existing_GPS/>
      <existing_first_name/>
      <existing_marital_status/>
      <existing_pregnancy_status/>
      <existing_father_name/>
      <existing_husband_name/>
      <existing_birth_date/>
      <existing_age/>
      <existing_epi_card_number/>
      <existing_contact_phone_number/>
      <e_tt1/>
      <e_tt2/>
      <e_tt3/>
      <e_tt4/>
      <e_tt5/>
      <provider_id/>
      <provider_location_id/>
      <provider_location_name/>
      <provider_location_note/>
      <start/>
      <end/>
      <today openmrs_entity="encounter" openmrs_entity_id="encounter_date"/>
      <epi_card_number_note/>
      <first_name_note/>
      <birth_date_note/>
      <father_name_note/>
      <husband_name_note/>
      <address_note/>
      <address_change/>
      <address1 openmrs_entity="person_address" openmrs_entity_id="address1" openmrs_entity_parent="usual_residence"/>
      <landmark/>
      <center_gps/>
      <contact_phone_number/>
      <marriage/>
      <husband_name/>
      <pregnant/>
      <edd_lmp/>
      <edd/>
      <lmp/>
      <ultrasound_date/>
      <ultrasound_weeks/>
      <edd_calc_lmp/>
      <edd_calc_ultrasound/>
      <edd_calc_lmp_formatted/>
      <edd_calc_ultrasound_formatted/>
      <lmp_calc_edd/>
      <lmp_calc_ultrasound/>
      <lmp_calc_edd_formatted/>
      <lmp_calc_ultrasound_formatted/>
      <final_edd/>
      <final_lmp/>
      <ga_edd/>
      <ga_lmp/>
      <ga_ult/>
      <final_edd_note/>
      <final_lmp_note/>
      <final_ga/>
      <final_ga_note/>
      <tt1_note/>
      <tt2_note/>
      <tt3_note/>
      <tt4_note/>
      <vaccines/>
      <tt1_retro/>
      <tt_1_dose/>
      <tt2_retro/>
      <tt_2_dose/>
      <tt3_retro/>
      <tt_3_dose/>
      <tt4_retro/>
      <tt_4_dose/>
      <vaccines_2/>
      <tt1/>
      <tt_1_dose_today/>
      <tt2/>
      <tt_2_dose_today/>
      <tt3/>
      <tt_3_dose_today/>
      <tt4/>
      <tt_4_dose_today/>
      <tt5/>
      <tt_5_dose_today/>
      <tt1_final/>
      <tt2_final/>
      <tt3_final/>
      <tt4_final/>
      <tt5_final/>
      <meta>
        <instanceID/>
      </meta>
    </Woman_TT_Followup_Form>
  </instance>
  <instance id="vaccines">
    <root>
      <item>
        <itextId>static_instance-vaccines-0</itextId>
        <name>TT1</name>
      </item>
      <item>
        <itextId>static_instance-vaccines-1</itextId>
        <name>TT2</name>
      </item>
      <item>
        <itextId>static_instance-vaccines-2</itextId>
        <name>TT3</name>
      </item>
      <item>
        <itextId>static_instance-vaccines-3</itextId>
        <name>TT4</name>
      </item>
      <item>
        <itextId>static_instance-vaccines-4</itextId>
        <name>TT5</name>
      </item>
    </root>
  </instance>
  <instance id="gender">
    <root>
      <item>
        <itextId>static_instance-gender-0</itextId>
        <name>1</name>
      </item>
      <item>
        <itextId>static_instance-gender-1</itextId>
        <name>2</name>
      </item>
    </root>
  </instance>
  <instance id="edd_lmp">
    <root>
      <item>
        <itextId>static_instance-edd_lmp-0</itextId>
        <name>edd</name>
      </item>
      <item>
        <itextId>static_instance-edd_lmp-1</itextId>
        <name>lmp</name>
      </item>
      <item>
        <itextId>static_instance-edd_lmp-2</itextId>
        <name>ultrasound</name>
      </item>
      <item>
        <itextId>static_instance-edd_lmp-3</itextId>
        <name>none</name>
      </item>
    </root>
  </instance>
  <instance id="yes_no">
    <root>
      <item>
        <itextId>static_instance-yes_no-0</itextId>
        <name>yes</name>
      </item>
      <item>
        <itextId>static_instance-yes_no-1</itextId>
        <name>no</name>
      </item>
    </root>
  </instance>
</model>