{
  "form_data_definition_version": "1",
  "form": {
    "default_bind_path": "/model/instance/ChildRegistraton",
    "bind_type": "household",
    "fields": [
      {
        "name": "id",
        "shouldLoadValue": true
      },
      {
        "name": "existing_Mauzapara",
        "bind": "/model/instance/ChildRegistraton/existing_Mauzapara",
        "shouldLoadValue": true
      },
      {
        "name": "existing_Country",
        "bind": "/model/instance/ChildRegistraton/existing_Country",
        "shouldLoadValue": true
      },
      {
        "name": "existing_Division",
        "bind": "/model/instance/ChildRegistraton/existing_Division",
        "shouldLoadValue": true
      },
      {
        "name": "existing_District",
        "bind": "/model/instance/ChildRegistraton/existing_District",
        "shouldLoadValue": true
      },
      {
        "name": "existing_Upazilla",
        "bind": "/model/instance/ChildRegistraton/existing_Upazilla",
        "shouldLoadValue": true
      },
      {
        "name": "existing_Union",
        "bind": "/model/instance/ChildRegistraton/existing_Union",
        "shouldLoadValue": true
      },
      {
        "name": "existing_Ward",
        "bind": "/model/instance/ChildRegistraton/existing_Ward",
        "shouldLoadValue": true
      },
      {
        "name": "existing_Subunit",
        "bind": "/model/instance/ChildRegistraton/existing_Subunit",
        "shouldLoadValue": true
      },
      {
        "name": "Final_Vill",
        "bind": "/model/instance/ChildRegistraton/existing_Final_Vill",
        "shouldLoadValue": true
      },
      {
        "name": "GPS",
        "bind": "/model/instance/ChildRegistraton/existing_GPS",
        "shouldLoadValue": true
      },
      {
        "name": "existing_location",
        "bind": "/model/instance/ChildRegistraton/existing_location",
        "shouldLoadValue": true
      },
      {
        "name": "existing_Mem_F_Name",
        "bind": "/model/instance/ChildRegistraton/existing_Mem_F_Name"
      },
      {
        "name": "GoB_HHID",
        "bind": "/model/instance/ChildRegistraton/existing_GoB_HHID",
        "shouldLoadValue": true
      },
      {
        "name": "HoH_F_Name",
        "bind": "/model/instance/ChildRegistraton/existing_HoH_F_Name",
        "shouldLoadValue": true
      },
      {
        "name": "Spouse_Name",
        "bind": "/model/instance/ChildRegistraton/existing_Spouse_Name"
      },
      {
        "name": "Couple_No",
        "bind": "/model/instance/ChildRegistraton/existing_Couple_No"
      },
      {
        "name": "ELCO_Mobile_Number",
        "bind": "/model/instance/ChildRegistraton/existing_ELCO_Mobile_Number"
      },
      {
        "name": "EDD",
        "bind": "/model/instance/ChildRegistraton/existing_EDD"
      },
      {
        "name": "Visit_Date",
        "bind": "/model/instance/ChildRegistraton/existing_Visit_Date",
        "shouldLoadValue": true
      },
      {
        "name": "existing_DOO",
        "bind": "/model/instance/ChildRegistraton/existing_DOO"
      },
      {
        "name": "Today",
        "bind": "/model/instance/ChildRegistraton/Today"
      },
      {
        "name": "start",
        "bind": "/model/instance/ChildRegistraton/start"
      },
      {
        "name": "end",
        "bind": "/model/instance/ChildRegistraton/end"
      }
    ],
    "sub_forms": [
      {
        "name": "member_registration",
        "bind_type": "members",
        "default_bind_path": "/model/instance/ChildRegistraton/Reg_Newborn",
        "fields": [
          {
            "name": "id"
          },
          {
            "name": "relationalid"
          },
          {
            "name": "Reg_Newborn",
            "bind": "/model/instance/ChildRegistraton/Reg_Newborn"
          },
          {
            "name": "Child_Vital_Status",
            "bind": "/model/instance/ChildRegistraton/Child_Vital_Status"
          },
          {
            "name": "Child_Weight",
            "bind": "/model/instance/ChildRegistraton/Child_Weight"
          },
          {
            "name": "Premature_Birth",
            "bind": "/model/instance/ChildRegistraton/Premature_Birth"
          },
          {
            "name": "Member_Gender",
            "bind": "/model/instance/ChildRegistraton/Reg_Newborn/Member_Gender"
          },
          {
            "name": "Name_Check",
            "bind": "/model/instance/ChildRegistraton/Reg_Newborn/Name_Check"
          },
          {
            "name": "Child_Name",
            "bind": "/model/instance/ChildRegistraton/Reg_Newborn/Child_Name"
          },
          {
            "name": "Mem_F_Name",
            "bind": "/model/instance/ChildRegistraton/Reg_Newborn/Mem_F_Name"
          },
          {
            "name": "Mem_L_Name",
            "bind": "/model/instance/ChildRegistraton/Reg_Newborn/Mem_L_Name"
          },
          {
            "name": "Member_Birth_Date",
            "bind": "/model/instance/ChildRegistraton/Reg_Newborn/Member_Birth_Date"
          },
          {
            "name": "Calc_Age",
            "bind": "/model/instance/ChildRegistraton/Reg_Newborn/Calc_Age"
          },
          {
            "name": "Member_Age",
            "bind": "/model/instance/ChildRegistraton/Reg_Newborn/Member_Age"
          },
          {
            "name": "Mem_BRID",
            "bind": "/model/instance/ChildRegistraton/Reg_Newborn/Mem_BRID"
          },
          {
            "name": "Retype_Mem_BRID",
            "bind": "/model/instance/ChildRegistraton/Reg_Newborn/Retype_Mem_BRID"
          },
          {
            "name": "Mem_BRID_Concept",
            "bind": "/model/instance/ChildRegistraton/Reg_Newborn/Mem_BRID_Concept"
          },
          {
            "name": "Member_GoB_HHID",
            "bind": "/model/instance/ChildRegistraton/Reg_Newborn/Member_GoB_HHID"
          },
          {
            "name": "Member_Reg_Date",
            "bind": "/model/instance/ChildRegistraton/Reg_Newborn/Member_Reg_Date"
          },
          {
            "name": "Mem_Mobile_Number",
            "bind": "/model/instance/ChildRegistraton/Reg_Newborn/Mem_Mobile_Number"
          },
          {
            "name": "Mem_Country",
            "bind": "/model/instance/ChildRegistraton/Reg_Newborn/Mem_Country"
          },
          {
            "name": "Mem_Division",
            "bind": "/model/instance/ChildRegistraton/Reg_Newborn/Mem_Division"
          },
          {
            "name": "Mem_District",
            "bind": "/model/instance/ChildRegistraton/Reg_Newborn/Mem_District"
          },
          {
            "name": "Mem_Upazilla",
            "bind": "/model/instance/ChildRegistraton/Reg_Newborn/Mem_Upazilla"
          },
          {
            "name": "Mem_Union",
            "bind": "/model/instance/ChildRegistraton/Reg_Newborn/Mem_Union"
          },
          {
            "name": "Mem_Ward",
            "bind": "/model/instance/ChildRegistraton/Reg_Newborn/Mem_Ward"
          },
          {
            "name": "Mem_Subunit",
            "bind": "/model/instance/ChildRegistraton/Reg_Newborn/Mem_Subunit"
          },
          {
            "name": "Mem_Mauzapara",
            "bind": "/model/instance/ChildRegistraton/Reg_Newborn/Mem_Mauzapara"
          },
          {
            "name": "Mem_Village_Name",
            "bind": "/model/instance/ChildRegistraton/Reg_Newborn/Mem_Village_Name"
          },
          {
            "name": "Mem_GPS",
            "bind": "/model/instance/ChildRegistraton/Reg_Newborn/Mem_GPS"
          },
          {
            "name": "Child_Mother",
            "bind": "/model/instance/ChildRegistraton/Reg_Newborn/Child_Mother"
          },
          {
            "name": "Child_Father",
            "bind": "/model/instance/ChildRegistraton/Reg_Newborn/Child_Father"
          },
          {
            "name": "add_child",
            "bind": "/model/instance/ChildRegistraton/Reg_Newborn/add_child"
          },
          {
            "name": "Child",
            "bind": "/model/instance/ChildRegistraton/Reg_Newborn/Child"
          },
          {
            "name": "Nutrition",
            "bind": "/model/instance/ChildRegistraton/Reg_Newborn/Nutrition"
          }
        ]
      }
    ]
  }
}