<?xml version="1.0"?>
<root><form autocomplete="off" novalidate="novalidate" class="or clearfix" dir="ltr" id="ChildRegistration">
    <!--This form was created by transforming a OpenRosa-flavored (X)Form using an XSLT sheet created by Enketo LLC.--><section class="form-logo"> </section><h3 id="form-title">&#x9A8;&#x9AC;&#x99C;&#x9BE;&#x9A4;&#x995; &#x9A8;&#x9BF;&#x9AC;&#x9A8;&#x9CD;&#x9A7;&#x9A8;</h3><select id="form-languages" data-default-lang="bn"><option value="bn">Bengali</option> <option value="en">English</option> </select>


    <section class="or-group " name="/ChildRegistraton/Reg_Newborn"><h4><span lang="bn" class="question-label active" data-itext-id="/ChildRegistraton/Reg_Newborn:label">&#x9AC;&#x9BE;&#x99A;&#x9CD;&#x99A;&#x9BE;&#x995;&#x9C7; &#x9A8;&#x9BF;&#x9AC;&#x9A8;&#x9CD;&#x9A7;&#x9A8;</span><span lang="en" class="question-label " data-itext-id="/ChildRegistraton/Reg_Newborn:label">Child Registration</span></h4><section class="or-repeat " name="/ChildRegistraton/Reg_Newborn"><fieldset class="question simple-select "><fieldset><legend><span lang="bn" class="question-label active" data-itext-id="/ChildRegistraton/Reg_Newborn/Child_Vital_Status:label">&#x9AC;&#x9BE;&#x99A;&#x9CD;&#x99A;&#x9BE;&#x9B0; &#x9AD;&#x9BE;&#x987;&#x99F;&#x9BE;&#x9B2; &#x9B8;&#x9CD;&#x99F;&#x9CD;&#x9AF;&#x9BE;&#x99F;&#x9BE;&#x9B8;</span><span lang="en" class="question-label " data-itext-id="/ChildRegistraton/Reg_Newborn/Child_Vital_Status:label">Child&#x2019;s vital status</span><span class="required">*</span>
    </legend><div class="option-wrapper"><label class=""><input type="radio" name="/ChildRegistraton/Reg_Newborn/Child_Vital_Status" data-name="/ChildRegistraton/Reg_Newborn/Child_Vital_Status" value="0" required="required" data-type-xml="select1"/><span lang="bn" class="option-label active" data-itext-id="/ChildRegistraton/Reg_Newborn/Child_Vital_Status/0:label">&#x9AE;&#x9BE;&#x9B0;&#x9BE; &#x997;&#x9C7;&#x99B;&#x9C7;&#x9A8;</span><span lang="en" class="option-label " data-itext-id="/ChildRegistraton/Reg_Newborn/Child_Vital_Status/0:label">Deceased</span></label><label class=""><input type="radio" name="/ChildRegistraton/Reg_Newborn/Child_Vital_Status" data-name="/ChildRegistraton/Reg_Newborn/Child_Vital_Status" value="1" required="required" data-type-xml="select1"/><span lang="bn" class="option-label active" data-itext-id="/ChildRegistraton/Reg_Newborn/Child_Vital_Status/1:label">&#x9AC;&#x9C7;&#x981;&#x99A;&#x9C7; &#x986;&#x99B;&#x9C7;&#x9A8;</span><span lang="en" class="option-label " data-itext-id="/ChildRegistraton/Reg_Newborn/Child_Vital_Status/1:label">Alive</span></label></div></fieldset><span class="or-constraint-msg active" lang="" data-i18n="constraint.invalid">Value not allowed</span><span class="or-required-msg active" lang="" data-i18n="constraint.required">This field is required</span></fieldset><label class="question or-branch pre-init non-select "><span lang="bn" class="question-label active" data-itext-id="/ChildRegistraton/Reg_Newborn/Child_Weight:label">&#x99C;&#x9A8;&#x9CD;&#x9AE;&#x9C7;&#x9B0; &#x9B8;&#x9AE;&#x9DF; &#x993;&#x99C;&#x9A8; (&#x995;&#x9C7;&#x99C;&#x9BF;)</span><span lang="en" class="question-label " data-itext-id="/ChildRegistraton/Reg_Newborn/Child_Weight:label">Child weight after birth (kg)</span><span class="required">*</span><input type="number" name="/ChildRegistraton/Reg_Newborn/Child_Weight" required="required" data-relevant="selected( /ChildRegistraton/Reg_Newborn/Child_Vital_Status ,'1')" data-type-xml="decimal" step="any"/><span class="or-constraint-msg active" lang="" data-i18n="constraint.invalid">Value not allowed</span><span class="or-required-msg active" lang="" data-i18n="constraint.required">This field is required</span></label><fieldset class="question simple-select or-branch pre-init "><fieldset><legend><span lang="bn" class="question-label active" data-itext-id="/ChildRegistraton/Reg_Newborn/Premature_Birth:label">&#x985;&#x9AA;&#x9B0;&#x9BF;&#x9A3;&#x9A4; &#x99C;&#x9A8;&#x9CD;&#x9AE; (&#x9E9;&#x9ED; &#x9B8;&#x9AA;&#x9CD;&#x9A4;&#x9BE;&#x9B9;&#x9C7;&#x9B0; &#x9AA;&#x9C2;&#x9B0;&#x9CD;&#x9AC;&#x9C7;)</span><span lang="en" class="question-label " data-itext-id="/ChildRegistraton/Reg_Newborn/Premature_Birth:label">Premature baby (before 37 week)</span><span class="required">*</span>
    </legend><div class="option-wrapper"><label class=""><input type="radio" name="/ChildRegistraton/Reg_Newborn/Premature_Birth" data-name="/ChildRegistraton/Reg_Newborn/Premature_Birth" value="0" required="required" data-relevant="selected( /ChildRegistraton/Reg_Newborn/Child_Vital_Status ,'1')" data-type-xml="select1"/><span lang="bn" class="option-label active" data-itext-id="/ChildRegistraton/Reg_Newborn/Premature_Birth/0:label">&#x9A8;&#x9BE;</span><span lang="en" class="option-label " data-itext-id="/ChildRegistraton/Reg_Newborn/Premature_Birth/0:label">No</span></label><label class=""><input type="radio" name="/ChildRegistraton/Reg_Newborn/Premature_Birth" data-name="/ChildRegistraton/Reg_Newborn/Premature_Birth" value="1" required="required" data-relevant="selected( /ChildRegistraton/Reg_Newborn/Child_Vital_Status ,'1')" data-type-xml="select1"/><span lang="bn" class="option-label active" data-itext-id="/ChildRegistraton/Reg_Newborn/Premature_Birth/1:label">&#x9B9;&#x9CD;&#x9AF;&#x9BE;&#x981;</span><span lang="en" class="option-label " data-itext-id="/ChildRegistraton/Reg_Newborn/Premature_Birth/1:label">Yes</span></label></div></fieldset><span class="or-constraint-msg active" lang="" data-i18n="constraint.invalid">Value not allowed</span><span class="or-required-msg active" lang="" data-i18n="constraint.required">This field is required</span></fieldset><fieldset class="question simple-select or-branch pre-init "><fieldset><legend><span lang="bn" class="question-label active" data-itext-id="/ChildRegistraton/Reg_Newborn/Member_Gender:label">&#x9AC;&#x9BE;&#x99A;&#x9CD;&#x99A;&#x9BE;&#x9B0; &#x9B2;&#x9BF;&#x999;&#x9CD;&#x997;</span><span lang="en" class="question-label " data-itext-id="/ChildRegistraton/Reg_Newborn/Member_Gender:label">Gender of baby</span><span class="required">*</span>
    </legend><div class="option-wrapper"><label class=""><input type="radio" name="/ChildRegistraton/Reg_Newborn/Member_Gender" data-name="/ChildRegistraton/Reg_Newborn/Member_Gender" value="1" required="required" data-relevant="selected( /ChildRegistraton/Reg_Newborn/Child_Vital_Status ,'1')" data-type-xml="select1"/><span lang="bn" class="option-label active" data-itext-id="/ChildRegistraton/Reg_Newborn/Member_Gender/1:label">&#x99B;&#x9C7;&#x9B2;&#x9C7;</span><span lang="en" class="option-label " data-itext-id="/ChildRegistraton/Reg_Newborn/Member_Gender/1:label">Male</span></label><label class=""><input type="radio" name="/ChildRegistraton/Reg_Newborn/Member_Gender" data-name="/ChildRegistraton/Reg_Newborn/Member_Gender" value="2" required="required" data-relevant="selected( /ChildRegistraton/Reg_Newborn/Child_Vital_Status ,'1')" data-type-xml="select1"/><span lang="bn" class="option-label active" data-itext-id="/ChildRegistraton/Reg_Newborn/Member_Gender/2:label">&#x9AE;&#x9C7;&#x9DF;&#x9C7;</span><span lang="en" class="option-label " data-itext-id="/ChildRegistraton/Reg_Newborn/Member_Gender/2:label">Female</span></label></div></fieldset><span class="or-constraint-msg active" lang="" data-i18n="constraint.invalid">Value not allowed</span><span class="or-required-msg active" lang="" data-i18n="constraint.required">This field is required</span></fieldset><fieldset class="question simple-select or-branch pre-init "><fieldset><legend><span lang="bn" class="question-label active" data-itext-id="/ChildRegistraton/Reg_Newborn/Name_Check:label">&#x9AC;&#x9BE;&#x99A;&#x9CD;&#x99A;&#x9BE;&#x99F;&#x9BF;&#x9B0; &#x995;&#x9BF; &#x995;&#x9CB;&#x9A8; &#x9A8;&#x9BE;&#x9AE; &#x986;&#x99B;&#x9C7;?</span><span lang="en" class="question-label " data-itext-id="/ChildRegistraton/Reg_Newborn/Name_Check:label">Does the child have a name?</span><span class="required">*</span>
    </legend><div class="option-wrapper"><label class=""><input type="radio" name="/ChildRegistraton/Reg_Newborn/Name_Check" data-name="/ChildRegistraton/Reg_Newborn/Name_Check" value="0" required="required" data-relevant="selected( /ChildRegistraton/Reg_Newborn/Child_Vital_Status ,'1')" data-type-xml="select1"/><span lang="bn" class="option-label active" data-itext-id="/ChildRegistraton/Reg_Newborn/Name_Check/0:label">&#x98F;&#x996;&#x9A8;&#x9CB; &#x9A8;&#x9BE;</span><span lang="en" class="option-label " data-itext-id="/ChildRegistraton/Reg_Newborn/Name_Check/0:label">Not yet</span></label><label class=""><input type="radio" name="/ChildRegistraton/Reg_Newborn/Name_Check" data-name="/ChildRegistraton/Reg_Newborn/Name_Check" value="1" required="required" data-relevant="selected( /ChildRegistraton/Reg_Newborn/Child_Vital_Status ,'1')" data-type-xml="select1"/><span lang="bn" class="option-label active" data-itext-id="/ChildRegistraton/Reg_Newborn/Name_Check/1:label">&#x9B9;&#x9CD;&#x9AF;&#x9BE;&#x981;</span><span lang="en" class="option-label " data-itext-id="/ChildRegistraton/Reg_Newborn/Name_Check/1:label">Yes</span></label></div></fieldset><span class="or-constraint-msg active" lang="" data-i18n="constraint.invalid">Value not allowed</span><span class="or-required-msg active" lang="" data-i18n="constraint.required">This field is required</span></fieldset><label class="question or-branch pre-init non-select "><span lang="bn" class="question-label active" data-itext-id="/ChildRegistraton/Reg_Newborn/Child_Name:label">&#x9AC;&#x9BE;&#x99A;&#x9CD;&#x99A;&#x9BE;&#x9B0; &#x9A8;&#x9BE;&#x9AE;</span><span lang="en" class="question-label " data-itext-id="/ChildRegistraton/Reg_Newborn/Child_Name:label">Child Name</span><span class="required">*</span><input type="text" name="/ChildRegistraton/Reg_Newborn/Child_Name" required="required" data-relevant=" /ChildRegistraton/Reg_Newborn/Name_Check ='1'" data-type-xml="string"/><span class="or-constraint-msg active" lang="" data-i18n="constraint.invalid">Value not allowed</span><span class="or-required-msg active" lang="" data-i18n="constraint.required">This field is required</span></label><label class="note or-branch pre-init non-select "><span lang="bn" class="question-label active" data-itext-id="/ChildRegistraton/Reg_Newborn/Member_Age:label">&#x9AC;&#x9DF;&#x9B8; <span class="or-output" data-value=" /ChildRegistraton/Reg_Newborn/Calc_Age ">
    </span> &#x9AE;&#x9BE;&#x9B8;</span><span lang="en" class="question-label " data-itext-id="/ChildRegistraton/Reg_Newborn/Member_Age:label">Age <span class="or-output" data-value=" /ChildRegistraton/Reg_Newborn/Calc_Age ">
    </span> month</span><input type="text" name="/ChildRegistraton/Reg_Newborn/Member_Age" data-relevant="selected( /ChildRegistraton/Reg_Newborn/Child_Vital_Status ,'1')" data-type-xml="string" readonly="readonly"/></label><label class="question or-branch pre-init non-select or-appearance-numbers "><span lang="bn" class="question-label active" data-itext-id="/ChildRegistraton/Reg_Newborn/Mem_BRID:label">&#x99C;&#x9A8;&#x9CD;&#x9AE; &#x9A8;&#x9BF;&#x9AC;&#x9A8;&#x9CD;&#x9A7;&#x9A8; &#x9B8;&#x9A8;&#x9A6; &#x9A8;&#x982;-</span><span lang="en" class="question-label " data-itext-id="/ChildRegistraton/Reg_Newborn/Mem_BRID:label">Birth Registration ID Number</span><span class="required">*</span><span lang="bn" class="or-hint active" data-itext-id="/ChildRegistraton/Reg_Newborn/Mem_BRID:hint">&#x99C;&#x9A8;&#x9CD;&#x9AE; &#x9A8;&#x9BF;&#x9AC;&#x9A8;&#x9CD;&#x9A7;&#x9A8; &#x9B8;&#x9A8;&#x9A6;&#x9AA;&#x9A4;&#x9CD;&#x9B0;&#x9C7;&#x9B0; &#x9B8;&#x9B0;&#x995;&#x9BE;&#x9B0;&#x9C0; &#x9A8;&#x9AE;&#x9CD;&#x9AC;&#x9B0; &#x9AF;&#x9C7;&#x9AD;&#x9BE;&#x9AC;&#x9C7; &#x9A6;&#x9C7;&#x993;&#x9DF;&#x9BE; &#x986;&#x99B;&#x9C7; &#x9B8;&#x9C7;&#x9AD;&#x9BE;&#x9AC;&#x9C7;&#x987; &#x987;&#x9A8;&#x9AA;&#x9C1;&#x99F; &#x9A6;&#x9BF;&#x9A8;&#x964;</span><span lang="en" class="or-hint " data-itext-id="/ChildRegistraton/Reg_Newborn/Mem_BRID:hint">Please input the Government ID as displayed on the birth certificate</span><input type="text" name="/ChildRegistraton/Reg_Newborn/Mem_BRID" required="required" data-constraint="regex(., '^(?!0{17})[0-9]{17}$')" data-relevant="selected( /ChildRegistraton/Reg_Newborn/Child_Vital_Status ,'1')" data-type-xml="string"/><span class="or-constraint-msg active" lang="" data-i18n="constraint.invalid">Value not allowed</span><span class="or-required-msg active" lang="" data-i18n="constraint.required">This field is required</span></label><label class="question or-branch pre-init non-select or-appearance-numbers "><span lang="bn" class="question-label active" data-itext-id="/ChildRegistraton/Reg_Newborn/Retype_Mem_BRID:label">&#x99C;&#x9A8;&#x9CD;&#x9AE; &#x9A8;&#x9BF;&#x9AC;&#x9A8;&#x9CD;&#x9A7;&#x9A8; &#x9B8;&#x9A8;&#x9A6; &#x9A8;&#x9AE;&#x9CD;&#x9AC;&#x9B0;&#x99F;&#x9BF; &#x9AA;&#x9C1;&#x9A8;&#x9B0;&#x9BE;&#x9DF; &#x9B2;&#x9BF;&#x996;&#x9C1;&#x9A8;</span><span lang="en" class="question-label " data-itext-id="/ChildRegistraton/Reg_Newborn/Retype_Mem_BRID:label">Re-Type Birth Registration ID Number</span><span class="required">*</span><span lang="bn" class="or-hint active" data-itext-id="/ChildRegistraton/Reg_Newborn/Retype_Mem_BRID:hint">&#x99C;&#x9A8;&#x9CD;&#x9AE; &#x9A8;&#x9BF;&#x9AC;&#x9A8;&#x9CD;&#x9A7;&#x9A8; &#x9A8;&#x9AE;&#x9CD;&#x9AC;&#x9B0;&#x99F;&#x9BF; &#x9AA;&#x9C2;&#x9A8;&#x9B0;&#x9BE;&#x9DF; &#x9AA;&#x9CD;&#x9B0;&#x9AC;&#x9C7;&#x9B6; &#x995;&#x9B0;&#x9BE;&#x9A8;</span><span lang="en" class="or-hint " data-itext-id="/ChildRegistraton/Reg_Newborn/Retype_Mem_BRID:hint">Please re-input the Birth Registration Number</span><input type="text" name="/ChildRegistraton/Reg_Newborn/Retype_Mem_BRID" required="required" data-constraint=".= /ChildRegistraton/Reg_Newborn/Mem_BRID " data-relevant="selected( /ChildRegistraton/Reg_Newborn/Child_Vital_Status ,'1')" data-type-xml="string"/><span class="or-constraint-msg active" lang="" data-i18n="constraint.invalid">Value not allowed</span><span class="or-required-msg active" lang="" data-i18n="constraint.required">This field is required</span></label><label class="note non-select "><span lang="bn" class="question-label active" data-itext-id="/ChildRegistraton/Reg_Newborn/add_child:label">&#x9AF;&#x9A6;&#x9BF; &#x99C;&#x9C0;&#x9AC;&#x9BF;&#x9A4; &#x9AC;&#x9BE;&#x99A;&#x9CD;&#x99A;&#x9BE;&#x9B0; &#x9B8;&#x982;&#x996;&#x9CD;&#x9AF;&#x9BE; &#x98F;&#x995;&#x9C7;&#x9B0; &#x9AC;&#x9C7;&#x9B6;&#x9BF; &#x9B9;&#x9DF;, &#x9A4;&#x9BE;&#x9B9;&#x9B2;&#x9C7; '+' &#x985;&#x9AA;&#x9B6;&#x9A8;&#x99F;&#x9BF; &#x9A8;&#x9BF;&#x9B0;&#x9CD;&#x9AC;&#x9BE;&#x99A;&#x9A8; &#x995;&#x9B0;&#x9C1;&#x9A8; &#x98F;&#x9AC;&#x982; &#x98F;&#x995;&#x987; &#x9AA;&#x9CD;&#x9B0;&#x995;&#x9CD;&#x9B0;&#x9BF;&#x9DF;&#x9BE;&#x9DF; &#x9AA;&#x9B0;&#x9AC;&#x9B0;&#x9CD;&#x9A4;&#x9C0; &#x9AC;&#x9BE;&#x99A;&#x9CD;&#x99A;&#x9BE;&#x995;&#x9C7; &#x9A8;&#x9BF;&#x9AC;&#x9A8;&#x9CD;&#x9A7;&#x9A8; &#x995;&#x9B0;&#x9C1;&#x9A8;</span><span lang="en" class="question-label " data-itext-id="/ChildRegistraton/Reg_Newborn/add_child:label">If there were any additional children born of this pregnancy, select the "+" below to register the next child's vital status.</span><input type="text" name="/ChildRegistraton/Reg_Newborn/add_child" data-type-xml="string" readonly="readonly"/></label>
    </section><!--end of repeat fieldset with name /ChildRegistraton/Reg_Newborn-->
    </section><!--end of group -->

    <fieldset id="or-preload-items" style="display:none;"><label class="calculation non-select "><input type="hidden" name="/ChildRegistraton/Today" data-preload="date" data-preload-params="today" data-type-xml="date"/></label><label class="calculation non-select "><input type="hidden" name="/ChildRegistraton/start" data-preload="timestamp" data-preload-params="start" data-type-xml="dateTime"/></label><label class="calculation non-select "><input type="hidden" name="/ChildRegistraton/end" data-preload="timestamp" data-preload-params="end" data-type-xml="dateTime"/></label></fieldset><fieldset id="or-calculated-items" style="display:none;"><label class="calculation non-select "><input type="hidden" name="/ChildRegistraton/Reg_Newborn/Mem_F_Name" data-relevant="selected( /ChildRegistraton/Reg_Newborn/Child_Vital_Status ,'1')" data-calculate="if(( /ChildRegistraton/Reg_Newborn/Name_Check ='0' and  /ChildRegistraton/Reg_Newborn/Member_Gender  ='1'), 'Baby Boy', if( /ChildRegistraton/Reg_Newborn/Name_Check ='1',  /ChildRegistraton/Reg_Newborn/Child_Name , if(( /ChildRegistraton/Reg_Newborn/Name_Check ='0' and  /ChildRegistraton/Reg_Newborn/Member_Gender  ='2'), 'Baby Girl', 'Baby')))" data-type-xml="string"/></label><label class="calculation non-select "><input type="hidden" name="/ChildRegistraton/Reg_Newborn/Mem_L_Name" data-relevant="selected( /ChildRegistraton/Reg_Newborn/Child_Vital_Status ,'1')" data-calculate="&quot;.&quot;" data-type-xml="string"/></label><label class="calculation non-select "><input type="hidden" name="/ChildRegistraton/Reg_Newborn/Member_Birth_Date" data-relevant="selected( /ChildRegistraton/Reg_Newborn/Child_Vital_Status ,'1')" data-calculate="format-date(date( /ChildRegistraton/existing_DOO ), '%Y-%n-%e')" data-type-xml="string"/></label><label class="calculation non-select "><input type="hidden" name="/ChildRegistraton/Reg_Newborn/Calc_Age" data-relevant="selected( /ChildRegistraton/Reg_Newborn/Child_Vital_Status ,'1')" data-calculate="int(( /ChildRegistraton/Today  -  /ChildRegistraton/Reg_Newborn/Member_Birth_Date ) div 365.25)" data-type-xml="string"/></label><label class="calculation non-select "><input type="hidden" name="/ChildRegistraton/Reg_Newborn/Mem_BRID_Concept" data-relevant="selected( /ChildRegistraton/Reg_Newborn/Child_Vital_Status ,'1')" data-calculate=" /ChildRegistraton/Reg_Newborn/Retype_Mem_BRID " data-type-xml="string"/></label><label class="calculation non-select "><input type="hidden" name="/ChildRegistraton/Reg_Newborn/Member_GoB_HHID" data-relevant="selected( /ChildRegistraton/Reg_Newborn/Child_Vital_Status ,'1')" data-calculate=" /ChildRegistraton/existing_GoB_HHID " data-type-xml="string"/></label><label class="calculation non-select "><input type="hidden" name="/ChildRegistraton/Reg_Newborn/Member_Reg_Date" data-relevant="selected( /ChildRegistraton/Reg_Newborn/Child_Vital_Status ,'1')" data-calculate=" /ChildRegistraton/existing_Visit_Date " data-type-xml="string"/></label><label class="calculation non-select "><input type="hidden" name="/ChildRegistraton/Reg_Newborn/Mem_Mobile_Number" data-relevant="selected( /ChildRegistraton/Reg_Newborn/Child_Vital_Status ,'1')" data-calculate=" /ChildRegistraton/existing_ELCO_Mobile_Number " data-type-xml="string"/></label><label class="calculation non-select "><input type="hidden" name="/ChildRegistraton/Reg_Newborn/Mem_Country" data-relevant="selected( /ChildRegistraton/Reg_Newborn/Child_Vital_Status ,'1')" data-calculate=" /ChildRegistraton/existing_Country " data-type-xml="string"/></label><label class="calculation non-select "><input type="hidden" name="/ChildRegistraton/Reg_Newborn/Mem_Division" data-relevant="selected( /ChildRegistraton/Reg_Newborn/Child_Vital_Status ,'1')" data-calculate=" /ChildRegistraton/existing_Division " data-type-xml="string"/></label><label class="calculation non-select "><input type="hidden" name="/ChildRegistraton/Reg_Newborn/Mem_District" data-relevant="selected( /ChildRegistraton/Reg_Newborn/Child_Vital_Status ,'1')" data-calculate=" /ChildRegistraton/existing_District " data-type-xml="string"/></label><label class="calculation non-select "><input type="hidden" name="/ChildRegistraton/Reg_Newborn/Mem_Upazilla" data-relevant="selected( /ChildRegistraton/Reg_Newborn/Child_Vital_Status ,'1')" data-calculate=" /ChildRegistraton/existing_Upazilla " data-type-xml="string"/></label><label class="calculation non-select "><input type="hidden" name="/ChildRegistraton/Reg_Newborn/Mem_Union" data-relevant="selected( /ChildRegistraton/Reg_Newborn/Child_Vital_Status ,'1')" data-calculate=" /ChildRegistraton/existing_Union " data-type-xml="string"/></label><label class="calculation non-select "><input type="hidden" name="/ChildRegistraton/Reg_Newborn/Mem_Ward" data-relevant="selected( /ChildRegistraton/Reg_Newborn/Child_Vital_Status ,'1')" data-calculate=" /ChildRegistraton/existing_Ward " data-type-xml="string"/></label><label class="calculation non-select "><input type="hidden" name="/ChildRegistraton/Reg_Newborn/Mem_Subunit" data-relevant="selected( /ChildRegistraton/Reg_Newborn/Child_Vital_Status ,'1')" data-calculate=" /ChildRegistraton/existing_Subunit " data-type-xml="string"/></label><label class="calculation non-select "><input type="hidden" name="/ChildRegistraton/Reg_Newborn/Mem_Mauzapara" data-relevant="selected( /ChildRegistraton/Reg_Newborn/Child_Vital_Status ,'1')" data-calculate=" /ChildRegistraton/existing_Mauzapara " data-type-xml="string"/></label><label class="calculation non-select "><input type="hidden" name="/ChildRegistraton/Reg_Newborn/Mem_Village_Name" data-relevant="selected( /ChildRegistraton/Reg_Newborn/Child_Vital_Status ,'1')" data-calculate=" /ChildRegistraton/existing_Final_Vill " data-type-xml="string"/></label><label class="calculation non-select "><input type="hidden" name="/ChildRegistraton/Reg_Newborn/Mem_GPS" data-relevant="selected( /ChildRegistraton/Reg_Newborn/Child_Vital_Status ,'1')" data-calculate=" /ChildRegistraton/existing_GPS " data-type-xml="string"/></label><label class="calculation non-select "><input type="hidden" name="/ChildRegistraton/Reg_Newborn/Child_Mother" data-calculate=" /ChildRegistraton/existing_Mem_F_Name " data-type-xml="string"/></label><label class="calculation non-select "><input type="hidden" name="/ChildRegistraton/Reg_Newborn/Child_Father" data-calculate=" /ChildRegistraton/existing_Spouse_Name " data-type-xml="string"/></label><label class="calculation non-select "><input type="hidden" name="/ChildRegistraton/Reg_Newborn/Child" data-calculate="&quot;1&quot;" data-type-xml="string"/></label><label class="calculation non-select "><input type="hidden" name="/ChildRegistraton/Reg_Newborn/Nutrition" data-calculate="if( /ChildRegistraton/Reg_Newborn/Child ='1','1','0')" data-type-xml="string"/></label><label class="calculation non-select "><input type="hidden" name="/ChildRegistraton/meta/instanceID" data-calculate="concat('uuid:', uuid())" data-type-xml="string"/></label><label class="calculation non-select "><input type="hidden" name="/ChildRegistraton/formhub/uuid" data-calculate="'8430c250ac08415f9abde2ed808f308a'" data-type-xml="string"/></label></fieldset></form><xsltmessages><message level="0">XML to HTML transformation for form took 0.02 seconds</message></xsltmessages><jrvalidationmessages><message level="1">This validation is yet not functional.</message></jrvalidationmessages><xmlerrors/><xslformerrors/><xsldataerrors/></root>
