<?xml version="1.0"?><root><form autocomplete="off" novalidate="novalidate" class="or clearfix" dir="ltr" id="FWNewHH">
    <!--This form was created by transforming a OpenRosa-flavored (X)Form using an XSLT sheet created by Enketo LLC.--><section class="form-logo"> </section><h3 id="form-title">&#x9A8;&#x9A4;&#x9C1;&#x9A8; &#x996;&#x9BE;&#x9A8;&#x9BE; &#x9A8;&#x9BF;&#x9AC;&#x9A8;&#x9CD;&#x9A7;&#x9A8; &#x9AB;&#x9B0;&#x9CD;&#x9AE;</h3><select id="form-languages" data-default-lang="bn"><option value="bn">Bengali</option> <option value="en">English</option> </select>


    <label class="question non-select "><span lang="bn" class="question-label active" data-itext-id="/FWNewHH/FWNHREGDATE:label">&#x9B8;&#x9BE;&#x995;&#x9CD;&#x9B7;&#x9BE;&#x9CE;&#x995;&#x9BE;&#x9B0;&#x9C7;&#x9B0; &#x9A4;&#x9BE;&#x9B0;&#x9BF;&#x996;</span><span lang="en" class="question-label " data-itext-id="/FWNewHH/FWNHREGDATE:label">Date of Interview</span><span class="required">*</span><span lang="bn" class="or-hint active" data-itext-id="/FWNewHH/FWNHREGDATE:hint">&#x986;&#x99C;&#x995;&#x9C7;&#x9B0; &#x9A4;&#x9BE;&#x9B0;&#x9BF;&#x996; &#x9A6;&#x9BF;&#x9A8;</span><span lang="en" class="or-hint " data-itext-id="/FWNewHH/FWNHREGDATE:hint">Please enter today's date.</span><input type="date" name="/FWNewHH/FWNHREGDATE" required="required" data-constraint=".&lt;= /FWNewHH/today " data-type-xml="date"/><span lang="bn" class="or-constraint-msg active" data-itext-id="/FWNewHH/FWNHREGDATE:jr:constraintMsg">&#x986;&#x99C;&#x995;&#x9C7;&#x9B0; &#x9A4;&#x9BE;&#x9B0;&#x9BF;&#x996;&#x9C7;&#x9B0; &#x9AA;&#x9B0;&#x9C7;&#x9B0; &#x995;&#x9CB;&#x9A8; &#x9A4;&#x9BE;&#x9B0;&#x9BF;&#x996;
        &#x9B9;&#x9A4;&#x9C7; &#x9AA;&#x9BE;&#x9B0;&#x9AC;&#x9C7; &#x9A8;&#x9BE;</span><span lang="en" class="or-constraint-msg " data-itext-id="/FWNewHH/FWNHREGDATE:jr:constraintMsg">Date cannot be greater than current date.</span><span class="or-required-msg active" lang="" data-i18n="constraint.required">This field is required</span></label>
    <label class="question non-select or-appearance-numbers "><span lang="bn" class="question-label active" data-itext-id="/FWNewHH/FWGOBHHID:label">GoB HHID</span><span lang="en" class="question-label " data-itext-id="/FWNewHH/FWGOBHHID:label">GoB HHID</span><span class="required">*</span><span lang="bn" class="or-hint active" data-itext-id="/FWNewHH/FWGOBHHID:hint">&#x995;&#x9BE;&#x9B2;&#x9CB; &#x995;&#x9BE;&#x9B2;&#x9BF;&#x9A4;&#x9C7; &#x9B2;&#x9C7;&#x996;&#x9BE; &#x9B8;&#x9B0;&#x995;&#x9BE;&#x9B0;&#x9C0; &#x996;&#x9BE;&#x9A8;&#x9BE; &#x9A8;&#x9AE;&#x9CD;&#x9AC;&#x9B0; (HHID) &#x9AF;&#x9C7;&#x9AD;&#x9BE;&#x9AC;&#x9C7; &#x998;&#x9B0;&#x9C7;&#x9B0; &#x9A6;&#x9C7;&#x9DF;&#x9BE;&#x9B2; &#x9AC;&#x9BE; &#x9A6;&#x9B0;&#x99C;&#x9BE;&#x9DF; &#x9A6;&#x9C7;&#x993;&#x9DF;&#x9BE; &#x986;&#x99B;&#x9C7; &#x9B8;&#x9C7;&#x9AD;&#x9BE;&#x9AC;&#x9C7;&#x987; &#x987;&#x9A8;&#x9AA;&#x9C1;&#x99F; &#x9A6;&#x9BF;&#x9A8;&#x964;
        &#x9B8;&#x9B0;&#x995;&#x9BE;&#x9B0;&#x9C0; &#x996;&#x9BE;&#x9A8;&#x9BE; &#x9A8;&#x9AE;&#x9CD;&#x9AC;&#x9B0; (HHID) &#x9AA;&#x9BE;&#x993;&#x9DF;&#x9BE; &#x9A8;&#x9BE; &#x997;&#x9C7;&#x9B2;&#x9C7; &#x9EF;&#x9EF;&#x9EF;&#x9EF; &#x987;&#x9A8;&#x9AA;&#x9C1;&#x99F; &#x9A6;&#x9BF;&#x9A8;</span><span lang="en" class="or-hint " data-itext-id="/FWNewHH/FWGOBHHID:hint">Please input the Black &#x2013; painted Government household ID (HHID) as displayed on the door/wall of the HH. If there is no Government HHID, enter 9999.</span><input type="text" name="/FWNewHH/FWGOBHHID" required="required" data-constraint="regex(., '^(?!0{4})[0-9]{4}$')" data-type-xml="string"/><span lang="bn" class="or-constraint-msg active" data-itext-id="/FWNewHH/FWGOBHHID:jr:constraintMsg">&#x985;&#x9A8;&#x9C1;&#x997;&#x9CD;&#x9B0;&#x9B9; &#x995;&#x9B0;&#x9C7; &#x9E6;&#x9E6;&#x9E6;&#x9E7; &#x9A5;&#x9C7;&#x995;&#x9C7; &#x9EF;&#x9EF;&#x9EF;&#x9EF; &#x98F;&#x9B0; &#x9AE;&#x9A7;&#x9CD;&#x9AF;&#x9C7; &#x9EA; &#x9A1;&#x9BF;&#x99C;&#x9BF;&#x99F;&#x9C7;&#x9B0; GoB HHID &#x99F;&#x9BE;&#x987;&#x9AA; &#x995;&#x9B0;&#x9C1;&#x9A8;</span><span lang="en" class="or-constraint-msg " data-itext-id="/FWNewHH/FWGOBHHID:jr:constraintMsg">Please enter 4 digits of GoB HHID from 0001 to 9999</span><span class="or-required-msg active" lang="" data-i18n="constraint.required">This field is required</span></label>
    <label class="question non-select or-appearance-numbers "><span lang="bn" class="question-label active" data-itext-id="/FWNewHH/FWJIVHHID:label">JiVitA HHID</span><span lang="en" class="question-label " data-itext-id="/FWNewHH/FWJIVHHID:label">JiVitA HHID</span><span class="required">*</span><span lang="bn" class="or-hint active" data-itext-id="/FWNewHH/FWJIVHHID:hint">&#x9B2;&#x9BE;&#x9B2; &#x995;&#x9BE;&#x9B2;&#x9BF;&#x9A4;&#x9C7; &#x9A6;&#x9C7;&#x9DF;&#x9BE; &#x99C;&#x9C0;&#x9AC;&#x9BF;&#x9A4;&#x9BE; &#x996;&#x9BE;&#x9A8;&#x9BE; &#x9A8;&#x9AE;&#x9CD;&#x9AC;&#x9B0; (HHID) &#x9AF;&#x9C7;&#x9AD;&#x9BE;&#x9AC;&#x9C7; &#x9A6;&#x9C7;&#x9DF;&#x9BE;&#x9B2;&#x9C7; &#x9AC;&#x9BE; &#x9A6;&#x9B0;&#x99C;&#x9BE;&#x9DF; &#x9A6;&#x9C7;&#x993;&#x9DF;&#x9BE; &#x986;&#x99B;&#x9C7; &#x9B8;&#x9C7;&#x9AD;&#x9BE;&#x9AC;&#x9C7;&#x987; &#x987;&#x9A8;&#x9AA;&#x9C1;&#x99F; &#x9A6;&#x9BF;&#x9A8; &#x964;
        &#x99C;&#x9C0;&#x9AC;&#x9BF;&#x9A4;&#x9BE; &#x996;&#x9BE;&#x9A8;&#x9BE; &#x9A8;&#x9AE;&#x9CD;&#x9AC;&#x9B0; (HHID) &#x9AA;&#x9BE;&#x993;&#x9DF;&#x9BE; &#x9A8;&#x9BE; &#x997;&#x9C7;&#x9B2;&#x9C7; &#x9EF;&#x9EF;&#x9EF;&#x9EF; &#x987;&#x9A8;&#x9AA;&#x9C1;&#x99F; &#x9A6;&#x9BF;&#x9A8;</span><span lang="en" class="or-hint " data-itext-id="/FWNewHH/FWJIVHHID:hint">Please input the RED &#x2013; painted JiVitA / Study household ID (HHID) as displayed on the door/wall of the HH. Enter 9999 if JiVitA HHID is not found.</span><input type="text" name="/FWNewHH/FWJIVHHID" required="required" data-constraint="regex(., '^(?!0{4})[0-9]{4}$')" data-type-xml="string"/><span lang="bn" class="or-constraint-msg active" data-itext-id="/FWNewHH/FWJIVHHID:jr:constraintMsg">&#x985;&#x9A8;&#x9C1;&#x997;&#x9CD;&#x9B0;&#x9B9; &#x995;&#x9B0;&#x9C7; &#x9E6;&#x9E6;&#x9E6;&#x9E7; &#x9A5;&#x9C7;&#x995;&#x9C7; &#x9EF;&#x9EF;&#x9EF;&#x9EF; &#x98F;&#x9B0; &#x9AE;&#x9A7;&#x9CD;&#x9AF;&#x9C7; &#x9EA; &#x9A1;&#x9BF;&#x99C;&#x9BF;&#x99F;&#x9C7;&#x9B0; JiVitA HHID &#x99F;&#x9BE;&#x987;&#x9AA; &#x995;&#x9B0;&#x9C1;&#x9A8;</span><span lang="en" class="or-constraint-msg " data-itext-id="/FWNewHH/FWJIVHHID:jr:constraintMsg">Please enter 4 digits of JiVitA HHID from 0001 to 9999</span><span class="or-required-msg active" lang="" data-i18n="constraint.required">This field is required</span></label>
    <label class="question non-select "><span lang="bn" class="question-label active" data-itext-id="/FWNewHH/FWNHHHGPS:label">&#x99C;&#x9BF; &#x9AA;&#x9BF; &#x98F;&#x9B8;</span><span lang="en" class="question-label " data-itext-id="/FWNewHH/FWNHHHGPS:label">Collect GPS Location of HH</span><span lang="" class="or-hint active">GPS coordinates can only be collected when outside.</span><input type="text" name="/FWNewHH/FWNHHHGPS" data-type-xml="geopoint"/><span class="or-constraint-msg active" lang="" data-i18n="constraint.invalid">Value not allowed</span></label>
    <label class="question non-select "><span lang="bn" class="question-label active" data-itext-id="/FWNewHH/FWHOHFNAME:label">&#x996;&#x9BE;&#x9A8;&#x9BE; &#x9AA;&#x9CD;&#x9B0;&#x9A7;&#x9BE;&#x9A8;&#x9C7;&#x9B0; &#x9A8;&#x9BE;&#x9AE;-</span><span lang="en" class="question-label " data-itext-id="/FWNewHH/FWHOHFNAME:label">Head of Household Name</span><span class="required">*</span><input type="text" name="/FWNewHH/FWHOHFNAME" required="required" data-constraint="regex(., '^[a-z A-Z]+$' )" data-type-xml="string"/><span lang="bn" class="or-constraint-msg active" data-itext-id="/FWNewHH/FWHOHFNAME:jr:constraintMsg">&#x985;&#x9A8;&#x9C1;&#x997;&#x9CD;&#x9B0;&#x9B9; &#x995;&#x9B0;&#x9C7; A-Z &#x985;&#x995;&#x9CD;&#x9B7;&#x9B0;&#x997;&#x9C1;&#x9B2;&#x9CB; &#x9A6;&#x9BF;&#x9DF;&#x9C7; &#x9A8;&#x9BE;&#x9AE; &#x99F;&#x9BE;&#x987;&#x9AA; &#x995;&#x9B0;&#x9C1;&#x9A8;</span><span lang="en" class="or-constraint-msg " data-itext-id="/FWNewHH/FWHOHFNAME:jr:constraintMsg">-</span><span class="or-required-msg active" lang="" data-i18n="constraint.required">This field is required</span></label>
    <fieldset class="question simple-select "><fieldset><legend><span lang="bn" class="question-label active" data-itext-id="/FWNewHH/FWHOHGENDER:label">&#x996;&#x9BE;&#x9A8;&#x9BE; &#x9AA;&#x9CD;&#x9B0;&#x9A7;&#x9BE;&#x9A8;&#x9C7;&#x9B0; &#x9B2;&#x9BF;&#x999;&#x9CD;&#x997;</span><span lang="en" class="question-label " data-itext-id="/FWNewHH/FWHOHGENDER:label">Head of Household Gender</span><span class="required">*</span>
    </legend><div class="option-wrapper"><label class=""><input type="radio" name="/FWNewHH/FWHOHGENDER" data-name="/FWNewHH/FWHOHGENDER" value="1" required="required" data-type-xml="select1"/><span lang="bn" class="option-label active" data-itext-id="/FWNewHH/FWHOHGENDER/1:label">&#x9AA;&#x9C1;&#x9B0;&#x9C1;&#x9B7;</span><span lang="en" class="option-label " data-itext-id="/FWNewHH/FWHOHGENDER/1:label">Male</span></label><label class=""><input type="radio" name="/FWNewHH/FWHOHGENDER" data-name="/FWNewHH/FWHOHGENDER" value="2" required="required" data-type-xml="select1"/><span lang="bn" class="option-label active" data-itext-id="/FWNewHH/FWHOHGENDER/2:label">&#x9AE;&#x9B9;&#x9BF;&#x9B2;&#x9BE;</span><span lang="en" class="option-label " data-itext-id="/FWNewHH/FWHOHGENDER/2:label">Female</span></label></div></fieldset><span class="or-constraint-msg active" lang="" data-i18n="constraint.invalid">Value not allowed</span><span class="or-required-msg active" lang="" data-i18n="constraint.required">This field is required</span></fieldset>
    <label class="question non-select or-appearance-numbers "><span lang="bn" class="question-label active" data-itext-id="/FWNewHH/FWNHHMBRNUM:label">&#x98F;&#x987; &#x996;&#x9BE;&#x9A8;&#x9BE;&#x9DF; &#x9AC;&#x9B0;&#x9CD;&#x9A4;&#x9AE;&#x9BE;&#x9A8;&#x9C7; &#x995;&#x9A4;&#x99C;&#x9A8; &#x9AE;&#x9BE;&#x9A8;&#x9C1;&#x9B7; &#x9AC;&#x9B8;&#x9AC;&#x9BE;&#x9B8; &#x995;&#x9B0;&#x99B;&#x9C7;?</span><span lang="en" class="question-label " data-itext-id="/FWNewHH/FWNHHMBRNUM:label">How many people are currently living in this household?</span><span class="required">*</span><span lang="bn" class="or-hint active" data-itext-id="/FWNewHH/FWNHHMBRNUM:hint">&#x996;&#x9BE;&#x9A8;&#x9BE;&#x9B0; &#x9B8;&#x9A6;&#x9B8;&#x9CD;&#x9AF; &#x9B8;&#x982;&#x996;&#x9CD;&#x9AF;&#x9BE; &#x9B2;&#x9BF;&#x996;&#x9A4;&#x9C7; 01-29 &#x9B2;&#x9BF;&#x996;&#x9C1;&#x9A8; &#x964; 30 &#x9AC;&#x9BE; &#x9A4;&#x9BE;&#x9B0; &#x9AC;&#x9C7;&#x9B6;&#x9C0; &#x9B9;&#x9B2;&#x9C7; 30 &#x9B2;&#x9BF;&#x996;&#x9C1;&#x9A8;&#x964; &#x996;&#x9BE;&#x9A8;&#x9BE;&#x9B0; &#x9B8;&#x9A6;&#x9B8;&#x9CD;&#x9AF;&#x9C7;&#x9B0; &#x9B8;&#x982;&#x996;&#x9CD;&#x9AF;&#x9BE; &#x99C;&#x9BE;&#x9A8;&#x9BE; &#x9A8;&#x9BE; &#x9A5;&#x9BE;&#x995;&#x9B2;&#x9C7; 99 &#x9B2;&#x9BF;&#x996;&#x9C1;&#x9A8; &#x964;</span><span lang="en" class="or-hint " data-itext-id="/FWNewHH/FWNHHMBRNUM:hint">Enter 01-29 for the number of household members. Enter 30 if 30 or more. Enter 99 if the total number is unknown.</span><input type="text" name="/FWNewHH/FWNHHMBRNUM" required="required" data-constraint="(regex(., '^(?!0{2})[0-9]{2}$') and .&lt;31) or .=99" data-type-xml="string"/><span lang="bn" class="or-constraint-msg active" data-itext-id="/FWNewHH/FWNHHMBRNUM:jr:constraintMsg">&#x996;&#x9BE;&#x9A8;&#x9BE;&#x9B0; &#x9B8;&#x9A6;&#x9B8;&#x9CD;&#x9AF; &#x9B8;&#x982;&#x996;&#x9CD;&#x9AF;&#x9BE;&#x995;&#x9C7; &#x9A6;&#x9C1;&#x987; &#x9A1;&#x9BF;&#x99C;&#x9BF;&#x99F; &#x9B9;&#x9BF;&#x9B8;&#x9C7;&#x9AC;&#x9C7; &#x98F;&#x9A8;&#x9CD;&#x99F;&#x9CD;&#x9B0;&#x9BF; &#x995;&#x9B0;&#x9A4;&#x9C7; &#x9B9;&#x9AC;&#x9C7;&#x964; &#x996;&#x9BE;&#x9A8;&#x9BE;&#x9B0; &#x9B8;&#x9A6;&#x9B8;&#x9CD;&#x9AF; &#x9B8;&#x982;&#x996;&#x9CD;&#x9AF;&#x9BE; &#x9B2;&#x9BF;&#x996;&#x9A4;&#x9C7; 01- 29 &#x9B2;&#x9BF;&#x996;&#x9C1;&#x9A8; &#x964; &#x996;&#x9BE;&#x9A8;&#x9BE;&#x9B0; &#x9B8;&#x9A6;&#x9B8;&#x9CD;&#x9AF;&#x9C7;&#x9B0; &#x9B8;&#x982;&#x996;&#x9CD;&#x9AF;&#x9BE; 30 &#x9AC;&#x9BE; &#x9A4;&#x9BE;&#x9B0; &#x9AC;&#x9C7;&#x9B6;&#x9BF; &#x9B9;&#x9B2;&#x9C7; 30 &#x9B2;&#x9BF;&#x996;&#x9C1;&#x9A8;&#x964; &#x996;&#x9BE;&#x9A8;&#x9BE;&#x9B0; &#x9B8;&#x9A6;&#x9B8;&#x9CD;&#x9AF;&#x9C7;&#x9B0; &#x9B8;&#x982;&#x996;&#x9CD;&#x9AF;&#x9BE; &#x99C;&#x9BE;&#x9A8;&#x9BE; &#x9A8;&#x9BE; &#x9A5;&#x9BE;&#x995;&#x9B2;&#x9C7; 99 &#x9B2;&#x9BF;&#x996;&#x9C1;&#x9A8; &#x964;</span><span lang="en" class="or-constraint-msg " data-itext-id="/FWNewHH/FWNHHMBRNUM:jr:constraintMsg">Number should be entered as two digits. Enter 01-29 for the number of household members. Enter 30 if there are 30 or more household members. Enter 99 if the total number is unknown.</span><span class="or-required-msg active" lang="" data-i18n="constraint.required">This field is required</span></label>
    <fieldset class="question simple-select "><fieldset><legend><span lang="bn" class="question-label active" data-itext-id="/FWNewHH/FWNHHMWRA:label">&#x98F;&#x987; &#x996;&#x9BE;&#x9A8;&#x9BE;&#x9DF; &#x995;&#x9BF; &#x9E7;&#x9E9; &#x9A5;&#x9C7;&#x995;&#x9C7; &#x9EA;&#x9EF; &#x9AC;&#x99B;&#x9B0; &#x9AC;&#x9DF;&#x9B8;&#x9C7;&#x9B0; &#x995;&#x9CB;&#x9A8; &#x9AC;&#x9BF;&#x9AC;&#x9BE;&#x9B9;&#x9BF;&#x9A4; &#x9AE;&#x9B9;&#x9BF;&#x9B2;&#x9BE; &#x986;&#x99B;&#x9C7;&#x9A8;?</span><span lang="en" class="question-label " data-itext-id="/FWNewHH/FWNHHMWRA:label">Are there any married women between the ages of 13 - 49 live in this household?</span><span class="required">*</span>
    </legend><div class="option-wrapper"><label class=""><input type="radio" name="/FWNewHH/FWNHHMWRA" data-name="/FWNewHH/FWNHHMWRA" value="0" required="required" data-type-xml="select1"/><span lang="bn" class="option-label active" data-itext-id="/FWNewHH/FWNHHMWRA/0:label">&#x9A8;&#x9BE;</span><span lang="en" class="option-label " data-itext-id="/FWNewHH/FWNHHMWRA/0:label">No</span></label><label class=""><input type="radio" name="/FWNewHH/FWNHHMWRA" data-name="/FWNewHH/FWNHHMWRA" value="1" required="required" data-type-xml="select1"/><span lang="bn" class="option-label active" data-itext-id="/FWNewHH/FWNHHMWRA/1:label">&#x9B9;&#x9CD;&#x9AF;&#x9BE;&#x981;</span><span lang="en" class="option-label " data-itext-id="/FWNewHH/FWNHHMWRA/1:label">Yes</span></label><label class=""><input type="radio" name="/FWNewHH/FWNHHMWRA" data-name="/FWNewHH/FWNHHMWRA" value="9" required="required" data-type-xml="select1"/><span lang="bn" class="option-label active" data-itext-id="/FWNewHH/FWNHHMWRA/9:label">&#x99C;&#x9BE;&#x9A8;&#x9BF; &#x9A8;&#x9BE;</span><span lang="en" class="option-label " data-itext-id="/FWNewHH/FWNHHMWRA/9:label">Don't know</span></label></div></fieldset><span class="or-constraint-msg active" lang="" data-i18n="constraint.invalid">Value not allowed</span><span class="or-required-msg active" lang="" data-i18n="constraint.required">This field is required</span></fieldset>
    <section class="or-group or-branch pre-init " name="/FWNewHH/woman" data-relevant=" /FWNewHH/FWNHHMWRA ='1'"><h4><span lang="bn" class="question-label active" data-itext-id="/FWNewHH/woman:label">&#x9AE;&#x9B9;&#x9BF;&#x9B2;&#x9BE;&#x9B0; &#x9A4;&#x9A5;&#x9CD;&#x9AF;&#x983;</span><span lang="en" class="question-label " data-itext-id="/FWNewHH/woman:label">New Woman Registration</span></h4><section class="or-repeat " name="/FWNewHH/woman"><label class="question non-select "><span lang="bn" class="question-label active" data-itext-id="/FWNewHH/woman/FWWOMFNAME:label">&#x9AE;&#x9B9;&#x9BF;&#x9B2;&#x9BE;&#x9B0; &#x9A8;&#x9BE;&#x9AE;-</span><span lang="en" class="question-label " data-itext-id="/FWNewHH/woman/FWWOMFNAME:label">Woman Name</span><span class="required">*</span><span lang="bn" class="or-hint active" data-itext-id="/FWNewHH/woman/FWWOMFNAME:hint">&#x9AE;&#x9B9;&#x9BF;&#x9B2;&#x9BE;&#x9B0; &#x9A8;&#x9BE;&#x9AE; &#x99F;&#x9BE;&#x987;&#x9AA; &#x995;&#x9B0;&#x9C1;&#x9A8;</span><span lang="en" class="or-hint " data-itext-id="/FWNewHH/woman/FWWOMFNAME:hint">Please type woman's name</span><input type="text" name="/FWNewHH/woman/FWWOMFNAME" required="required" data-constraint="regex(., '^[a-z A-Z]+$' )" data-type-xml="string"/><span lang="bn" class="or-constraint-msg active" data-itext-id="/FWNewHH/woman/FWWOMFNAME:jr:constraintMsg">&#x985;&#x9A8;&#x9C1;&#x997;&#x9CD;&#x9B0;&#x9B9; &#x995;&#x9B0;&#x9C7; A-Z &#x985;&#x995;&#x9CD;&#x9B7;&#x9B0;&#x997;&#x9C1;&#x9B2;&#x9CB; &#x9A6;&#x9BF;&#x9DF;&#x9C7; &#x9A8;&#x9BE;&#x9AE; &#x99F;&#x9BE;&#x987;&#x9AA; &#x995;&#x9B0;&#x9C1;&#x9A8;</span><span lang="en" class="or-constraint-msg " data-itext-id="/FWNewHH/woman/FWWOMFNAME:jr:constraintMsg">-</span><span class="or-required-msg active" lang="" data-i18n="constraint.required">This field is required</span></label><label class="question non-select "><span lang="bn" class="question-label active" data-itext-id="/FWNewHH/woman/FWBIRTHDATE:label">&#x9AE;&#x9B9;&#x9BF;&#x9B2;&#x9BE;&#x9B0; &#x99C;&#x9A8;&#x9CD;&#x9AE; &#x9A4;&#x9BE;&#x9B0;&#x9BF;&#x996;</span><span lang="en" class="question-label " data-itext-id="/FWNewHH/woman/FWBIRTHDATE:label">Woman's Date of Birth</span><span class="required">*</span><span lang="bn" class="or-hint active" data-itext-id="/FWNewHH/woman/FWBIRTHDATE:hint">&#x201C;&#x9AF;&#x9A6;&#x9BF; &#x99C;&#x9A8;&#x9CD;&#x9AE;&#x9A8;&#x9BF;&#x9AC;&#x9A8;&#x9CD;&#x9A7;&#x9A8; &#x9B8;&#x9A8;&#x9A6;&#x9AA;&#x9A4;&#x9CD;&#x9B0; &#x9A5;&#x9BE;&#x995;&#x9C7; &#x9A4;&#x9BE;&#x9B9;&#x9B2;&#x9C7; &#x99C;&#x9A8;&#x9CD;&#x9AE;&#x9A4;&#x9BE;&#x9B0;&#x9BF;&#x996; &#x9B8;&#x9C7;&#x996;&#x9BE;&#x9A8; &#x9A5;&#x9C7;&#x995;&#x9C7;&#x987; &#x9B8;&#x982;&#x997;&#x9CD;&#x9B0;&#x9B9; &#x995;&#x9B0;&#x9C1;&#x9A8;&#x964; &#x9AF;&#x9A6;&#x9BF; &#x99C;&#x9A8;&#x9CD;&#x9AE;&#x9A4;&#x9BE;&#x9B0;&#x9BF;&#x996; &#x9AC;&#x9B2;&#x9A4;&#x9C7; &#x9A8;&#x9BE; &#x9AA;&#x9BE;&#x9B0;&#x9C7; &#x9A4;&#x9BE;&#x9B9;&#x9B2;&#x9C7; &#x9AE;&#x9BE;&#x9B8;&#x9C7;&#x9B0; &#x9E7;&#x9EB; &#x9A4;&#x9BE;&#x9B0;&#x9BF;&#x996;&#x995;&#x9C7; &#x99C;&#x9A8;&#x9CD;&#x9AE;&#x9A4;&#x9BE;&#x9B0;&#x9BF;&#x996; &#x9B9;&#x9BF;&#x9B8;&#x9C7;&#x9AC;&#x9C7; &#x9AC;&#x9C7;&#x99B;&#x9C7; &#x9A8;&#x9BF;&#x9A8;&#x964; &#x9AF;&#x9A6;&#x9BF; &#x99C;&#x9A8;&#x9CD;&#x9AE;&#x9AE;&#x9BE;&#x9B8; &#x9AC;&#x9B2;&#x9A4;&#x9C7; &#x9A8;&#x9BE; &#x9AA;&#x9BE;&#x9B0;&#x9C7; &#x9A4;&#x9BE;&#x9B9;&#x9B2;&#x9C7; &#x9EC; &#x9AC;&#x9BE; &#x99C;&#x9C1;&#x9A8;&#x995;&#x9C7; &#x9AE;&#x9BE;&#x9B8; &#x9B9;&#x9BF;&#x9B8;&#x9C7;&#x9AC;&#x9C7; &#x9AC;&#x9C7;&#x99B;&#x9C7; &#x9A8;&#x9BF;&#x9A8; &#x98F;&#x9AC;&#x982; &#x9AE;&#x9B9;&#x9BF;&#x9B2;&#x9BE; &#x9AF;&#x9C7; &#x9AC;&#x99B;&#x9B0;&#x99F;&#x9BF;&#x9A4;&#x9C7; &#x9A4;&#x9BE;&#x9B0; &#x99C;&#x9A8;&#x9CD;&#x9AE; &#x9AC;&#x9B2;&#x9AC;&#x9C7; &#x9B8;&#x9C7;&#x99F;&#x9BF; &#x98F;&#x9A8;&#x9CD;&#x99F;&#x9CD;&#x9B0;&#x9BF; &#x995;&#x9B0;&#x9C1;&#x9A8;&#x964;&#x201D;</span><span lang="en" class="or-hint " data-itext-id="/FWNewHH/woman/FWBIRTHDATE:hint">If birth certificate is available take date of birth from birth certificate. If date of birth is unknown choose 15 as the date of birth, if month is unknown choose 06 (June) as month of birth and enter the year of birth as mentioned by the woman.</span><input type="date" name="/FWNewHH/woman/FWBIRTHDATE" required="required" data-constraint="(( /FWNewHH/woman/FWBIRTHDATE )+4380) &lt;= today()" data-type-xml="date"/><span lang="bn" class="or-constraint-msg active" data-itext-id="/FWNewHH/woman/FWBIRTHDATE:jr:constraintMsg">&#x9AE;&#x9B9;&#x9BF;&#x9B2;&#x9BE;&#x9B0; &#x9AC;&#x9DF;&#x9B8; &#x985;&#x9AC;&#x9B6;&#x9CD;&#x9AF;&#x987; &#x9E7;&#x9E8; &#x9AC;&#x99B;&#x9B0;&#x9C7;&#x9B0; &#x9AC;&#x9C7;&#x9B6;&#x9C0; &#x9B9;&#x9AC;&#x9C7;</span><span lang="en" class="or-constraint-msg " data-itext-id="/FWNewHH/woman/FWBIRTHDATE:jr:constraintMsg">Woman must be older than 12 years of age</span><span class="or-required-msg active" lang="" data-i18n="constraint.required">This field is required</span></label><label class="note or-branch pre-init non-select "><span lang="bn" class="question-label active" data-itext-id="/FWNewHH/woman/display_age:label">&#x9AE;&#x9B9;&#x9BF;&#x9B2;&#x9BE;&#x9B0; &#x9AC;&#x9AF;&#x9BC;&#x9B8; <span class="or-output" data-value=" /FWNewHH/woman/FWWOMAGE ">
    </span></span><span lang="en" class="question-label " data-itext-id="/FWNewHH/woman/display_age:label">The woman's age is <span class="or-output" data-value=" /FWNewHH/woman/FWWOMAGE ">
    </span>.</span><input type="text" name="/FWNewHH/woman/display_age" data-relevant=" /FWNewHH/woman/FWBIRTHDATE  !=''" data-type-xml="string" readonly="readonly"/></label><fieldset class="question simple-select "><fieldset><legend><span lang="bn" class="question-label active" data-itext-id="/FWNewHH/woman/FWCWOMSTRMEN:label">&#x986;&#x9AA;&#x9A8;&#x9BE;&#x9B0; &#x9AE;&#x9BE;&#x9B8;&#x9BF;&#x995; &#x995;&#x9BF; &#x99A;&#x9BE;&#x9B2;&#x9C1; &#x986;&#x99B;&#x9C7;?</span><span lang="en" class="question-label " data-itext-id="/FWNewHH/woman/FWCWOMSTRMEN:label">Are you still menstruating?</span><span class="required">*</span>
    </legend><div class="option-wrapper"><label class=""><input type="radio" name="/FWNewHH/woman/FWCWOMSTRMEN" data-name="/FWNewHH/woman/FWCWOMSTRMEN" value="0" required="required" data-type-xml="select1"/><span lang="bn" class="option-label active" data-itext-id="/FWNewHH/woman/FWCWOMSTRMEN/0:label">&#x9A8;&#x9BE;</span><span lang="en" class="option-label " data-itext-id="/FWNewHH/woman/FWCWOMSTRMEN/0:label">No</span></label><label class=""><input type="radio" name="/FWNewHH/woman/FWCWOMSTRMEN" data-name="/FWNewHH/woman/FWCWOMSTRMEN" value="1" required="required" data-type-xml="select1"/><span lang="bn" class="option-label active" data-itext-id="/FWNewHH/woman/FWCWOMSTRMEN/1:label">&#x9B9;&#x9CD;&#x9AF;&#x9BE;&#x981;</span><span lang="en" class="option-label " data-itext-id="/FWNewHH/woman/FWCWOMSTRMEN/1:label">Yes</span></label><label class=""><input type="radio" name="/FWNewHH/woman/FWCWOMSTRMEN" data-name="/FWNewHH/woman/FWCWOMSTRMEN" value="9" required="required" data-type-xml="select1"/><span lang="bn" class="option-label active" data-itext-id="/FWNewHH/woman/FWCWOMSTRMEN/9:label">&#x99C;&#x9BE;&#x9A8;&#x9BF; &#x9A8;&#x9BE;</span><span lang="en" class="option-label " data-itext-id="/FWNewHH/woman/FWCWOMSTRMEN/9:label">Don't know</span></label></div></fieldset><span class="or-constraint-msg active" lang="" data-i18n="constraint.invalid">Value not allowed</span><span class="or-required-msg active" lang="" data-i18n="constraint.required">This field is required</span></fieldset><fieldset class="question simple-select or-branch pre-init "><fieldset><legend><span lang="bn" class="question-label active" data-itext-id="/FWNewHH/woman/FWCWOMSTER:label">&#x986;&#x9AA;&#x9A8;&#x9BF; &#x995;&#x9BF; &#x9B8;&#x9CD;&#x9A5;&#x9BE;&#x9DF;&#x9C0; &#x99C;&#x9A8;&#x9CD;&#x9AE;&#x9A8;&#x9BF;&#x9DF;&#x9A8;&#x9CD;&#x9A4;&#x9CD;&#x9B0;&#x9A8; &#x9AA;&#x9A6;&#x9CD;&#x9A7;&#x9A4;&#x9BF; &#x997;&#x9CD;&#x9B0;&#x9B9;&#x9A3; &#x995;&#x9B0;&#x9C7;&#x99B;&#x9C7;&#x9A8;?</span><span lang="en" class="question-label " data-itext-id="/FWNewHH/woman/FWCWOMSTER:label">Are you sterlized?</span><span class="required">*</span>
    </legend><div class="option-wrapper"><label class=""><input type="radio" name="/FWNewHH/woman/FWCWOMSTER" data-name="/FWNewHH/woman/FWCWOMSTER" value="0" required="required" data-relevant="selected( /FWNewHH/woman/FWCWOMSTRMEN , '1')" data-type-xml="select1"/><span lang="bn" class="option-label active" data-itext-id="/FWNewHH/woman/FWCWOMSTER/0:label">&#x9A8;&#x9BE;</span><span lang="en" class="option-label " data-itext-id="/FWNewHH/woman/FWCWOMSTER/0:label">No</span></label><label class=""><input type="radio" name="/FWNewHH/woman/FWCWOMSTER" data-name="/FWNewHH/woman/FWCWOMSTER" value="1" required="required" data-relevant="selected( /FWNewHH/woman/FWCWOMSTRMEN , '1')" data-type-xml="select1"/><span lang="bn" class="option-label active" data-itext-id="/FWNewHH/woman/FWCWOMSTER/1:label">&#x9B9;&#x9CD;&#x9AF;&#x9BE;&#x981;</span><span lang="en" class="option-label " data-itext-id="/FWNewHH/woman/FWCWOMSTER/1:label">Yes</span></label><label class=""><input type="radio" name="/FWNewHH/woman/FWCWOMSTER" data-name="/FWNewHH/woman/FWCWOMSTER" value="9" required="required" data-relevant="selected( /FWNewHH/woman/FWCWOMSTRMEN , '1')" data-type-xml="select1"/><span lang="bn" class="option-label active" data-itext-id="/FWNewHH/woman/FWCWOMSTER/9:label">&#x99C;&#x9BE;&#x9A8;&#x9BF; &#x9A8;&#x9BE;</span><span lang="en" class="option-label " data-itext-id="/FWNewHH/woman/FWCWOMSTER/9:label">Don't know</span></label></div></fieldset><span class="or-constraint-msg active" lang="" data-i18n="constraint.invalid">Value not allowed</span><span class="or-required-msg active" lang="" data-i18n="constraint.required">This field is required</span></fieldset><fieldset class="question simple-select or-branch pre-init "><fieldset><legend><span lang="bn" class="question-label active" data-itext-id="/FWNewHH/woman/FWCWOMHUSLIV:label">&#x986;&#x9AA;&#x9A8;&#x9BF; &#x995;&#x9BF; &#x9AC;&#x9B0;&#x9CD;&#x9A4;&#x9AE;&#x9BE;&#x9A8;&#x9C7; &#x986;&#x9AA;&#x9A8;&#x9BE;&#x9B0; &#x9B8;&#x9CD;&#x9AC;&#x9BE;&#x9AE;&#x9C0;&#x9B0; &#x9B8;&#x9BE;&#x9A5;&#x9C7; &#x9AC;&#x9B8;&#x9AC;&#x9BE;&#x9B8; &#x995;&#x9B0;&#x99B;&#x9C7;&#x9A8;?</span><span lang="en" class="question-label " data-itext-id="/FWNewHH/woman/FWCWOMHUSLIV:label">Are you currently living with your husband?</span><span class="required">*</span>
    </legend><div class="option-wrapper"><label class=""><input type="radio" name="/FWNewHH/woman/FWCWOMHUSLIV" data-name="/FWNewHH/woman/FWCWOMHUSLIV" value="0" required="required" data-relevant="selected( /FWNewHH/woman/FWCWOMSTRMEN , '1') and  /FWNewHH/woman/FWCWOMSTER ='0'" data-type-xml="select1"/><span lang="bn" class="option-label active" data-itext-id="/FWNewHH/woman/FWCWOMHUSLIV/0:label">&#x9A8;&#x9BE;</span><span lang="en" class="option-label " data-itext-id="/FWNewHH/woman/FWCWOMHUSLIV/0:label">No</span></label><label class=""><input type="radio" name="/FWNewHH/woman/FWCWOMHUSLIV" data-name="/FWNewHH/woman/FWCWOMHUSLIV" value="1" required="required" data-relevant="selected( /FWNewHH/woman/FWCWOMSTRMEN , '1') and  /FWNewHH/woman/FWCWOMSTER ='0'" data-type-xml="select1"/><span lang="bn" class="option-label active" data-itext-id="/FWNewHH/woman/FWCWOMHUSLIV/1:label">&#x9B9;&#x9CD;&#x9AF;&#x9BE;&#x981;</span><span lang="en" class="option-label " data-itext-id="/FWNewHH/woman/FWCWOMHUSLIV/1:label">Yes</span></label><label class=""><input type="radio" name="/FWNewHH/woman/FWCWOMHUSLIV" data-name="/FWNewHH/woman/FWCWOMHUSLIV" value="9" required="required" data-relevant="selected( /FWNewHH/woman/FWCWOMSTRMEN , '1') and  /FWNewHH/woman/FWCWOMSTER ='0'" data-type-xml="select1"/><span lang="bn" class="option-label active" data-itext-id="/FWNewHH/woman/FWCWOMHUSLIV/9:label">&#x99C;&#x9BE;&#x9A8;&#x9BF; &#x9A8;&#x9BE;</span><span lang="en" class="option-label " data-itext-id="/FWNewHH/woman/FWCWOMHUSLIV/9:label">Don't know</span></label></div></fieldset><span class="or-constraint-msg active" lang="" data-i18n="constraint.invalid">Value not allowed</span><span class="or-required-msg active" lang="" data-i18n="constraint.required">This field is required</span></fieldset><fieldset class="question simple-select or-branch pre-init "><fieldset><legend><span lang="bn" class="question-label active" data-itext-id="/FWNewHH/woman/FWCWOMHUSALV:label">&#x986;&#x9AA;&#x9A8;&#x9BE;&#x9B0; &#x9B8;&#x9CD;&#x9AC;&#x9BE;&#x9AE;&#x9C0; &#x995;&#x9BF; &#x99C;&#x9C0;&#x9AC;&#x9BF;&#x9A4; &#x986;&#x99B;&#x9C7;&#x9A8;?</span><span lang="en" class="question-label " data-itext-id="/FWNewHH/woman/FWCWOMHUSALV:label">Is the husband alive?</span><span class="required">*</span>
    </legend><div class="option-wrapper"><label class=""><input type="radio" name="/FWNewHH/woman/FWCWOMHUSALV" data-name="/FWNewHH/woman/FWCWOMHUSALV" value="0" required="required" data-relevant="selected( /FWNewHH/woman/FWCWOMHUSLIV , '0') or selected( /FWNewHH/woman/FWCWOMHUSLIV , '9')" data-type-xml="select1"/><span lang="bn" class="option-label active" data-itext-id="/FWNewHH/woman/FWCWOMHUSALV/0:label">&#x9A8;&#x9BE;</span><span lang="en" class="option-label " data-itext-id="/FWNewHH/woman/FWCWOMHUSALV/0:label">No</span></label><label class=""><input type="radio" name="/FWNewHH/woman/FWCWOMHUSALV" data-name="/FWNewHH/woman/FWCWOMHUSALV" value="1" required="required" data-relevant="selected( /FWNewHH/woman/FWCWOMHUSLIV , '0') or selected( /FWNewHH/woman/FWCWOMHUSLIV , '9')" data-type-xml="select1"/><span lang="bn" class="option-label active" data-itext-id="/FWNewHH/woman/FWCWOMHUSALV/1:label">&#x9B9;&#x9CD;&#x9AF;&#x9BE;&#x981;</span><span lang="en" class="option-label " data-itext-id="/FWNewHH/woman/FWCWOMHUSALV/1:label">Yes</span></label></div></fieldset><span class="or-constraint-msg active" lang="" data-i18n="constraint.invalid">Value not allowed</span><span class="or-required-msg active" lang="" data-i18n="constraint.required">This field is required</span></fieldset><fieldset class="question simple-select or-branch pre-init "><fieldset><legend><span lang="bn" class="question-label active" data-itext-id="/FWNewHH/woman/FWCWOMHUSSTR:label">&#x986;&#x9AA;&#x9A8;&#x9BE;&#x9B0; &#x9B8;&#x9CD;&#x9AC;&#x9BE;&#x9AE;&#x9C0; &#x995;&#x9BF; &#x9B8;&#x9CD;&#x9A5;&#x9BE;&#x9DF;&#x9C0; &#x99C;&#x9A8;&#x9CD;&#x9AE;&#x9A8;&#x9BF;&#x9DF;&#x9A8;&#x9CD;&#x9A4;&#x9CD;&#x9B0;&#x9A8; &#x9AA;&#x9A6;&#x9CD;&#x9A7;&#x9A4;&#x9BF; &#x997;&#x9CD;&#x9B0;&#x9B9;&#x9A3; &#x995;&#x9B0;&#x9C7;&#x99B;&#x9C7;&#x9A8;?</span><span lang="en" class="question-label " data-itext-id="/FWNewHH/woman/FWCWOMHUSSTR:label">Is the husband sterilized?</span><span class="required">*</span>
    </legend><div class="option-wrapper"><label class=""><input type="radio" name="/FWNewHH/woman/FWCWOMHUSSTR" data-name="/FWNewHH/woman/FWCWOMHUSSTR" value="0" required="required" data-relevant="selected( /FWNewHH/woman/FWCWOMHUSLIV , '1') or (selected( /FWNewHH/woman/FWCWOMHUSLIV , '9') and selected( /FWNewHH/woman/FWCWOMHUSALV , '1'))" data-type-xml="select1"/><span lang="bn" class="option-label active" data-itext-id="/FWNewHH/woman/FWCWOMHUSSTR/0:label">&#x9A8;&#x9BE;</span><span lang="en" class="option-label " data-itext-id="/FWNewHH/woman/FWCWOMHUSSTR/0:label">No</span></label><label class=""><input type="radio" name="/FWNewHH/woman/FWCWOMHUSSTR" data-name="/FWNewHH/woman/FWCWOMHUSSTR" value="1" required="required" data-relevant="selected( /FWNewHH/woman/FWCWOMHUSLIV , '1') or (selected( /FWNewHH/woman/FWCWOMHUSLIV , '9') and selected( /FWNewHH/woman/FWCWOMHUSALV , '1'))" data-type-xml="select1"/><span lang="bn" class="option-label active" data-itext-id="/FWNewHH/woman/FWCWOMHUSSTR/1:label">&#x9B9;&#x9CD;&#x9AF;&#x9BE;&#x981;</span><span lang="en" class="option-label " data-itext-id="/FWNewHH/woman/FWCWOMHUSSTR/1:label">Yes</span></label><label class=""><input type="radio" name="/FWNewHH/woman/FWCWOMHUSSTR" data-name="/FWNewHH/woman/FWCWOMHUSSTR" value="9" required="required" data-relevant="selected( /FWNewHH/woman/FWCWOMHUSLIV , '1') or (selected( /FWNewHH/woman/FWCWOMHUSLIV , '9') and selected( /FWNewHH/woman/FWCWOMHUSALV , '1'))" data-type-xml="select1"/><span lang="bn" class="option-label active" data-itext-id="/FWNewHH/woman/FWCWOMHUSSTR/9:label">&#x99C;&#x9BE;&#x9A8;&#x9BF; &#x9A8;&#x9BE;</span><span lang="en" class="option-label " data-itext-id="/FWNewHH/woman/FWCWOMHUSSTR/9:label">Don't know</span></label></div></fieldset><span class="or-constraint-msg active" lang="" data-i18n="constraint.invalid">Value not allowed</span><span class="or-required-msg active" lang="" data-i18n="constraint.required">This field is required</span></fieldset><section class="or-group-data or-branch pre-init " name="/FWNewHH/woman/eligible" data-relevant=" /FWNewHH/woman/FWELIGIBLE ='1'"><fieldset class="question simple-select "><fieldset><legend><span lang="bn" class="question-label active" data-itext-id="/FWNewHH/woman/eligible/FWWOMANYID:label">&#x9A8;&#x9BF;&#x99A;&#x9C7;&#x9B0; &#x995;&#x9CB;&#x9A8; &#x9AA;&#x9B0;&#x9BF;&#x99A;&#x9DF; &#x9AA;&#x9A4;&#x9CD;&#x9B0;&#x99F;&#x9BF; &#x9AE;&#x9B9;&#x9BF;&#x9B2;&#x9BE;&#x9B0; &#x995;&#x9BE;&#x99B;&#x9C7; &#x986;&#x99B;&#x9C7;?</span><span lang="en" class="question-label " data-itext-id="/FWNewHH/woman/eligible/FWWOMANYID:label">Which of the following IDs does the woman have?</span><span class="required">*</span><span lang="bn" class="or-hint active" data-itext-id="/FWNewHH/woman/eligible/FWWOMANYID:hint">&#x9AA;&#x9CD;&#x9B0;&#x9AF;&#x9CB;&#x99C;&#x9CD;&#x9AF; &#x9B8;&#x9AC;&#x997;&#x9C1;&#x9B2;&#x9CB; &#x989;&#x9A4;&#x9CD;&#x9A4;&#x9B0; &#x9A8;&#x9BF;&#x9B0;&#x9CD;&#x9AC;&#x9BE;&#x99A;&#x9A8; &#x995;&#x9B0;&#x9C1;&#x9A8;</span><span lang="en" class="or-hint " data-itext-id="/FWNewHH/woman/eligible/FWWOMANYID:hint">Select all that apply.</span>
    </legend><div class="option-wrapper"><label class=""><input type="checkbox" name="/FWNewHH/woman/eligible/FWWOMANYID" value="1" required="required" data-type-xml="select"/><span lang="bn" class="option-label active" data-itext-id="/FWNewHH/woman/eligible/FWWOMANYID/1:label">&#x99C;&#x9BE;&#x9A4;&#x9C0;&#x9DF; &#x9AA;&#x9B0;&#x9BF;&#x99A;&#x9DF;&#x9AA;&#x9A4;&#x9CD;&#x9B0; &#x9A8;&#x9AE;&#x9CD;&#x9AC;&#x9B0;</span><span lang="en" class="option-label " data-itext-id="/FWNewHH/woman/eligible/FWWOMANYID/1:label">National ID</span></label><label class=""><input type="checkbox" name="/FWNewHH/woman/eligible/FWWOMANYID" value="2" required="required" data-type-xml="select"/><span lang="bn" class="option-label active" data-itext-id="/FWNewHH/woman/eligible/FWWOMANYID/2:label">&#x99C;&#x9A8;&#x9CD;&#x9AE; &#x9A8;&#x9BF;&#x9AC;&#x9A8;&#x9CD;&#x9A7;&#x9A8; &#x9B8;&#x9A8;&#x9A6;&#x9AA;&#x9A4;&#x9CD;&#x9B0; &#x9A8;&#x9AE;&#x9CD;&#x9AC;&#x9B0;</span><span lang="en" class="option-label " data-itext-id="/FWNewHH/woman/eligible/FWWOMANYID/2:label">Birth Registration ID</span></label></div></fieldset><span class="or-constraint-msg active" lang="" data-i18n="constraint.invalid">Value not allowed</span><span class="or-required-msg active" lang="" data-i18n="constraint.required">This field is required</span></fieldset><label class="question or-branch pre-init non-select or-appearance-numbers "><span lang="bn" class="question-label active" data-itext-id="/FWNewHH/woman/eligible/FWWOMNID:label">&#x9AE;&#x9B9;&#x9BF;&#x9B2;&#x9BE;&#x9B0; &#x99C;&#x9BE;&#x9A4;&#x9C0;&#x9DF; &#x9AA;&#x9B0;&#x9BF;&#x99A;&#x9DF;&#x9AA;&#x9A4;&#x9CD;&#x9B0; &#x9A8;&#x982;-</span><span lang="en" class="question-label " data-itext-id="/FWNewHH/woman/eligible/FWWOMNID:label">Woman's National ID Number</span><span class="required">*</span><span lang="bn" class="or-hint active" data-itext-id="/FWNewHH/woman/eligible/FWWOMNID:hint">&#x99C;&#x9BE;&#x9A4;&#x9C0;&#x9DF; &#x9AA;&#x9B0;&#x9BF;&#x99A;&#x9DF;&#x9AA;&#x9A4;&#x9CD;&#x9B0;&#x9C7; &#x9A6;&#x9C7;&#x993;&#x9DF;&#x9BE; &#x9B8;&#x9B0;&#x995;&#x9BE;&#x9B0;&#x9C0; &#x9A8;&#x9AE;&#x9CD;&#x9AC;&#x9B0; &#x9AF;&#x9C7;&#x9AD;&#x9BE;&#x9AC;&#x9C7; &#x9A6;&#x9C7;&#x993;&#x9DF;&#x9BE; &#x986;&#x99B;&#x9C7; &#x9B8;&#x9C7;&#x9AD;&#x9BE;&#x9AC;&#x9C7;&#x987; &#x9AA;&#x9CD;&#x9B0;&#x9AC;&#x9C7;&#x9B6; &#x995;&#x9B0;&#x9BE;&#x9A8;</span><span lang="en" class="or-hint " data-itext-id="/FWNewHH/woman/eligible/FWWOMNID:hint">Please input the Government ID as displayed on the national ID card</span><input type="text" name="/FWNewHH/woman/eligible/FWWOMNID" required="required" data-constraint="regex(., '^(?!0{13})[0-9]{13}$') or regex(., '^(?!0{17})[0-9]{17}$')" data-relevant="selected( /FWNewHH/woman/eligible/FWWOMANYID ,'1')" data-type-xml="string"/><span lang="bn" class="or-constraint-msg active" data-itext-id="/FWNewHH/woman/eligible/FWWOMNID:jr:constraintMsg">&#x99C;&#x9BE;&#x9A4;&#x9C0;&#x9DF; &#x9AA;&#x9B0;&#x9BF;&#x99A;&#x9DF;&#x9AA;&#x9A4;&#x9CD;&#x9B0; &#x9A8;&#x982; &#x9E7;&#x9E9; &#x985;&#x9A5;&#x9AC;&#x9BE; &#x9E7;&#x9ED; &#x9A1;&#x9BF;&#x99C;&#x9BF;&#x99F;&#x9C7;&#x9B0; &#x9B9;&#x9AC;&#x9C7;</span><span lang="en" class="or-constraint-msg " data-itext-id="/FWNewHH/woman/eligible/FWWOMNID:jr:constraintMsg">National ID should be 13 or 17 digits</span><span class="or-required-msg active" lang="" data-i18n="constraint.required">This field is required</span></label><label class="question or-branch pre-init non-select or-appearance-numbers "><span lang="bn" class="question-label active" data-itext-id="/FWNewHH/woman/eligible/FWWOMRETYPENID:label">&#x9AE;&#x9B9;&#x9BF;&#x9B2;&#x9BE;&#x9B0; &#x99C;&#x9BE;&#x9A4;&#x9C0;&#x9DF; &#x9AA;&#x9B0;&#x9BF;&#x99A;&#x9DF;&#x9AA;&#x9A4;&#x9CD;&#x9B0; &#x9A8;&#x9AE;&#x9CD;&#x9AC;&#x9B0;&#x99F;&#x9BF; &#x9AA;&#x9C1;&#x9A8;&#x9B0;&#x9BE;&#x9DF; &#x9B2;&#x9BF;&#x996;&#x9C1;&#x9A8;</span><span lang="en" class="question-label " data-itext-id="/FWNewHH/woman/eligible/FWWOMRETYPENID:label">Re-Type Woman's National ID Number</span><span class="required">*</span><span lang="bn" class="or-hint active" data-itext-id="/FWNewHH/woman/eligible/FWWOMRETYPENID:hint">&#x99C;&#x9BE;&#x9A4;&#x9C0;&#x9DF; &#x9AA;&#x9B0;&#x9BF;&#x99A;&#x9DF;&#x9AA;&#x9A4;&#x9CD;&#x9B0;&#x9C7;&#x9B0; &#x9A8;&#x9AE;&#x9CD;&#x9AC;&#x9B0;&#x99F;&#x9BF; &#x9AA;&#x9C1;&#x9A8;&#x9B0;&#x9BE;&#x9DF; &#x9AA;&#x9CD;&#x9B0;&#x9AC;&#x9C7;&#x9B6; &#x995;&#x9B0;&#x9BE;&#x9A8;</span><span lang="en" class="or-hint " data-itext-id="/FWNewHH/woman/eligible/FWWOMRETYPENID:hint">Please re-input the National ID number</span><input type="text" name="/FWNewHH/woman/eligible/FWWOMRETYPENID" required="required" data-constraint=".= /FWNewHH/woman/eligible/FWWOMNID " data-relevant="selected( /FWNewHH/woman/eligible/FWWOMANYID ,'1')" data-type-xml="string"/><span lang="bn" class="or-constraint-msg active" data-itext-id="/FWNewHH/woman/eligible/FWWOMRETYPENID:jr:constraintMsg">&#x98F;&#x987; &#x9A8;&#x9AE;&#x9CD;&#x9AC;&#x9B0;&#x99F;&#x9BF; &#x993; &#x9AA;&#x9C2;&#x9B0;&#x9CD;&#x9AC;&#x9C7;&#x9B0; &#x9B8;&#x9CD;&#x995;&#x9CD;&#x9B0;&#x9BF;&#x9A8;&#x9C7; &#x9A6;&#x9C7;&#x993;&#x9DF;&#x9BE; &#x99C;&#x9A8;&#x9CD;&#x9AE; &#x9A8;&#x9BF;&#x9AC;&#x9A8;&#x9CD;&#x9A7;&#x9A8; &#x9A8;&#x9AE;&#x9CD;&#x9AC;&#x9B0;&#x99F;&#x9BF; &#x98F;&#x995;&#x987; &#x9B9;&#x9A4;&#x9C7; &#x9B9;&#x9AC;&#x9C7;</span><span lang="en" class="or-constraint-msg " data-itext-id="/FWNewHH/woman/eligible/FWWOMRETYPENID:jr:constraintMsg">This number and the one in the previous screen should be same</span><span class="or-required-msg active" lang="" data-i18n="constraint.required">This field is required</span></label><label class="question or-branch pre-init non-select or-appearance-numbers "><span lang="bn" class="question-label active" data-itext-id="/FWNewHH/woman/eligible/FWWOMBID:label">&#x9AE;&#x9B9;&#x9BF;&#x9B2;&#x9BE;&#x9B0; &#x99C;&#x9A8;&#x9CD;&#x9AE; &#x9A8;&#x9BF;&#x9AC;&#x9A8;&#x9CD;&#x9A7;&#x9A8; &#x9B8;&#x9A8;&#x9A6; &#x9A8;&#x982;-</span><span lang="en" class="question-label " data-itext-id="/FWNewHH/woman/eligible/FWWOMBID:label">Woman's Birth Registration ID Number</span><span class="required">*</span><span lang="bn" class="or-hint active" data-itext-id="/FWNewHH/woman/eligible/FWWOMBID:hint">&#x99C;&#x9A8;&#x9CD;&#x9AE; &#x9A8;&#x9BF;&#x9AC;&#x9A8;&#x9CD;&#x9A7;&#x9A8; &#x9B8;&#x9A8;&#x9A6;&#x9AA;&#x9A4;&#x9CD;&#x9B0;&#x9C7;&#x9B0; &#x9B8;&#x9B0;&#x995;&#x9BE;&#x9B0;&#x9C0; &#x9A8;&#x9AE;&#x9CD;&#x9AC;&#x9B0; &#x9AF;&#x9C7;&#x9AD;&#x9BE;&#x9AC;&#x9C7; &#x9A6;&#x9C7;&#x993;&#x9DF;&#x9BE; &#x986;&#x99B;&#x9C7; &#x9B8;&#x9C7;&#x9AD;&#x9BE;&#x9AC;&#x9C7;&#x987; &#x987;&#x9A8;&#x9AA;&#x9C1;&#x99F; &#x9A6;&#x9BF;&#x9A8;&#x964;</span><span lang="en" class="or-hint " data-itext-id="/FWNewHH/woman/eligible/FWWOMBID:hint">Please input the Government ID as displayed on the birth certificate</span><input type="text" name="/FWNewHH/woman/eligible/FWWOMBID" required="required" data-constraint="regex(., '^(?!0{17})[0-9]{17}$')" data-relevant="selected( /FWNewHH/woman/eligible/FWWOMANYID ,'2')" data-type-xml="string"/><span lang="bn" class="or-constraint-msg active" data-itext-id="/FWNewHH/woman/eligible/FWWOMBID:jr:constraintMsg">&#x99C;&#x9A8;&#x9CD;&#x9AE; &#x9A8;&#x9BF;&#x9AC;&#x9A8;&#x9CD;&#x9A7;&#x9A8; &#x9B8;&#x9A8;&#x9A6; &#x9A8;&#x982; &#x9E7;&#x9ED; &#x9A1;&#x9BF;&#x99C;&#x9BF;&#x99F;&#x9C7;&#x9B0; &#x9B9;&#x9AC;&#x9C7;</span><span lang="en" class="or-constraint-msg " data-itext-id="/FWNewHH/woman/eligible/FWWOMBID:jr:constraintMsg">Birth Registration ID should be 17 digits</span><span class="or-required-msg active" lang="" data-i18n="constraint.required">This field is required</span></label><label class="question or-branch pre-init non-select or-appearance-numbers "><span lang="bn" class="question-label active" data-itext-id="/FWNewHH/woman/eligible/FWWOMRETYPEBID:label">&#x9AE;&#x9B9;&#x9BF;&#x9B2;&#x9BE;&#x9B0; &#x99C;&#x9A8;&#x9CD;&#x9AE; &#x9A8;&#x9BF;&#x9AC;&#x9A8;&#x9CD;&#x9A7;&#x9A8; &#x9B8;&#x9A8;&#x9A6; &#x9A8;&#x9AE;&#x9CD;&#x9AC;&#x9B0;&#x99F;&#x9BF; &#x9AA;&#x9C1;&#x9A8;&#x9B0;&#x9BE;&#x9DF; &#x9B2;&#x9BF;&#x996;&#x9C1;&#x9A8;</span><span lang="en" class="question-label " data-itext-id="/FWNewHH/woman/eligible/FWWOMRETYPEBID:label">Woman's Birth Registration ID Number</span><span class="required">*</span><span lang="bn" class="or-hint active" data-itext-id="/FWNewHH/woman/eligible/FWWOMRETYPEBID:hint">&#x99C;&#x9A8;&#x9CD;&#x9AE; &#x9A8;&#x9BF;&#x9AC;&#x9A8;&#x9CD;&#x9A7;&#x9A8; &#x9A8;&#x9AE;&#x9CD;&#x9AC;&#x9B0;&#x99F;&#x9BF; &#x9AA;&#x9C2;&#x9A8;&#x9B0;&#x9BE;&#x9DF; &#x9AA;&#x9CD;&#x9B0;&#x9AC;&#x9C7;&#x9B6; &#x995;&#x9B0;&#x9BE;&#x9A8;</span><span lang="en" class="or-hint " data-itext-id="/FWNewHH/woman/eligible/FWWOMRETYPEBID:hint">Please re-input the Birth Registration Number</span><input type="text" name="/FWNewHH/woman/eligible/FWWOMRETYPEBID" required="required" data-constraint=".= /FWNewHH/woman/eligible/FWWOMBID " data-relevant="selected( /FWNewHH/woman/eligible/FWWOMANYID ,'2')" data-type-xml="string"/><span lang="bn" class="or-constraint-msg active" data-itext-id="/FWNewHH/woman/eligible/FWWOMRETYPEBID:jr:constraintMsg">&#x98F;&#x987; &#x9A8;&#x9AE;&#x9CD;&#x9AC;&#x9B0;&#x99F;&#x9BF; &#x993; &#x9AA;&#x9C2;&#x9B0;&#x9CD;&#x9AC;&#x9C7;&#x9B0; &#x9B8;&#x9CD;&#x995;&#x9CD;&#x9B0;&#x9BF;&#x9A8;&#x9C7; &#x9A6;&#x9C7;&#x993;&#x9DF;&#x9BE; &#x99C;&#x9A8;&#x9CD;&#x9AE; &#x9A8;&#x9BF;&#x9AC;&#x9A8;&#x9CD;&#x9A7;&#x9A8; &#x9A8;&#x9AE;&#x9CD;&#x9AC;&#x9B0;&#x99F;&#x9BF; &#x98F;&#x995;&#x987; &#x9B9;&#x9A4;&#x9C7; &#x9B9;&#x9AC;&#x9C7;</span><span lang="en" class="or-constraint-msg " data-itext-id="/FWNewHH/woman/eligible/FWWOMRETYPEBID:jr:constraintMsg">This number and the one in the previous screen should be same</span><span class="or-required-msg active" lang="" data-i18n="constraint.required">This field is required</span></label><label class="question non-select "><span lang="bn" class="question-label active" data-itext-id="/FWNewHH/woman/eligible/FWHUSNAME:label">&#x9B8;&#x9CD;&#x9AC;&#x9BE;&#x9AE;&#x9C0;&#x9B0; &#x9A8;&#x9BE;&#x9AE;-</span><span lang="en" class="question-label " data-itext-id="/FWNewHH/woman/eligible/FWHUSNAME:label">Husband's Name</span><span class="required">*</span><span lang="bn" class="or-hint active" data-itext-id="/FWNewHH/woman/eligible/FWHUSNAME:hint">&#x9B8;&#x9CD;&#x9AC;&#x9BE;&#x9AE;&#x9C0;&#x9B0; &#x9A8;&#x9BE;&#x9AE; &#x99F;&#x9BE;&#x987;&#x9AA; &#x995;&#x9B0;&#x9C1;&#x9A8;</span><span lang="en" class="or-hint " data-itext-id="/FWNewHH/woman/eligible/FWHUSNAME:hint">Please type husband's name</span><input type="text" name="/FWNewHH/woman/eligible/FWHUSNAME" required="required" data-constraint="regex(., '^[a-z A-Z]+$' )" data-type-xml="string"/><span lang="bn" class="or-constraint-msg active" data-itext-id="/FWNewHH/woman/eligible/FWHUSNAME:jr:constraintMsg">&#x985;&#x9A8;&#x9C1;&#x997;&#x9CD;&#x9B0;&#x9B9; &#x995;&#x9B0;&#x9C7; A-Z &#x985;&#x995;&#x9CD;&#x9B7;&#x9B0;&#x997;&#x9C1;&#x9B2;&#x9CB; &#x9A6;&#x9BF;&#x9DF;&#x9C7; &#x9A8;&#x9BE;&#x9AE; &#x99F;&#x9BE;&#x987;&#x9AA; &#x995;&#x9B0;&#x9C1;&#x9A8;</span><span lang="en" class="or-constraint-msg " data-itext-id="/FWNewHH/woman/eligible/FWHUSNAME:jr:constraintMsg">-</span><span class="or-required-msg active" lang="" data-i18n="constraint.required">This field is required</span></label>
    </section><!--end of group --><label class="note non-select "><span lang="bn" class="question-label active" data-itext-id="/FWNewHH/woman/add_women:label">&#x9A8;&#x9BF;&#x9B0;&#x9CD;&#x9A6;&#x9C7;&#x9B6;&#x9A8;&#x9BE;&#x983; &#x98F;&#x987; &#x996;&#x9BE;&#x9A8;&#x9BE;&#x9DF; &#x9AF;&#x9A6;&#x9BF; &#x986;&#x9B0;&#x993; &#x995;&#x9CB;&#x9A8; &#x9AE;&#x9B9;&#x9BF;&#x9B2;&#x9BE; &#x9A5;&#x9BE;&#x995;&#x9C7; &#x9AF;&#x9BE;&#x995;&#x9C7; &#x9B0;&#x9C7;&#x99C;&#x9BF;&#x9B8;&#x9CD;&#x99F;&#x9CD;&#x9B0;&#x9C7;&#x9B6;&#x9A8; &#x995;&#x9B0;&#x9BE; &#x9B9;&#x9DF;&#x9A8;&#x9BF;, &#x9A4;&#x9BE;&#x9B9;&#x9B2;&#x9C7; '+' &#x98F; &#x995;&#x9CD;&#x9B2;&#x9BF;&#x995; &#x995;&#x9B0;&#x9C1;&#x9A8; &#x98F;&#x9AC;&#x982; &#x98F;&#x995;&#x987; &#x9AA;&#x9CD;&#x9B0;&#x995;&#x9CD;&#x9B0;&#x9BF;&#x9DF;&#x9BE;&#x9DF; &#x9AA;&#x9B0;&#x9AC;&#x9B0;&#x9CD;&#x9A4;&#x9C0; &#x9AE;&#x9B9;&#x9BF;&#x9B2;&#x9BE;&#x995;&#x9C7; &#x9B0;&#x9C7;&#x99C;&#x9BF;&#x9B8;&#x9CD;&#x99F;&#x9CD;&#x9B0;&#x9C7;&#x9B6;&#x9A8; &#x995;&#x9B0;&#x9C1;&#x9A8;</span><span lang="en" class="question-label " data-itext-id="/FWNewHH/woman/add_women:label">If there are any additional unregistered women in this household, select the '+' to add them now.</span><input type="text" name="/FWNewHH/woman/add_women" data-type-xml="string" readonly="readonly"/></label>
    </section><!--end of repeat fieldset with name /FWNewHH/woman-->
    </section><!--end of group -->

    <fieldset id="or-preload-items" style="display:none;"><label class="calculation non-select "><input type="hidden" name="/FWNewHH/today" data-preload="date" data-preload-params="today" data-type-xml="date"/></label><label class="calculation non-select "><input type="hidden" name="/FWNewHH/start" data-preload="timestamp" data-preload-params="start" data-type-xml="dateTime"/></label><label class="calculation non-select "><input type="hidden" name="/FWNewHH/end" data-preload="timestamp" data-preload-params="end" data-type-xml="dateTime"/></label></fieldset><fieldset id="or-calculated-items" style="display:none;"><label class="calculation non-select "><input type="hidden" name="/FWNewHH/form_name" data-calculate="&quot;FWNewHH&quot;" data-type-xml="string"/></label><label class="calculation non-select "><input type="hidden" name="/FWNewHH/FWCOUNTRY" data-calculate=" /FWNewHH/existing_Country " data-type-xml="string"/></label><label class="calculation non-select "><input type="hidden" name="/FWNewHH/FWDIVISION" data-calculate=" /FWNewHH/existing_Division " data-type-xml="string"/></label><label class="calculation non-select "><input type="hidden" name="/FWNewHH/FWDISTRICT" data-calculate=" /FWNewHH/existing_District " data-type-xml="string"/></label><label class="calculation non-select "><input type="hidden" name="/FWNewHH/FWUPAZILLA" data-calculate=" /FWNewHH/existing_Upazilla " data-type-xml="string"/></label><label class="calculation non-select "><input type="hidden" name="/FWNewHH/FWUNION" data-calculate=" /FWNewHH/existing_Union " data-type-xml="string"/></label><label class="calculation non-select "><input type="hidden" name="/FWNewHH/FWWARD" data-calculate=" /FWNewHH/existing_Ward " data-type-xml="string"/></label><label class="calculation non-select "><input type="hidden" name="/FWNewHH/FWSUBUNIT" data-calculate=" /FWNewHH/existing_Subunit " data-type-xml="string"/></label><label class="calculation non-select "><input type="hidden" name="/FWNewHH/FWMAUZA_PARA" data-calculate=" /FWNewHH/existing_Mauzapara " data-type-xml="string"/></label><label class="calculation non-select "><input type="hidden" name="/FWNewHH/FWGOB_HHID" data-calculate=" /FWNewHH/FWGOBHHID " data-type-xml="string"/></label><label class="calculation non-select "><input type="hidden" name="/FWNewHH/FWHOHLNAME" data-calculate="&quot;.&quot;" data-type-xml="string"/></label><label class="calculation non-select "><input type="hidden" name="/FWNewHH/FWHOHBIRTHDATE" data-calculate="&quot;1900-01-01&quot;" data-type-xml="string"/></label><label class="calculation non-select "><input type="hidden" name="/FWNewHH/woman/GOBHHID" data-calculate=" /FWNewHH/FWGOBHHID " data-type-xml="string"/></label><label class="calculation non-select "><input type="hidden" name="/FWNewHH/woman/JiVitAHHID" data-calculate=" /FWNewHH/FWJIVHHID " data-type-xml="string"/></label><label class="calculation non-select "><input type="hidden" name="/FWNewHH/woman/REGDATE" data-calculate=" /FWNewHH/FWNHREGDATE " data-type-xml="string"/></label><label class="calculation non-select "><input type="hidden" name="/FWNewHH/woman/FWWOMLNAME" data-calculate="&quot;.&quot;" data-type-xml="string"/></label><label class="calculation non-select "><input type="hidden" name="/FWNewHH/woman/FWGENDER" data-calculate="&quot;2&quot;" data-type-xml="string"/></label><label class="calculation non-select "><input type="hidden" name="/FWNewHH/woman/FWWOMAGE" data-calculate="round((( /FWNewHH/today  -  /FWNewHH/woman/FWBIRTHDATE ) div 365.25),0)" data-type-xml="string"/></label><label class="calculation non-select "><input type="hidden" name="/FWNewHH/woman/FWELIGIBLE" data-calculate="if( /FWNewHH/woman/FWCWOMSTRMEN ='1' and  /FWNewHH/woman/FWCWOMSTER ='0' and  /FWNewHH/woman/FWCWOMHUSLIV ='1' and ( /FWNewHH/woman/FWCWOMHUSSTR ='0' or  /FWNewHH/woman/FWCWOMHUSSTR ='9'),1,0)" data-type-xml="string"/></label><label class="calculation non-select "><input type="hidden" name="/FWNewHH/woman/FWELIGIBLE2" data-calculate="if( /FWNewHH/woman/FWELIGIBLE  = '1', '1065AAAAAAAAAAAAAAAAAAAAAAAAAAAAAAAA', '1066AAAAAAAAAAAAAAAAAAAAAAAAAAAAAAAA')" data-type-xml="string"/></label><label class="calculation non-select "><input type="hidden" name="/FWNewHH/woman/eligible/FWWOMRETYPENID_CONCEPT" data-calculate=" /FWNewHH/woman/eligible/FWWOMRETYPENID " data-type-xml="string"/></label><label class="calculation non-select "><input type="hidden" name="/FWNewHH/woman/eligible/FWWOMRETYPEBID_CONCEPT" data-calculate=" /FWNewHH/woman/eligible/FWWOMRETYPEBID " data-type-xml="string"/></label><label class="calculation non-select "><input type="hidden" name="/FWNewHH/woman/eligible/FWWOMCOUNTRY" data-calculate=" /FWNewHH/existing_Country " data-type-xml="string"/></label><label class="calculation non-select "><input type="hidden" name="/FWNewHH/woman/eligible/FWWOMDIVISION" data-calculate=" /FWNewHH/existing_Division " data-type-xml="string"/></label><label class="calculation non-select "><input type="hidden" name="/FWNewHH/woman/eligible/FWWOMDISTRICT" data-calculate=" /FWNewHH/existing_District " data-type-xml="string"/></label><label class="calculation non-select "><input type="hidden" name="/FWNewHH/woman/eligible/FWWOMUPAZILLA" data-calculate=" /FWNewHH/existing_Upazilla " data-type-xml="string"/></label><label class="calculation non-select "><input type="hidden" name="/FWNewHH/woman/eligible/FWWOMUNION" data-calculate=" /FWNewHH/existing_Union " data-type-xml="string"/></label><label class="calculation non-select "><input type="hidden" name="/FWNewHH/woman/eligible/FWWOMWARD" data-calculate=" /FWNewHH/existing_Ward " data-type-xml="string"/></label><label class="calculation non-select "><input type="hidden" name="/FWNewHH/woman/eligible/FWWOMSUBUNIT" data-calculate=" /FWNewHH/existing_Subunit " data-type-xml="string"/></label><label class="calculation non-select "><input type="hidden" name="/FWNewHH/woman/eligible/FWWOMMAUZA_PARA" data-calculate=" /FWNewHH/existing_Mauzapara " data-type-xml="string"/></label><label class="calculation non-select "><input type="hidden" name="/FWNewHH/woman/eligible/FWWOMGOBHHID" data-calculate=" /FWNewHH/FWGOBHHID " data-type-xml="string"/></label><label class="calculation non-select "><input type="hidden" name="/FWNewHH/woman/eligible/FWWOMGPS" data-calculate=" /FWNewHH/FWNHHHGPS " data-type-xml="string"/></label><label class="calculation non-select "><input type="hidden" name="/FWNewHH/ELCO" data-calculate="if( /FWNewHH/FWNHHMWRA  = '1', sum( /FWNewHH/woman/FWELIGIBLE ), '0')" data-type-xml="string"/></label><label class="calculation non-select "><input type="hidden" name="/FWNewHH/user_type" data-calculate="&quot;FWA&quot;" data-type-xml="string"/></label><label class="calculation non-select "><input type="hidden" name="/FWNewHH/meta/instanceID" data-calculate="concat('uuid:', uuid())" data-type-xml="string"/></label><label class="calculation non-select "><input type="hidden" name="/FWNewHH/formhub/uuid" data-calculate="'13317f30d2e64234ac528f2236487a61'" data-type-xml="string"/></label></fieldset></form><xsltmessages><message level="0">XML to HTML transformation for form took 0.12 seconds</message></xsltmessages><jrvalidationmessages><message level="1">This validation is yet not functional.</message></jrvalidationmessages><xmlerrors/><xslformerrors/><xsldataerrors/></root>
