{
  "form_data_definition_version": "16",
  "form": {
    "default_bind_path": "/model/instance/FWNewHH",
    "bind_type": "household",
    "fields": [
      {
        "name": "id"
      },
      {
        "name": "existing_location",
        "bind": "/model/instance/FWNewHH/existing_location"
      },
      {
        "name": "existing_Country",
        "bind": "/model/instance/FWNewHH/existing_Country"
      },
      {
        "name": "existing_Division",
        "bind": "/model/instance/FWNewHH/existing_Division"
      },
      {
        "name": "existing_District",
        "bind": "/model/instance/FWNewHH/existing_District"
      },
      {
        "name": "existing_Upazilla",
        "bind": "/model/instance/FWNewHH/existing_Upazilla"
      },
      {
        "name": "existing_Union",
        "bind": "/model/instance/FWNewHH/existing_Union"
      },
      {
        "name": "existing_Ward",
        "bind": "/model/instance/FWNewHH/existing_Ward"
      },
      {
        "name": "existing_Subunit",
        "bind": "/model/instance/FWNewHH/existing_Subunit"
      },
      {
        "name": "existing_Mauzapara",
        "bind": "/model/instance/FWNewHH/existing_Mauzapara"
      },
      {
        "name": "form_name",
        "bind": "/model/instance/FWNewHH/form_name"
      },
      {
        "name": "today",
        "bind": "/model/instance/FWNewHH/today"
      },
      {
        "name": "start",
        "bind": "/model/instance/FWNewHH/start"
      },
      {
        "name": "end",
        "bind": "/model/instance/FWNewHH/end"
      },
      {
        "name": "FWNHREGDATE",
        "bind": "/model/instance/FWNewHH/FWNHREGDATE"
      },
      {
        "name": "FWGOBHHID",
        "bind": "/model/instance/FWNewHH/FWGOBHHID"
      },
      {
        "name": "FWJIVHHID",
        "bind": "/model/instance/FWNewHH/FWJIVHHID"
      },
      {
        "name": "FWCOUNTRY",
        "bind": "/model/instance/FWNewHH/FWCOUNTRY"
      },
      {
        "name": "FWDIVISION",
        "bind": "/model/instance/FWNewHH/FWDIVISION"
      },
      {
        "name": "FWDISTRICT",
        "bind": "/model/instance/FWNewHH/FWDISTRICT"
      },
      {
        "name": "FWUPAZILLA",
        "bind": "/model/instance/FWNewHH/FWUPAZILLA"
      },
      {
        "name": "FWUNION",
        "bind": "/model/instance/FWNewHH/FWUNION"
      },
      {
        "name": "FWWARD",
        "bind": "/model/instance/FWNewHH/FWWARD"
      },
      {
        "name": "FWSUBUNIT",
        "bind": "/model/instance/FWNewHH/FWSUBUNIT"
      },
      {
        "name": "FWMAUZA_PARA",
        "bind": "/model/instance/FWNewHH/FWMAUZA_PARA"
      },
      {
        "name": "FWNHHHGPS",
        "bind": "/model/instance/FWNewHH/FWNHHHGPS"
      },
      {
        "name": "FWHOHFNAME",
        "bind": "/model/instance/FWNewHH/FWHOHFNAME"
      },
      {
        "name": "FWHOHLNAME",
        "bind": "/model/instance/FWNewHH/FWHOHLNAME"
      },
      {
        "name": "FWHOHBIRTHDATE",
        "bind": "/model/instance/FWNewHH/FWHOHBIRTHDATE"
      },
      {
        "name": "FWHOHGENDER",
        "bind": "/model/instance/FWNewHH/FWHOHGENDER"
      },
      {
        "name": "FWNHHMBRNUM",
        "bind": "/model/instance/FWNewHH/FWNHHMBRNUM"
      },
      {
        "name": "FWNHHMWRA",
        "bind": "/model/instance/FWNewHH/FWNHHMWRA"
      },
      {
        "name": "ELCO",
        "bind": "/model/instance/FWNewHH/ELCO"
      },
      {
        "name": "current_formStatus",
        "bind": "/model/instance/FWNewHH/current_formStatus"
      },
      {
        "name": "user_type",
        "bind": "/model/instance/FWNewHH/user_type"
      },
      {
        "name": "external_user_ID",
        "bind": "/model/instance/FWNewHH/external_user_ID"
      }
    ],
    "sub_forms": [
      {
        "name": "elco_registration",
        "bind_type": "elco",
        "default_bind_path": "/model/instance/FWNewHH/woman",
        "fields": [
          {
            "name": "id"
          },
          {
            "name": "relationalid"
          },
          {
            "name": "WomanREGDATE",
            "bind": "/model/instance/FWNewHH/woman/REGDATE"
          },
          {
            "name": "GOBHHID",
            "bind": "/model/instance/FWNewHH/woman/GOBHHID"
          },
          {
            "name": "JiVitAHHID",
            "bind": "/model/instance/FWNewHH/woman/JiVitAHHID"
          },
          {
            "name": "FWWOMFNAME",
            "bind": "/model/instance/FWNewHH/woman/FWWOMFNAME"
          },
          {
            "name": "FWWOMLNAME",
            "bind": "/model/instance/FWNewHH/woman/FWWOMLNAME"
          },
          {
            "name": "FWBIRTHDATE",
            "bind": "/model/instance/FWNewHH/woman/FWBIRTHDATE"
          },
          {
            "name": "FWGENDER",
            "bind": "/model/instance/FWNewHH/woman/FWGENDER"
          },
          {
            "name": "FWWOMAGE",
            "bind": "/model/instance/FWNewHH/woman/FWWOMAGE"
          },
          {
            "name": "display_age",
            "bind": "/model/instance/FWNewHH/woman/display_age"
          },
          {
            "name": "FWCWOMSTRMEN",
            "bind": "/model/instance/FWNewHH/woman/FWCWOMSTRMEN"
          },
          {
            "name": "FWCWOMSTER",
            "bind": "/model/instance/FWNewHH/woman/FWCWOMSTER"
          },
          {
            "name": "FWCWOMHUSALV",
            "bind": "/model/instance/FWNewHH/woman/FWCWOMHUSALV"
          },
          {
            "name": "FWCWOMHUSLIV",
            "bind": "/model/instance/FWNewHH/woman/FWCWOMHUSLIV"
          },
          {
            "name": "FWCWOMHUSSTR",
            "bind": "/model/instance/FWNewHH/woman/FWCWOMHUSSTR"
          },
          {
            "name": "FWELIGIBLE",
            "bind": "/model/instance/FWNewHH/woman/FWELIGIBLE"
          },
          {
            "name": "FWELIGIBLE2",
            "bind": "/model/instance/FWNewHH/woman/FWELIGIBLE2"
          },
          {
            "name": "FWWOMANYID",
            "bind": "/model/instance/FWNewHH/woman/eligible/FWWOMANYID"
          },
          {
            "name": "FWWOMNID",
            "bind": "/model/instance/FWNewHH/woman/eligible/FWWOMNID"
          },
          {
            "name": "FWWOMRETYPENID",
            "bind": "/model/instance/FWNewHH/woman/eligible/FWWOMRETYPENID"
          },
          {
            "name": "FWWOMRETYPENID_CONCEPT",
            "bind": "/model/instance/FWNewHH/woman/eligible/FWWOMRETYPENID_CONCEPT"
          },
          {
            "name": "FWWOMBID",
            "bind": "/model/instance/FWNewHH/woman/eligible/FWWOMBID"
          },
          {
            "name": "FWWOMRETYPEBID",
            "bind": "/model/instance/FWNewHH/woman/eligible/FWWOMRETYPEBID"
          },
          {
            "name": "FWWOMRETYPEBID_CONCEPT",
            "bind": "/model/instance/FWNewHH/woman/eligible/FWWOMRETYPEBID_CONCEPT"
          },
          {
            "name": "FWHUSNAME",
            "bind": "/model/instance/FWNewHH/woman/eligible/FWHUSNAME"
          },
          {
            "name": "FWWOMCOUNTRY",
            "bind": "/model/instance/FWNewHH/woman/eligible/FWWOMCOUNTRY"
          },
          {
            "name": "FWWOMDIVISION",
            "bind": "/model/instance/FWNewHH/woman/eligible/FWWOMDIVISION"
          },
          {
            "name": "FWWOMDISTRICT",
            "bind": "/model/instance/FWNewHH/woman/eligible/FWWOMDISTRICT"
          },
          {
            "name": "FWWOMUPAZILLA",
            "bind": "/model/instance/FWNewHH/woman/eligible/FWWOMUPAZILLA"
          },
          {
            "name": "FWWOMUNION",
            "bind": "/model/instance/FWNewHH/woman/eligible/FWWOMUNION"
          },
          {
            "name": "FWWOMWARD",
            "bind": "/model/instance/FWNewHH/woman/eligible/FWWOMWARD"
          },
          {
            "name": "FWWOMSUBUNIT",
            "bind": "/model/instance/FWNewHH/woman/eligible/FWWOMSUBUNIT"
          },
          {
            "name": "FWWOMMAUZA_PARA",
            "bind": "/model/instance/FWNewHH/woman/eligible/FWWOMMAUZA_PARA"
          },
          {
            "name": "FWWOMGOBHHID",
            "bind": "/model/instance/FWNewHH/woman/eligible/FWWOMGOBHHID"
          },
          {
            "name": "FWWOMGPS",
            "bind": "/model/instance/FWNewHH/woman/eligible/FWWOMGPS"
          }
        ]
      }
    ]
  }
}